t[s](1)              t[min](2)            T[K](3)              rho[kg/m3](4)        MW[kg/kmol](5)       m[kg](6)             mev[kg/s](7)         Q_out[kW/kg0](8)     T_ext[K](9)          m_P-HDPE-P_S[kg](10)    m_P-HDPE-P[kg](11)    m_P-NC40H79-P[kg](12)    m_P-NC40H81[kg](13)    m_P-NC40H79[kg](14)    m_P-NC40H80[kg](15)    m_P-NC40H80_T[kg](16)    m_P-NC40H78[kg](17)    m_P-NC40H78_A[kg](18)    m_NC16H34[kg](19)    m_NC30H62[kg](20)    m_NC45H92[kg](21)    m_NC60H122[kg](22)    m_NC16H32[kg](23)    m_NC30H60[kg](24)    m_NC45H90[kg](25)    m_NC60H120[kg](26)    m_NC16H30[kg](27)    m_NC30H58[kg](28)    m_NC45H88[kg](29)    m_NC60H118[kg](30)    m_NC16H33[kg](31)    m_NC30H61[kg](32)    m_NC45H91[kg](33)    m_NC60H121[kg](34)    m_NC16H33_T[kg](35)    m_NC30H61_T[kg](36)    m_NC45H91_T[kg](37)    m_NC60H121_T[kg](38)    m_NC16H31[kg](39)    m_NC30H59[kg](40)    m_NC45H89[kg](41)    m_NC60H119[kg](42)    m_NC16H31_T[kg](43)    m_NC30H59_T[kg](44)    m_NC45H89_T[kg](45)    m_NC60H119_T[kg](46)    m_NC16H31_A[kg](47)    m_NC30H59_A[kg](48)    m_NC45H89_A[kg](49)    m_NC60H119_A[kg](50)    m_NC16H29[kg](51)    m_NC30H57[kg](52)    m_NC45H87[kg](53)    m_NC60H117[kg](54)    m_NC16H29_A[kg](55)    m_NC30H57_A[kg](56)    m_NC45H87_A[kg](57)    m_NC60H117_A[kg](58)    dmev_P-HDPE-P_S[kg/s](59)    dmev_P-HDPE-P[kg/s](60)    dmev_P-NC40H79-P[kg/s](61)    dmev_P-NC40H81[kg/s](62)    dmev_P-NC40H79[kg/s](63)    dmev_P-NC40H80[kg/s](64)    dmev_P-NC40H80_T[kg/s](65)    dmev_P-NC40H78[kg/s](66)    dmev_P-NC40H78_A[kg/s](67)    dmev_NC16H34[kg/s](68)    dmev_NC30H62[kg/s](69)    dmev_NC45H92[kg/s](70)    dmev_NC60H122[kg/s](71)    dmev_NC16H32[kg/s](72)    dmev_NC30H60[kg/s](73)    dmev_NC45H90[kg/s](74)    dmev_NC60H120[kg/s](75)    dmev_NC16H30[kg/s](76)    dmev_NC30H58[kg/s](77)    dmev_NC45H88[kg/s](78)    dmev_NC60H118[kg/s](79)    dmev_NC16H33[kg/s](80)    dmev_NC30H61[kg/s](81)    dmev_NC45H91[kg/s](82)    dmev_NC60H121[kg/s](83)    dmev_NC16H33_T[kg/s](84)    dmev_NC30H61_T[kg/s](85)    dmev_NC45H91_T[kg/s](86)    dmev_NC60H121_T[kg/s](87)    dmev_NC16H31[kg/s](88)    dmev_NC30H59[kg/s](89)    dmev_NC45H89[kg/s](90)    dmev_NC60H119[kg/s](91)    dmev_NC16H31_T[kg/s](92)    dmev_NC30H59_T[kg/s](93)    dmev_NC45H89_T[kg/s](94)    dmev_NC60H119_T[kg/s](95)    dmev_NC16H31_A[kg/s](96)    dmev_NC30H59_A[kg/s](97)    dmev_NC45H89_A[kg/s](98)    dmev_NC60H119_A[kg/s](99)    dmev_NC16H29[kg/s](100)    dmev_NC30H57[kg/s](101)    dmev_NC45H87[kg/s](102)    dmev_NC60H117[kg/s](103)    dmev_NC16H29_A[kg/s](104)    dmev_NC30H57_A[kg/s](105)    dmev_NC45H87_A[kg/s](106)    dmev_NC60H117_A[kg/s](107)    x_P-HDPE-P_S[-](108)    x_P-HDPE-P[-](109)    x_P-NC40H79-P[-](110)    x_P-NC40H81[-](111)    x_P-NC40H79[-](112)    x_P-NC40H80[-](113)    x_P-NC40H80_T[-](114)    x_P-NC40H78[-](115)    x_P-NC40H78_A[-](116)    x_NC16H34[-](117)    x_NC30H62[-](118)    x_NC45H92[-](119)    x_NC60H122[-](120)    x_NC16H32[-](121)    x_NC30H60[-](122)    x_NC45H90[-](123)    x_NC60H120[-](124)    x_NC16H30[-](125)    x_NC30H58[-](126)    x_NC45H88[-](127)    x_NC60H118[-](128)    x_NC16H33[-](129)    x_NC30H61[-](130)    x_NC45H91[-](131)    x_NC60H121[-](132)    x_NC16H33_T[-](133)    x_NC30H61_T[-](134)    x_NC45H91_T[-](135)    x_NC60H121_T[-](136)    x_NC16H31[-](137)    x_NC30H59[-](138)    x_NC45H89[-](139)    x_NC60H119[-](140)    x_NC16H31_T[-](141)    x_NC30H59_T[-](142)    x_NC45H89_T[-](143)    x_NC60H119_T[-](144)    x_NC16H31_A[-](145)    x_NC30H59_A[-](146)    x_NC45H89_A[-](147)    x_NC60H119_A[-](148)    x_NC16H29[-](149)    x_NC30H57[-](150)    x_NC45H87[-](151)    x_NC60H117[-](152)    x_NC16H29_A[-](153)    x_NC30H57_A[-](154)    x_NC45H87_A[-](155)    x_NC60H117_A[-](156)    
1.002604927142e-12   1.671008211904e-14   5.100000000000e+02   7.600000000000e+02   5.610799884796e+02   1.000000000000e+00   1.274031723229e-12   -2.820119473060e+07  5.100000000000e+02   7.999999998885e-01      2.000000001115e-01    1.000000570356e-16       1.000000039398e-16     1.000000011413e-16     9.999999892101e-17     9.999999709852e-17       9.999999891034e-17     9.999999999958e-17       1.000000039504e-16   1.000000039422e-16   1.000000039391e-16   1.000000039375e-16    1.000000040525e-16   1.000000041961e-16   1.000000041961e-16   1.000000041394e-16    1.000000011684e-16   1.000000013196e-16   1.000000013220e-16   1.000000012668e-16    9.999999891451e-17   9.999999890332e-17   9.999999889134e-17   9.999999887935e-17    9.999999675820e-17     9.999999687372e-17     9.999999688523e-17     9.999999678840e-17      9.999999892010e-17   9.999999890891e-17   9.999999889693e-17   9.999999888495e-17    9.999999675762e-17     9.999999687286e-17     9.999999688441e-17     9.999999678779e-17      9.999999999958e-17     9.999999999958e-17     9.999999999958e-17     9.999999999958e-17      9.999999892569e-17   9.999999891451e-17   9.999999890252e-17   9.999999889054e-17    9.999999999958e-17     9.999999999958e-17     9.999999999958e-17     9.999999999958e-17      6.627303239208e-23           1.656825810957e-23         0.000000000000e+00            0.000000000000e+00          0.000000000000e+00          0.000000000000e+00          0.000000000000e+00            0.000000000000e+00          0.000000000000e+00            0.000000000000e+00        0.000000000000e+00        0.000000000000e+00        0.000000000000e+00         0.000000000000e+00        0.000000000000e+00        0.000000000000e+00        0.000000000000e+00         0.000000000000e+00        0.000000000000e+00        0.000000000000e+00        0.000000000000e+00         0.000000000000e+00        0.000000000000e+00        0.000000000000e+00        0.000000000000e+00         0.000000000000e+00          0.000000000000e+00          0.000000000000e+00          0.000000000000e+00           0.000000000000e+00        0.000000000000e+00        0.000000000000e+00        0.000000000000e+00         0.000000000000e+00          0.000000000000e+00          0.000000000000e+00          0.000000000000e+00           0.000000000000e+00          0.000000000000e+00          0.000000000000e+00          0.000000000000e+00           0.000000000000e+00         0.000000000000e+00         0.000000000000e+00         0.000000000000e+00          0.000000000000e+00           0.000000000000e+00           0.000000000000e+00           0.000000000000e+00            7.999999998885e-01      2.000000001115e-01    1.001800340049e-16       9.982067257597e-17     1.001799780100e-16     9.999999892101e-17     9.999999709852e-17       1.003606016414e-16     1.003606027345e-16       2.477743331722e-16   1.326976160456e-16   8.860589927465e-17   6.650735886607e-17    2.500000101312e-16   1.333333389281e-16   8.888889261878e-17   6.666666942630e-17    2.522660270582e-16   1.339751781313e-16   8.917369663383e-17   6.682674298322e-17    2.488821832051e-16   1.330147110360e-16   8.874716575429e-17   6.658691542267e-17    2.488821778385e-16     1.330147083363e-16     8.874716397393e-17     6.658691403036e-17      2.511278976446e-16   1.336534828151e-16   8.903106341944e-17   6.674660768206e-17    2.511278922141e-16     1.336534800938e-16     8.903106162768e-17     6.674660628228e-17      2.511279003555e-16     1.336534842728e-16     8.903106440114e-17     6.674660842604e-17      2.534145081717e-16   1.342984193004e-16   8.931678326196e-17   6.690706774765e-17    2.534145108931e-16     1.342984207576e-16     8.931678424182e-17     6.690706848968e-17      
1.293623971023e-02   2.156039951705e-04   5.100021560400e+02   7.600000000000e+02   5.610799884796e+02   1.000000000000e+00   6.442176945236e-14   -4.668629616915e+06  5.100021560400e+02   1.324149589638e-01      8.675850410362e-01    4.923444962879e-15       2.814832879504e-15     1.902732858058e-15     0.000000000000e+00     2.823070736132e-17       0.000000000000e+00     8.437358421139e-17       2.882830395918e-16   2.913729202877e-16   2.900232897910e-16   2.854819338110e-16    3.087496023030e-16   3.169464230938e-16   3.152719519937e-16   3.080288172148e-16    2.187534145905e-16   2.233653156725e-16   2.218955861892e-16   2.181573551603e-16    0.000000000000e+00   0.000000000000e+00   0.000000000000e+00   0.000000000000e+00    0.000000000000e+00     2.266709260821e-25     2.258645095958e-25     2.246019600635e-25      0.000000000000e+00   0.000000000000e+00   0.000000000000e+00   0.000000000000e+00    2.226474800526e-25     2.264341517647e-25     2.256451918384e-25     2.244640962362e-25      8.437358386263e-17     8.437358420781e-17     8.437358421202e-17     8.437358421412e-17      0.000000000000e+00   0.000000000000e+00   0.000000000000e+00   0.000000000000e+00    8.437358386208e-17     8.437358420768e-17     8.437358421193e-17     8.437358421404e-17      1.096392635727e-23           7.180617956926e-23         0.000000000000e+00            0.000000000000e+00          0.000000000000e+00          0.000000000000e+00          0.000000000000e+00            0.000000000000e+00          0.000000000000e+00            0.000000000000e+00        0.000000000000e+00        0.000000000000e+00        0.000000000000e+00         0.000000000000e+00        0.000000000000e+00        0.000000000000e+00        0.000000000000e+00         0.000000000000e+00        0.000000000000e+00        0.000000000000e+00        0.000000000000e+00         0.000000000000e+00        0.000000000000e+00        0.000000000000e+00        0.000000000000e+00         0.000000000000e+00          0.000000000000e+00          0.000000000000e+00          0.000000000000e+00           0.000000000000e+00        0.000000000000e+00        0.000000000000e+00        0.000000000000e+00         0.000000000000e+00          0.000000000000e+00          0.000000000000e+00          0.000000000000e+00           0.000000000000e+00          0.000000000000e+00          0.000000000000e+00          0.000000000000e+00           0.000000000000e+00         0.000000000000e+00         0.000000000000e+00         0.000000000000e+00          0.000000000000e+00           0.000000000000e+00           0.000000000000e+00           0.000000000000e+00            1.324149589638e-01      8.675850410362e-01    4.932306024858e-15       2.809785001510e-15     1.906157337038e-15     0.000000000000e+00     2.823070736132e-17       0.000000000000e+00     8.467783766362e-17       7.142913507800e-16   3.866449037819e-16   2.569777339027e-16   1.898664867415e-16    7.718740057574e-16   4.225952307918e-16   2.802417351055e-16   2.053525448099e-16    5.518405415940e-16   2.992540756067e-16   1.978724942564e-16   1.457874531852e-16    0.000000000000e+00   0.000000000000e+00   0.000000000000e+00   0.000000000000e+00    0.000000000000e+00     3.015056806372e-25     2.004483529334e-25     1.495555188611e-25      0.000000000000e+00   0.000000000000e+00   0.000000000000e+00   0.000000000000e+00    5.591299418528e-25     3.026371334184e-25     2.008943160645e-25     1.498221713724e-25      2.118856096098e-16     1.127682351001e-16     7.511870009767e-17     5.631650587064e-17      0.000000000000e+00   0.000000000000e+00   0.000000000000e+00   0.000000000000e+00    2.138149048680e-16     1.133123911280e-16     7.535977216797e-17     5.645189177752e-17      
3.429398995475e-02   5.715664992458e-04   5.100057156650e+02   7.600000000000e+02   5.610799884796e+02   1.000000000000e+00   2.808835757871e-16   -2.396242918476e+05  5.100057156650e+02   6.791857166466e-03      9.932081428335e-01    4.484829856209e-14       4.477099370987e-14     2.753330973394e-14     2.193214301049e-26     0.000000000000e+00       1.452420039795e-26     5.503465258770e-17       2.903645371820e-16   2.926750887727e-16   2.913825466590e-16   2.865487423332e-16    3.585138979234e-16   3.462413322375e-16   3.445650531591e-16   3.370185262064e-16    2.467698407773e-16   2.513220608963e-16   2.498297937126e-16   2.460803340659e-16    0.000000000000e+00   8.781986150893e-28   1.014585155938e-27   1.145986023696e-27    1.401798172876e-20     0.000000000000e+00     0.000000000000e+00     0.000000000000e+00      0.000000000000e+00   8.637685139132e-28   1.011299502229e-27   1.151762948959e-27    0.000000000000e+00     0.000000000000e+00     0.000000000000e+00     0.000000000000e+00      5.503465106433e-17     5.503465251257e-17     5.503465251866e-17     5.503465252167e-17      0.000000000000e+00   7.963047466460e-28   9.183543051451e-28   1.043309981060e-27    5.503465106310e-17     5.503465251198e-17     5.503465251812e-17     5.503465252116e-17      5.623876599581e-25           8.200805393916e-23         0.000000000000e+00            0.000000000000e+00          0.000000000000e+00          0.000000000000e+00          0.000000000000e+00            0.000000000000e+00          0.000000000000e+00            0.000000000000e+00        0.000000000000e+00        0.000000000000e+00        0.000000000000e+00         0.000000000000e+00        0.000000000000e+00        0.000000000000e+00        0.000000000000e+00         0.000000000000e+00        0.000000000000e+00        0.000000000000e+00        0.000000000000e+00         0.000000000000e+00        0.000000000000e+00        0.000000000000e+00        0.000000000000e+00         0.000000000000e+00          0.000000000000e+00          0.000000000000e+00          0.000000000000e+00           0.000000000000e+00        0.000000000000e+00        0.000000000000e+00        0.000000000000e+00         0.000000000000e+00          0.000000000000e+00          0.000000000000e+00          0.000000000000e+00           0.000000000000e+00          0.000000000000e+00          0.000000000000e+00          0.000000000000e+00           0.000000000000e+00         0.000000000000e+00         0.000000000000e+00         0.000000000000e+00          0.000000000000e+00           0.000000000000e+00           0.000000000000e+00           0.000000000000e+00            6.791857166465e-03      9.932081428334e-01    4.492901512462e-14       4.469070527940e-14     2.758286332210e-14     2.193214301049e-26     0.000000000000e+00       1.457657506182e-26     5.523310905010e-17       7.194487673503e-16   3.883728502502e-16   2.581821156267e-16   1.905759928858e-16    8.962847448085e-16   4.616551096500e-16   3.062800472525e-16   2.246790174709e-16    6.225164660334e-16   3.367091743257e-16   2.227824594011e-16   1.644474702953e-16    0.000000000000e+00   1.168133362993e-27   9.004155800417e-28   7.630767529053e-28    3.488825934655e-20     0.000000000000e+00     0.000000000000e+00     0.000000000000e+00      0.000000000000e+00   1.154456714901e-27   9.003707111215e-28   7.687627055409e-28    0.000000000000e+00     0.000000000000e+00     0.000000000000e+00     0.000000000000e+00      1.382073636864e-16     7.355573064080e-17     4.899793692704e-17     3.673376401742e-17      0.000000000000e+00   1.069424699168e-27   8.202445333054e-28   6.980481235907e-28    1.394657918139e-16     7.391066919333e-17     4.915518184805e-17     3.682207265555e-17      
5.565174019927e-02   9.275290033212e-04   5.100092752900e+02   7.600000000000e+02   5.610799884796e+02   1.000000000000e+00   7.518488523318e-12   -1.238564672874e+04  5.100092752900e+02   3.481058107032e-04      9.996518941886e-01    3.559175434754e-13       3.942152824319e-13     2.566613693880e-13     0.000000000000e+00     2.467435509179e-15       0.000000000000e+00     3.525831767249e-17       3.124830174093e-16   2.935528867941e-16   2.922988303769e-16   2.872678877187e-16    5.542271579639e-16   3.662642685517e-16   3.643104877080e-16   3.565594454946e-16    2.656546653167e-16   2.701666532732e-16   2.686591945992e-16   2.649021667091e-16    1.440728748335e-25   8.925058877741e-26   8.941025264834e-26   8.952981033420e-26    0.000000000000e+00     9.731123695514e-26     1.258462889130e-25     1.652319335917e-25      1.450751054337e-25   8.980056351011e-26   9.011962139230e-26   9.037486454745e-26    8.255386040510e-26     7.845536623873e-26     9.657264058737e-26     1.211326714594e-25      3.525830303005e-17     3.525831049547e-17     3.525831050069e-17     3.525831050296e-17      1.447147746515e-25   8.960213653719e-26   8.970541290866e-26   8.978016873609e-26    3.525830301914e-17     3.525831049067e-17     3.525831049594e-17     3.525831049841e-17      2.882854860673e-26           8.233513448807e-23         1.585686225686e-49            3.573482277508e-49          1.581407754840e-50          0.000000000000e+00          0.000000000000e+00            0.000000000000e+00          0.000000000000e+00            0.000000000000e+00        0.000000000000e+00        0.000000000000e+00        0.000000000000e+00         0.000000000000e+00        0.000000000000e+00        0.000000000000e+00        0.000000000000e+00         0.000000000000e+00        0.000000000000e+00        0.000000000000e+00        0.000000000000e+00         0.000000000000e+00        0.000000000000e+00        0.000000000000e+00        0.000000000000e+00         0.000000000000e+00          0.000000000000e+00          0.000000000000e+00          0.000000000000e+00           0.000000000000e+00        0.000000000000e+00        0.000000000000e+00        0.000000000000e+00         0.000000000000e+00          0.000000000000e+00          0.000000000000e+00          0.000000000000e+00           0.000000000000e+00          0.000000000000e+00          0.000000000000e+00          0.000000000000e+00           0.000000000000e+00         0.000000000000e+00         0.000000000000e+00         0.000000000000e+00          0.000000000000e+00           0.000000000000e+00           0.000000000000e+00           0.000000000000e+00            3.481058107031e-04      9.996518941883e-01    3.565581127181e-13       3.935083308171e-13     2.571233004786e-13     0.000000000000e+00     2.467435509178e-15       0.000000000000e+00     3.538546013030e-17       7.742526820763e-16   3.895376672523e-16   2.589939970228e-16   1.910542774693e-16    1.385567894909e-15   4.883523580687e-16   3.238315446292e-16   2.377062969963e-16    6.701564620589e-16   3.619562501974e-16   2.395733320037e-16   1.770254878611e-16    3.585717201842e-25   1.187164140621e-25   7.934906599884e-26   5.961513975336e-26    0.000000000000e+00     1.294382620609e-25     1.116850158554e-25     1.100228491049e-25      3.643240662156e-25   1.200215820284e-25   8.023445816015e-26   6.032215695528e-26    2.073157762986e-25     1.048583305775e-25     8.597964983556e-26     8.085194989530e-26      8.854343610069e-17     4.712396047311e-17     3.139084912874e-17     2.353372644914e-17      3.667282383747e-25   1.203342543350e-25   8.012199010117e-26   6.006927898664e-26    8.934965614552e-17     4.735135417496e-17     3.149158911309e-17     2.359030195357e-17      
7.990438989678e-02   1.331739831613e-03   5.100133173983e+02   7.600000000000e+02   5.610799884796e+02   1.000000000002e+00   8.462537418227e-16   -5.269882091826e+02  5.100133173983e+02   1.191644940174e-05      9.999880835453e-01    2.338981044436e-12       2.932433145827e-12     2.195810150975e-12     0.000000000000e+00     0.000000000000e+00       0.000000000000e+00     2.124200475574e-17       3.794413804165e-16   2.941752121135e-16   2.929484969302e-16   2.877779676090e-16    1.849894440469e-15   3.824299007869e-16   3.783056071386e-16   3.704097064727e-16    2.790395696457e-16   2.835230696331e-16   2.820048662219e-16   2.782425043441e-16    0.000000000000e+00   0.000000000000e+00   0.000000000000e+00   0.000000000000e+00    3.622586008219e-20     2.300435664391e-25     3.579642025683e-25     5.382880070560e-25      0.000000000000e+00   0.000000000000e+00   0.000000000000e+00   0.000000000000e+00    5.526730461412e-26     1.681771161829e-25     2.620110142850e-25     3.941999992020e-25      2.124140582268e-17     2.124144746125e-17     2.124144746376e-17     2.124144746226e-17      0.000000000000e+00   0.000000000000e+00   0.000000000000e+00   0.000000000000e+00    2.124140537705e-17     2.124144741824e-17     2.124144742148e-17     2.124144742177e-17      9.870381285156e-28           8.213003119871e-23         1.995118210958e-34            2.359314503595e-34          1.838507705090e-34          0.000000000000e+00          0.000000000000e+00            0.000000000000e+00          0.000000000000e+00            0.000000000000e+00        0.000000000000e+00        0.000000000000e+00        0.000000000000e+00         0.000000000000e+00        0.000000000000e+00        0.000000000000e+00        0.000000000000e+00         0.000000000000e+00        0.000000000000e+00        0.000000000000e+00        0.000000000000e+00         0.000000000000e+00        0.000000000000e+00        0.000000000000e+00        0.000000000000e+00         0.000000000000e+00          0.000000000000e+00          0.000000000000e+00          0.000000000000e+00           0.000000000000e+00        0.000000000000e+00        0.000000000000e+00        0.000000000000e+00         0.000000000000e+00          0.000000000000e+00          0.000000000000e+00          0.000000000000e+00           0.000000000000e+00          0.000000000000e+00          0.000000000000e+00          0.000000000000e+00           0.000000000000e+00         0.000000000000e+00         0.000000000000e+00         0.000000000000e+00          0.000000000000e+00           0.000000000000e+00           0.000000000000e+00           0.000000000000e+00            1.191644940171e-05      9.999880835431e-01    2.343190669228e-12       2.927174373673e-12     2.199762101279e-12     0.000000000000e+00     0.000000000000e+00       0.000000000000e+00     2.131860400580e-17       9.401583129647e-16   3.903634780820e-16   2.595696398914e-16   1.913935181187e-16    4.624736101163e-15   5.099065343814e-16   3.362716507892e-16   2.469398043146e-16    7.039220280394e-16   3.798505325708e-16   2.514741605725e-16   1.859404008923e-16    0.000000000000e+00   0.000000000000e+00   0.000000000000e+00   0.000000000000e+00    9.015971243586e-20     3.059917885109e-25     3.176830877157e-25     3.584293840047e-25      0.000000000000e+00   0.000000000000e+00   0.000000000000e+00   0.000000000000e+00    1.387916216608e-25     2.247745755285e-25     2.332711948666e-25     2.631151298833e-25      5.334309644861e-17     2.838993464200e-17     1.891148677123e-17     1.417794576169e-17      0.000000000000e+00   0.000000000000e+00   0.000000000000e+00   0.000000000000e+00    5.382880354319e-17     2.852692842881e-17     1.897217776332e-17     1.421202977471e-17      
1.255253241033e-01   2.092088735055e-03   5.100209208874e+02   7.600000000000e+02   5.610799884796e+02   1.000000000002e+00   8.951364409806e-12   -1.072642430504e+02  5.100209208874e+02   2.080507419382e-08      9.999999791811e-01    2.297837909855e-12       6.781254663584e-12     6.716263847129e-12     6.914064754065e-23     2.934618158516e-15       6.536743387644e-23     8.191071952274e-18       3.912245226985e-16   2.947548753615e-16   2.935536225100e-16   2.882530009179e-16    2.455182331417e-15   3.964614691805e-16   3.913410585273e-16   3.833102760175e-16    2.915064627221e-16   2.959635268361e-16   2.944353480888e-16   2.906680681730e-16    1.592675307665e-27   2.302677479625e-27   3.445959976082e-27   4.492303830974e-27    8.544489441530e-21     9.593918909883e-26     1.495107894277e-25     2.239168035951e-25      1.001591614132e-26   3.111605918611e-27   4.615122995277e-27   6.001049444767e-27    2.970226400291e-26     9.059434538778e-26     1.414057013763e-25     2.119457766579e-25      8.185681823979e-18     8.185745714344e-18     8.185745710855e-18     8.185745702078e-18      1.198547794960e-27   2.334257160457e-27   3.489083305502e-27   4.572416298116e-27    8.185679626396e-18     8.185745591707e-18     8.185745591803e-18     8.185745588146e-18      1.723848023303e-30           8.169477304284e-23         1.957827734594e-34            5.457712903352e-34          5.737272300277e-34          0.000000000000e+00          0.000000000000e+00            0.000000000000e+00          0.000000000000e+00            0.000000000000e+00        0.000000000000e+00        0.000000000000e+00        0.000000000000e+00         0.000000000000e+00        0.000000000000e+00        0.000000000000e+00        0.000000000000e+00         0.000000000000e+00        0.000000000000e+00        0.000000000000e+00        0.000000000000e+00         0.000000000000e+00        0.000000000000e+00        0.000000000000e+00        0.000000000000e+00         0.000000000000e+00          0.000000000000e+00          0.000000000000e+00          0.000000000000e+00           0.000000000000e+00        0.000000000000e+00        0.000000000000e+00        0.000000000000e+00         0.000000000000e+00          0.000000000000e+00          0.000000000000e+00          0.000000000000e+00           0.000000000000e+00          0.000000000000e+00          0.000000000000e+00          0.000000000000e+00           0.000000000000e+00         0.000000000000e+00         0.000000000000e+00         0.000000000000e+00          0.000000000000e+00           0.000000000000e+00           0.000000000000e+00           0.000000000000e+00            2.080507419377e-08      9.999999791791e-01    2.301973486522e-12       6.769093747573e-12     6.728351568348e-12     6.914064754051e-23     2.934618158510e-15       6.560315063063e-23     8.220609181738e-18       9.693539140274e-16   3.911326773628e-16   2.601058168321e-16   1.917094502138e-16    6.137955828530e-15   5.286152922396e-16   3.478587186902e-16   2.555401840111e-16    7.353717635335e-16   3.965176570489e-16   2.625588806160e-16   1.942440003913e-16    3.963885120107e-27   3.062899829197e-27   3.058191845699e-27   2.991286585976e-27    2.126571209661e-20     1.276132365493e-25     1.326865895847e-25     1.490992942976e-25      2.515275990712e-26   4.158769727072e-27   4.108893126126e-27   4.005496974360e-27    7.459067194873e-26     1.210824991652e-25     1.258950010595e-25     1.414666176217e-25      2.055653089439e-17     1.094053436096e-17     7.287856535561e-18     5.463707630529e-18      3.037294032424e-27   3.134870502922e-27   3.116337007999e-27   3.059269704220e-27    2.074369998856e-17     1.099332705692e-17     7.311244728831e-18     5.476842407064e-18      
4.621758359628e+01   7.702930599380e-01   5.177029305994e+02   7.600000000000e+02   5.610799884781e+02   9.999999998973e-01   2.783882304226e-12   -1.072141592180e+02  5.177029305994e+02   0.000000000000e+00      9.999999894365e-01    2.264069881260e-12       4.826820302485e-09     5.630940679964e-09     1.002218275554e-20     7.331669125302e-16       1.109510101858e-20     8.151080888416e-18       1.571090539127e-14   3.534584769550e-16   3.848033206032e-16   4.244248264579e-16    7.812218453398e-13   1.931650255783e-15   6.062804096913e-16   7.035357219504e-16    3.234564626066e-16   3.791602365612e-16   4.197689613514e-16   4.775119137175e-16    1.305015764608e-26   5.616635118936e-28   9.161728492726e-28   1.337792661660e-27    2.469853765644e-21     1.764821288538e-23     2.751168951449e-23     4.113771382921e-23      6.530376738030e-25   3.088831893621e-27   1.452456453868e-27   2.231157292838e-27    6.396559001965e-24     1.951426038588e-23     3.046927753291e-23     4.559653249999e-23      1.127121660465e-21     1.969411378663e-24     0.000000000000e+00     1.068027583253e-25      2.721104844082e-28   6.101418616276e-28   1.011932201182e-27   1.523720279507e-27    0.000000000000e+00     0.000000000000e+00     0.000000000000e+00     0.000000000000e+00      0.000000000000e+00           0.000000000000e+00         2.664063148216e-34            5.384559356823e-31          6.659453036107e-31          0.000000000000e+00          0.000000000000e+00            0.000000000000e+00          0.000000000000e+00            0.000000000000e+00        0.000000000000e+00        0.000000000000e+00        0.000000000000e+00         1.944974874666e-32        0.000000000000e+00        0.000000000000e+00        0.000000000000e+00         0.000000000000e+00        0.000000000000e+00        0.000000000000e+00        0.000000000000e+00         0.000000000000e+00        0.000000000000e+00        0.000000000000e+00        0.000000000000e+00         0.000000000000e+00          0.000000000000e+00          0.000000000000e+00          0.000000000000e+00           0.000000000000e+00        0.000000000000e+00        0.000000000000e+00        0.000000000000e+00         0.000000000000e+00          0.000000000000e+00          0.000000000000e+00          0.000000000000e+00           0.000000000000e+00          0.000000000000e+00          0.000000000000e+00          0.000000000000e+00           0.000000000000e+00         0.000000000000e+00         0.000000000000e+00         0.000000000000e+00          0.000000000000e+00           0.000000000000e+00           0.000000000000e+00           0.000000000000e+00            0.000000000000e+00      9.999999895365e-01    2.268144683519e-12       4.818164300628e-09     5.641075071130e-09     1.002218275654e-20     7.331669126035e-16       1.113511025742e-20     8.180473909845e-18       3.892758953466e-14   4.690309541871e-16   3.409584292627e-16   2.822737313628e-16    1.953054613545e-12   2.575533674635e-15   5.389159197795e-16   4.690238146805e-16    8.159707580287e-16   5.079805956832e-16   3.743234952475e-16   3.191056552839e-16    3.247951761708e-26   7.470951056076e-28   8.130774462353e-28   8.907948782219e-28    6.147026041250e-21     2.347471963229e-23     2.441584496836e-23     2.739233502398e-23      1.639959798923e-24   4.128331449584e-27   1.293137440977e-27   1.489221821775e-27    1.606354431831e-23     2.608148893851e-23     2.712712210572e-23     3.043413900679e-23      2.830516960673e-21     2.632186927523e-24     0.000000000000e+00     7.128721889500e-26      6.895674532237e-28   8.194108846322e-28   9.038253008978e-28   1.019476571107e-27    0.000000000000e+00     0.000000000000e+00     0.000000000000e+00     0.000000000000e+00      
3.299096991039e+02   5.498494985066e+00   5.649849498507e+02   7.600000000000e+02   5.610799883975e+02   9.999999948456e-01   8.178083195834e-11   -1.118843031849e+02  5.649849498507e+02   0.000000000000e+00      9.999995551553e-01    5.617108829267e-12       2.002934443994e-07     2.393389398336e-07     9.106610816866e-19     6.315471369363e-15       9.892938891736e-19     3.439158222136e-16       1.200859637144e-12   9.182642509342e-14   1.429627089935e-13   2.120157388773e-13    4.880384411678e-11   3.420358248201e-13   3.271419253844e-13   4.909069175802e-13    3.844478124676e-14   1.199832778259e-13   1.869530244485e-13   2.834450638864e-13    2.373897175992e-24   3.383407370855e-25   7.685952902622e-25   1.471538713667e-24    4.590972908171e-20     5.559643958147e-21     8.673396468821e-21     1.286380635292e-20      9.841478883721e-23   1.284600152900e-24   1.791429900904e-24   3.468071957651e-24    1.976507777273e-21     6.031814123277e-21     9.425048032469e-21     1.398976891523e-20      6.994408622420e-20     4.913221910073e-22     4.703397555300e-22     7.060706806354e-22      7.911921689308e-26   4.595206621770e-25   1.043124817210e-24   2.038836260452e-24    5.510975073918e-23     1.723623241936e-22     2.687848858379e-22     4.076767099562e-22      0.000000000000e+00           0.000000000000e+00         3.905710889125e-33            1.322050371034e-28          1.664156810818e-28          0.000000000000e+00          0.000000000000e+00            0.000000000000e+00          0.000000000000e+00            2.549806781684e-28        0.000000000000e+00        4.050521072220e-43        2.674402995883e-52         9.484222469067e-20        1.679175109140e-38        5.174889998442e-41        1.537873733475e-49         0.000000000000e+00        8.618139865150e-41        1.763371097901e-42        1.245135534602e-51         0.000000000000e+00        0.000000000000e+00        0.000000000000e+00        0.000000000000e+00         0.000000000000e+00          0.000000000000e+00          0.000000000000e+00          0.000000000000e+00           0.000000000000e+00        0.000000000000e+00        0.000000000000e+00        0.000000000000e+00         0.000000000000e+00          0.000000000000e+00          0.000000000000e+00          0.000000000000e+00           0.000000000000e+00          0.000000000000e+00          0.000000000000e+00          0.000000000000e+00           0.000000000000e+00         0.000000000000e+00         0.000000000000e+00         0.000000000000e+00          0.000000000000e+00           0.000000000000e+00           0.000000000000e+00           0.000000000000e+00            0.000000000000e+00      9.999995601634e-01    5.627218353919e-12       1.999342564493e-07     2.397696957591e-07     9.106610862472e-19     6.315471400991e-15       9.928613149668e-19     3.451559938030e-16       2.975421855629e-12   1.218514728055e-13   1.266733895757e-13   1.410060634618e-13    1.220096109030e-10   4.560477687106e-13   2.907928240202e-13   3.272712800258e-13    9.698312161499e-14   1.607478088787e-13   1.667129215005e-13   1.894171028911e-13    5.908207212377e-24   4.500429609405e-25   6.821065472069e-25   9.798522545689e-25    1.142611378546e-19     7.395144463693e-21     7.697393664599e-21     8.565611995243e-21      2.471469940850e-22   1.716912871930e-24   1.594929116769e-24   2.314820421109e-24    4.963562506307e-21     8.061729781026e-21     8.391220625685e-21     9.337696324356e-21      1.756491160381e-19     6.566692305781e-22     4.187484927489e-22     4.712782347769e-22      2.004995775170e-25   6.171289954517e-25   9.316855470299e-25   1.364125580010e-24    1.396561059901e-22     2.314798805333e-22     2.400700177618e-22     2.727645369140e-22      
4.408187330385e+02   7.346978883976e+00   5.834697888398e+02   7.600000000000e+02   5.610799877047e+02   9.999999540766e-01   9.951935803251e-10   -1.137190513049e+02  5.834697888398e+02   0.000000000000e+00      9.999963733417e-01    2.885995109342e-11       1.618125970896e-06     1.961944611349e-06     3.480517449806e-17     4.992757169809e-14       3.771461370393e-17     1.042460844521e-14       1.482985934095e-11   5.414942327566e-12   8.442376681769e-12   1.248228974569e-11    4.942882247945e-10   1.408018430533e-11   1.941633946396e-11   2.906966330838e-11    2.270023167213e-12   7.134316211948e-12   1.112801955552e-11   1.684747318044e-11    1.462192863951e-22   9.779006908017e-23   2.187196304575e-22   4.110929406907e-22    5.582826003190e-19     3.272932734776e-19     5.107306367619e-19     7.548416906691e-19      5.018188697609e-21   2.614070296897e-22   5.163318287582e-22   9.813507149427e-22    1.160266337881e-19     3.542332323096e-19     5.536518707126e-19     8.189278036103e-19      2.619225693821e-18     7.476506423723e-20     1.031817034389e-19     1.545428783307e-19      2.375085028927e-23   1.362733579157e-22   3.039639007030e-22   5.833508357287e-22    1.202767677926e-20     3.788219738955e-20     5.913586327599e-20     8.956585146643e-20      0.000000000000e+00           0.000000000000e+00         3.686030680819e-32            1.965869290058e-27          2.505395817743e-27          0.000000000000e+00          0.000000000000e+00            0.000000000000e+00          0.000000000000e+00            3.525789455842e-20        1.000706595760e-22        8.557829221896e-25        2.731850258154e-32         1.233951561252e-18        2.734323947791e-22        2.068681250638e-24        3.852440367076e-32         5.948778446721e-21        1.456442493203e-22        1.246236946906e-24        1.406261022905e-32         0.000000000000e+00        0.000000000000e+00        0.000000000000e+00        0.000000000000e+00         0.000000000000e+00          0.000000000000e+00          0.000000000000e+00          0.000000000000e+00           0.000000000000e+00        0.000000000000e+00        0.000000000000e+00        0.000000000000e+00         0.000000000000e+00          0.000000000000e+00          0.000000000000e+00          0.000000000000e+00           0.000000000000e+00          0.000000000000e+00          0.000000000000e+00          0.000000000000e+00           0.000000000000e+00         0.000000000000e+00         0.000000000000e+00         0.000000000000e+00          0.000000000000e+00           0.000000000000e+00           0.000000000000e+00           0.000000000000e+00            0.000000000000e+00      9.999964178837e-01    2.891189361694e-11       1.615224235583e-06     1.965475745334e-06     3.480517604836e-17     4.992757392198e-14       3.785061531837e-17     1.046220033438e-14       3.674458527755e-11   7.185499415715e-12   7.480443817571e-12   8.301641278768e-12    1.235720617028e-09   1.877357990999e-11   1.725896918116e-11   1.937977640214e-11    5.726497445393e-12   9.558213153016e-12   9.923266710618e-12   1.125861796032e-11    3.639137724069e-22   1.300751850292e-22   1.941074837773e-22   2.737341239866e-22    1.389466001101e-18     4.353482261220e-19     4.532589899793e-19     5.026258261616e-19      1.260207247356e-20   3.493796188780e-22   4.596957434631e-22   6.550183481676e-22    2.913752622650e-19     4.734450785242e-19     4.929221755301e-19     5.466065587171e-19      6.577606783473e-18     9.992611782321e-20     9.186377293108e-20     1.031521344448e-19      6.018810377466e-23   1.830129757467e-22   2.714907934578e-22   3.903029605827e-22    3.047987963972e-20     5.087519510874e-20     5.281825376462e-20     5.992588825349e-20      
5.925942699568e+02   9.876571165946e+00   6.087657116595e+02   7.600000000000e+02   5.610799734756e+02   9.999991383703e-01   1.458784237587e-08   -1.162004150126e+02  6.087657116595e+02   0.000000000000e+00      9.999382314383e-01    1.399452321034e-10       2.726717389685e-05     3.359642817315e-05     2.453330435207e-15     4.186555774835e-13       2.648557937170e-15     5.627728979815e-13       7.478991599781e-10   1.342183375063e-09   2.092516729568e-09   3.077085905093e-09    1.134772524161e-08   3.149400234201e-09   4.844361709723e-09   7.223766786569e-09    5.684078306640e-10   1.790152743477e-09   2.791728571669e-09   4.213824447023e-09    3.378327540671e-20   1.076177826800e-19   2.337866700018e-19   4.260866375962e-19    1.835374900440e-17     3.987328515152e-17     6.222371006468e-17     9.145563083327e-17      5.371111791760e-19   2.635549033619e-19   5.628612279659e-19   1.037095585700e-18    1.407225677434e-17     4.300174533008e-17     6.721037217401e-17     9.885605033204e-17      1.895638195888e-16     5.272240651151e-17     8.116173081222e-17     1.210743366241e-16      2.825587654525e-20   1.566514929970e-19   3.378671055036e-19   6.280830105346e-19    9.494710843014e-18     2.996762458280e-17     4.677197189665e-17     7.062582644781e-17      0.000000000000e+00           0.000000000000e+00         4.461874473055e-31            8.243111740940e-26          1.062839000387e-25          0.000000000000e+00          2.395412648503e-47            0.000000000000e+00          6.033160361896e-46            2.836706830117e-18        5.148513516188e-20        5.840781140244e-22        6.247917487243e-24         4.507357568774e-17        1.266299866205e-19        1.417450492317e-21        1.537574987000e-23         2.369033193548e-18        7.544621982460e-20        8.562716126549e-22        9.401198911134e-24         0.000000000000e+00        0.000000000000e+00        0.000000000000e+00        0.000000000000e+00         0.000000000000e+00          0.000000000000e+00          0.000000000000e+00          0.000000000000e+00           0.000000000000e+00        0.000000000000e+00        0.000000000000e+00        0.000000000000e+00         0.000000000000e+00          0.000000000000e+00          0.000000000000e+00          0.000000000000e+00           0.000000000000e+00          0.000000000000e+00          0.000000000000e+00          0.000000000000e+00           0.000000000000e+00         0.000000000000e+00         0.000000000000e+00         0.000000000000e+00          0.000000000000e+00           0.000000000000e+00           0.000000000000e+00           0.000000000000e+00            0.000000000000e+00      9.999390662758e-01    1.401972181963e-10       2.721829802818e-05     3.365692207168e-05     2.453332483466e-15     4.186559270144e-13       2.658110928754e-15     5.648027439904e-13       1.853103630367e-09   1.781046758431e-09   1.854094740635e-09   2.046490193528e-09    2.836933678925e-08   4.199203818135e-09   4.306102892647e-09   4.815848545075e-09    1.433901032298e-09   2.398362297611e-09   2.489489612876e-09   2.815963948320e-09    8.408062450105e-20   1.431476037373e-19   2.074792190602e-19   2.837181890560e-19    4.567924985506e-17     5.303737988678e-17     5.522182582585e-17     6.089753507731e-17      1.348837152974e-18   3.522506054065e-19   5.011217607422e-19   6.922267075259e-19    3.533939247464e-17     5.747337891587e-17     5.983815969293e-17     6.598311590939e-17      4.760480374161e-16     7.046539212614e-17     7.225921315719e-17     8.081308084115e-17      7.160455112781e-20   2.103806568334e-19   3.017722855942e-19   4.202322808792e-19    2.406099513189e-17     4.024608015442e-17     4.177525610242e-17     4.725370952461e-17      
6.855090249322e+02   1.142515041554e+01   6.242515041554e+02   7.600000000000e+02   5.610799246882e+02   9.999961561042e-01   5.931243833498e-08   -1.178741397388e+02  6.242515041554e+02   0.000000000000e+00      9.997409376724e-01    2.969244369097e-10       1.134999125944e-04     1.411565949645e-04     1.940676920448e-14     1.218086765833e-12       2.095922380741e-14     3.894548506741e-12       8.460917235437e-09   2.105263085822e-08   3.278786476388e-08   4.797997936869e-08    6.462491243451e-08   4.920150680364e-08   7.627902738715e-08   1.132992573209e-07    8.994541428149e-09   2.834797952442e-08   4.415896146789e-08   6.643457161450e-08    7.746859445814e-19   3.342484866427e-18   7.105669615644e-18   1.266817836937e-17    1.603946641278e-16     4.320802475012e-16     6.737529635112e-16     9.856092160904e-16      6.285196959742e-18   8.243997797790e-18   1.734894925792e-17   3.125287526745e-17    1.525482544950e-16     4.663993349959e-16     7.283030191068e-16     1.065903069415e-15      1.778018065432e-15     1.356551384343e-15     2.104797777662e-15     3.127562342517e-15      9.328175725073e-19   5.028183828651e-18   1.056642656660e-17   1.918387489929e-17    2.474477378488e-16     7.815824270716e-16     1.218489512111e-15     1.833883448780e-15      0.000000000000e+00           0.000000000000e+00         2.629244809967e-30            9.034065952817e-25          1.154563369770e-24          0.000000000000e+00          1.703489521904e-39            0.000000000000e+00          3.528207479442e-32            6.915661499555e-17        2.020367033178e-18        2.686591601971e-20        3.355136679368e-22         5.522124679063e-16        4.941557167895e-18        6.541739933208e-20        8.292572510120e-22         8.050596475157e-17        2.979639398915e-18        3.963726682054e-20        5.089405345609e-22         0.000000000000e+00        0.000000000000e+00        0.000000000000e+00        0.000000000000e+00         0.000000000000e+00          0.000000000000e+00          0.000000000000e+00          0.000000000000e+00           0.000000000000e+00        0.000000000000e+00        0.000000000000e+00        0.000000000000e+00         0.000000000000e+00          0.000000000000e+00          0.000000000000e+00          0.000000000000e+00           0.000000000000e+00          0.000000000000e+00          0.000000000000e+00          0.000000000000e+00           0.000000000000e+00         0.000000000000e+00         0.000000000000e+00         0.000000000000e+00          0.000000000000e+00           0.000000000000e+00           0.000000000000e+00           0.000000000000e+00            0.000000000000e+00      9.997446669222e-01    2.974599417935e-10       1.132967942811e-04     1.414111716736e-04     1.940684159593e-14     1.218091309560e-12       2.103488180605e-14     3.908606935064e-12       2.096405863238e-08   2.793644237102e-08   2.905208965279e-08   3.191033483815e-08    1.615628837485e-07   6.560225378119e-08   6.780383282170e-08   7.553311996775e-08    2.269025668704e-08   3.797939723410e-08   3.937832470458e-08   4.439622546934e-08    1.928062504849e-18   4.446013219785e-18   6.306103984705e-18   8.435380776615e-18    3.991952352380e-16     5.747324428284e-16     5.979388963639e-16     6.562892305624e-16      1.578394203557e-17   1.101843140115e-17   1.544601180356e-17   2.086031208991e-17    3.830926575571e-16     6.233612871136e-16     6.484183487108e-16     7.114568018246e-16      4.465116091467e-15     1.813084954307e-15     1.873930855093e-15     2.087549577031e-15      2.363903906744e-18   6.752796663993e-18   9.437627622860e-18   1.283541619660e-17    6.270708136893e-16     1.049656771913e-15     1.088319708199e-15     1.227002232068e-15      
7.123641186331e+02   1.187273531055e+01   6.287273531055e+02   7.600000000000e+02   5.610798957316e+02   9.999942046447e-01   8.783148692210e-08   -1.184266378613e+02  6.287273531055e+02   0.000000000000e+00      9.996172211669e-01    3.645276595462e-10       1.672525152002e-04     2.085767401355e-04     3.392139401368e-14     1.635162895042e-12       3.665972579307e-14     6.574255564420e-12       1.696933746331e-08   4.432247729217e-08   6.898236189636e-08   1.007469277431e-07    1.079469586581e-07   1.036392733620e-07   1.607488279891e-07   2.383659119325e-07    1.899956320162e-08   5.988239127642e-08   9.321622780262e-08   1.400294573623e-07    1.879345361955e-18   8.449952039961e-18   1.783965786380e-17   3.158215145762e-17    2.972604853117e-16     8.254069529423e-16     1.286398838763e-15     1.878423643065e-15      1.275416310776e-17   2.092389954506e-17   4.374853016747e-17   7.824127186846e-17    2.916845227179e-16     8.918553283715e-16     1.391819912605e-15     2.032983837704e-15      3.392771356118e-15     3.264407100869e-15     5.067283802216e-15     7.517011392391e-15      2.405646814402e-18   1.284752438512e-17   2.677116037388e-17   4.823441537927e-17    5.971281326079e-16     1.886140489495e-15     2.938439083264e-15     4.415899629738e-15      0.000000000000e+00           0.000000000000e+00         5.367747221548e-30            2.064071614388e-24          2.587424538977e-24          0.000000000000e+00          1.594315785688e-35            0.000000000000e+00          9.902108398334e-32            2.148307723216e-16        6.869323191961e-18        9.544801491088e-20        1.243791781623e-21         1.427922299803e-15        1.680263735658e-17        2.326944922438e-19        3.078822416503e-21         2.631195485933e-16        1.015565972600e-17        1.411678492559e-19        1.892268856785e-21         0.000000000000e+00        0.000000000000e+00        0.000000000000e+00        0.000000000000e+00         0.000000000000e+00          0.000000000000e+00          0.000000000000e+00          0.000000000000e+00           0.000000000000e+00        0.000000000000e+00        0.000000000000e+00        0.000000000000e+00         0.000000000000e+00          0.000000000000e+00          0.000000000000e+00          0.000000000000e+00           0.000000000000e+00          0.000000000000e+00          0.000000000000e+00          0.000000000000e+00           0.000000000000e+00         0.000000000000e+00         0.000000000000e+00         0.000000000000e+00          0.000000000000e+00           0.000000000000e+00           0.000000000000e+00           0.000000000000e+00            0.000000000000e+00      9.996228490970e-01    3.651857810216e-10       1.669535189526e-04     2.089533064354e-04     3.392158499402e-14     1.635172101149e-12       3.679212890856e-14     6.597999656878e-12       4.204589780317e-08   5.881519955318e-08   6.112278381606e-08   6.700449538123e-08    2.698689160216e-07   1.381864758133e-07   1.428886515722e-07   1.589115026353e-07    4.792971253399e-08   8.022799101103e-08   8.312482309254e-08   9.357765123410e-08    4.677382151482e-18   1.123974269225e-17   1.583228004649e-17   2.102969911374e-17    7.398325589776e-16     1.097918866709e-15     1.141648949900e-15     1.250791418527e-15      3.202944234806e-17   2.796567823610e-17   3.895000135870e-17   5.222368938398e-17    7.325053416110e-16     1.192002432084e-15     1.239159059277e-15     1.356955401254e-15      8.520243439946e-15     4.363018395206e-15     4.511482105244e-15     5.017378407550e-15      6.096292431012e-18   1.725411949736e-17   2.391127417202e-17   3.227241502896e-17    1.513217856157e-15     2.533071151998e-15     2.624534072355e-15     2.954565624079e-15      
8.554528105948e+02   1.425754684325e+01   6.525754684325e+02   7.600000000000e+02   5.610795783437e+02   9.999524186239e-01   6.891231012154e-07   -1.232505331163e+02  6.525754684325e+02   0.000000000000e+00      9.972952813877e-01    1.002605667977e-09       1.153446418268e-03     1.460088331900e-03     5.276538810453e-13     7.233838016587e-12       5.749490958897e-13     8.726967132210e-11       6.085059379393e-07   1.776339893656e-06   2.733146359175e-06   3.907417575749e-06    1.987838273382e-06   4.188742184087e-06   6.438114981797e-06   9.359894202923e-06    7.831759107522e-07   2.459453076456e-06   3.783443420339e-06   5.575313675862e-06    1.692693586382e-16   8.156696467437e-16   1.644994319947e-15   2.775139275110e-15    6.905445201293e-15     2.051693004379e-14     3.168379292512e-14     4.541859654571e-14      6.054748747039e-16   2.076952435286e-15   4.139053618493e-15   7.043035744598e-15    7.366270126654e-15     2.247595775634e-14     3.470381921897e-14     4.962757581597e-14      1.183917781323e-13     2.500241830513e-13     3.845958566086e-13     5.593588034284e-13      2.635809088992e-16   1.325297515957e-15   2.610319602471e-15   4.460584415248e-15    4.664246940107e-14     1.468019733197e-13     2.260116771643e-13     3.331866426277e-13      0.000000000000e+00           0.000000000000e+00         1.142877750074e-25            0.000000000000e+00          0.000000000000e+00          9.591444910047e-42          8.081711766133e-28            2.809479184762e-41          1.017779596737e-26            8.734814474393e-12        8.323383234011e-13        2.279097734328e-14        4.327584027001e-16         2.504349920684e-11        1.892583212626e-12        5.410542519382e-14        1.063669601852e-15         9.378577706858e-12        1.064926279252e-12        3.193205121185e-14        6.489047226989e-16         0.000000000000e+00        0.000000000000e+00        0.000000000000e+00        0.000000000000e+00         0.000000000000e+00          0.000000000000e+00          0.000000000000e+00          0.000000000000e+00           0.000000000000e+00        0.000000000000e+00        0.000000000000e+00        0.000000000000e+00         0.000000000000e+00          0.000000000000e+00          0.000000000000e+00          0.000000000000e+00           9.962516053114e-43          3.487939841858e-43          9.152138994908e-44          4.889291437317e-44           0.000000000000e+00         0.000000000000e+00         0.000000000000e+00         0.000000000000e+00          0.000000000000e+00           1.943699707102e-44           2.339594730032e-45           3.301908162853e-46            0.000000000000e+00      9.973420072942e-01    1.004457185499e-09       1.151431872240e-03     1.462784685230e-03     5.276786030171e-13     7.234176940921e-12       5.770494130698e-13     8.758847170163e-11       1.507792111198e-06   2.357271037997e-06   2.421842279009e-06   2.598841884047e-06    4.969828522080e-06   5.585251250231e-06   5.723036999479e-06   6.240221825720e-06    1.975779297967e-06   3.295210978821e-06   3.373994386468e-06   3.725975057031e-06    4.213010179848e-16   1.085011468782e-15   1.459954251448e-15   1.847966240708e-15    1.718722819268e-14     2.729181414385e-14     2.811978596043e-14     3.024425976368e-14      1.520587580219e-15   2.776049355580e-15   3.685216146672e-15   4.701207743399e-15    1.849962621919e-14     3.004130811350e-14     3.089862725274e-14     3.312627568177e-14      2.973287165981e-13     3.341816887314e-13     3.424258275816e-13     3.733705227937e-13      6.679835664178e-16   1.779937025101e-15   2.331562762099e-15   2.984586098918e-15    1.182043236256e-13     1.971619689341e-13     2.018758200249e-13     2.229358598243e-13      
8.817626164458e+02   1.469604360743e+01   6.569604360743e+02   7.600000000000e+02   5.610795049946e+02   9.999303462227e-01   1.009523942791e-06   -1.249630642024e+02  6.569604360743e+02   0.000000000000e+00      9.961997072906e-01    1.187241285989e-09       1.607895635218e-03     2.041120032171e-03     8.382457884565e-13     9.377176446805e-12       9.155538071713e-13     1.352350592739e-10       1.140175426194e-06   3.349369771094e-06   5.128426540349e-06   7.275892367225e-06    3.486827729453e-06   7.916031505282e-06   1.210884632403e-05   1.747427963710e-05    1.488834392749e-06   4.666072222094e-06   7.141675187746e-06   1.044549523247e-05    3.686928330189e-16   1.773366139148e-15   3.536478699505e-15   5.892259444744e-15    1.193951928740e-14     3.559751786317e-14     5.475770111722e-14     7.799328408951e-14      1.241098678292e-15   4.542726416849e-15   8.943670252930e-15   1.502429146636e-14    1.285927925822e-14     3.918395378482e-14     6.022678951969e-14     8.547526899046e-14      2.301206753391e-13     5.235954892569e-13     8.015648005365e-13     1.157201042477e-12      5.893023152304e-16   2.922807475401e-15   5.678582655220e-15   9.571481124678e-15    9.825472775802e-14     3.086276381384e-13     4.727523934913e-13     6.917311277277e-13      0.000000000000e+00           0.000000000000e+00         1.116505999634e-23            0.000000000000e+00          0.000000000000e+00          6.955589660876e-37          9.584171618763e-26            3.721129852003e-36          1.426759340247e-24            1.582731398896e-11        1.681888704258e-12        7.953308337341e-14        2.996830566435e-15         4.337166814438e-11        3.733406922211e-12        1.761980224163e-13        6.711204741367e-15         1.811150988410e-11        2.069114467584e-12        9.761665351492e-14        3.747386689841e-15         0.000000000000e+00        0.000000000000e+00        0.000000000000e+00        0.000000000000e+00         0.000000000000e+00          0.000000000000e+00          0.000000000000e+00          0.000000000000e+00           0.000000000000e+00        0.000000000000e+00        0.000000000000e+00        0.000000000000e+00         0.000000000000e+00          0.000000000000e+00          0.000000000000e+00          0.000000000000e+00           1.331693642606e-39          1.599968678368e-38          7.389066875573e-38          1.521084742077e-36           0.000000000000e+00         0.000000000000e+00         0.000000000000e+00         0.000000000000e+00          7.417399436687e-41           1.347740529962e-40           6.332493024499e-41           8.594083195016e-41            0.000000000000e+00      9.962682427074e-01    1.189459871137e-09       1.605122593965e-03     2.044934251438e-03     8.383034571388e-13     9.377821567147e-12       9.189185336052e-13     1.357320578939e-10       2.825256303051e-06   4.444839433563e-06   4.544400894749e-06   4.839336565126e-06    8.717669030674e-06   1.055543480458e-05   1.076415944418e-05   1.165032120850e-05    3.756081717053e-06   6.251808564031e-06   6.368933814842e-06   6.980864392453e-06    9.176739108440e-16   2.359000152117e-15   3.138740568767e-15   3.923743779625e-15    2.971738091123e-14     4.735319356810e-14     4.859925155865e-14     5.193689554382e-14      3.116959474436e-15   6.071929838126e-15   7.963192627746e-15   1.002889490294e-14    3.229545967569e-14     5.237432245081e-14     5.362424069010e-14     5.705576808235e-14      5.779369777824e-13     6.998517591848e-13     7.136907700954e-13     7.724455867063e-13      1.493480319525e-15   3.925554328518e-15   5.072276350884e-15   6.404438006539e-15    2.490088676294e-13     4.145105591083e-13     4.222762845805e-13     4.628488597551e-13      
8.961954263094e+02   1.493659043849e+01   6.593659043849e+02   7.600000000000e+02   5.610794535261e+02   9.999141275599e-01   1.246469839972e-06   -1.261337779630e+02  6.593659043849e+02   0.000000000000e+00      9.954312442922e-01    1.298846089281e-09       1.923214636579e-03     2.445221116969e-03     1.073974609172e-12     1.079096530582e-11       1.174691062018e-12     1.710015055970e-10       1.601735279732e-06   4.716309698365e-06   7.197751194064e-06   1.016068571603e-05    4.752167128007e-06   1.116152355291e-05   1.701758341146e-05   2.443838397661e-05    2.107204987647e-06   6.594602503925e-06   1.005889788821e-05   1.463917898498e-05    5.608300461380e-16   2.691731945424e-15   5.331728121566e-15   8.816027162181e-15    1.604757197859e-14     4.790343633509e-14     7.349355628539e-14     1.042443341510e-13      1.836916216577e-15   6.918608055693e-15   1.352201105502e-14   2.253777461464e-14    1.737411631809e-14     5.289109759838e-14     8.104654949199e-14     1.144543738383e-13      3.309553802777e-13     7.790540762806e-13     1.188747186667e-12     1.707802970877e-12      9.090450576072e-16   4.472818332670e-15   8.619198360268e-15   1.440672363816e-14    1.467460820524e-13     4.602859628970e-13     7.026512008683e-13     1.023012070684e-12      0.000000000000e+00           0.000000000000e+00         4.076903516614e-23            0.000000000000e+00          0.000000000000e+00          2.551886567590e-33          2.777740368049e-24            2.183000733908e-32          3.412026866148e-23            2.626141733078e-11        2.815287381338e-12        1.331013587473e-13        4.905559588658e-15         7.079985600161e-11        6.266397551448e-12        2.962843548139e-13        1.109764753178e-14         3.628489340782e-11        3.485668065466e-12        1.650248626675e-13        6.256582059067e-15         0.000000000000e+00        0.000000000000e+00        0.000000000000e+00        0.000000000000e+00         0.000000000000e+00          0.000000000000e+00          0.000000000000e+00          4.025892190030e-45           0.000000000000e+00        0.000000000000e+00        0.000000000000e+00        0.000000000000e+00         0.000000000000e+00          0.000000000000e+00          0.000000000000e+00          4.612039015595e-45           3.384947003306e-37          9.972331540231e-35          6.534201259396e-33          3.581545341502e-30           0.000000000000e+00         0.000000000000e+00         0.000000000000e+00         0.000000000000e+00          2.747419559196e-39           1.047235577336e-37           2.416114093705e-37           0.000000000000e+00            0.000000000000e+00      9.955157825822e-01    1.301294216492e-09       1.919928748270e-03     2.449829986642e-03     1.074065817859e-12     1.079188174255e-11       1.179027152022e-12     1.716327165964e-10       3.969025797803e-06   6.258961793650e-06   6.378173550500e-06   6.758177344576e-06    1.188142677992e-05   1.488329527971e-05   1.512802546828e-05   1.629363962538e-05    5.316213690208e-06   8.835880670000e-06   8.970652748592e-06   9.783717215544e-06    1.395924618692e-15   3.580703578408e-15   4.732159496731e-15   5.870819160501e-15    3.994293984319e-14     6.372402950252e-14     6.522898812446e-14     6.941898238843e-14      4.613400891784e-15   9.247746039791e-15   1.203981278067e-14   1.504447773333e-14    4.363495895596e-14     7.069679831815e-14     7.216273366678e-14     7.640090062727e-14      8.311918816630e-13     1.041321345379e-12     1.058444155443e-12     1.139997369198e-12      2.303847727186e-15   6.007434530005e-15   7.699044598675e-15   9.639935066216e-15    3.719074481299e-13     6.182092769087e-13     6.276387555640e-13     6.845255160739e-13      
9.041567711380e+02   1.506927951897e+01   6.606927951897e+02   7.600000000000e+02   5.610794152762e+02   9.999036018031e-01   1.400824850773e-06   -1.268647375788e+02  6.606927951897e+02   0.000000000000e+00      9.949464204691e-01    1.363529495234e-09       2.120782605923e-03     2.698752857859e-03     1.228884979764e-12     1.165290696923e-11       1.345230812233e-12     1.942793795519e-10       1.929272390089e-06   5.686406661545e-06   8.660712763092e-06   1.218872099786e-05    5.638198733679e-06   1.346752926088e-05   2.049190904313e-05   2.934018952091e-05    2.548348753510e-06   7.967991145493e-06   1.212811723635e-05   1.759689313745e-05    7.051137402707e-16   3.379177699651e-15   6.667110649549e-15   1.097493985377e-14    1.886273326553e-14     5.633330264090e-14     8.628689829978e-14     1.220826321109e-13      2.278623656438e-15   8.702011176769e-15   1.693532747007e-14   2.809721744368e-14    2.048118308870e-14     6.231246112033e-14     9.530364514073e-14     1.341842195173e-13      4.041390582071e-13     9.674902057550e-13     1.473291082303e-12     2.110292826312e-12      1.151722557222e-15   5.641107439629e-15   1.081903601768e-14   1.799493279150e-14    1.826549041597e-13     5.724037632609e-13     8.719615027164e-13     1.265652748493e-12      0.000000000000e+00           0.000000000000e+00         2.768122779010e-23            0.000000000000e+00          0.000000000000e+00          3.903967072502e-31          1.616061162640e-23            4.568359833526e-30          4.374621660535e-23            3.757538319504e-11        3.484907961374e-12        2.618662127020e-13        0.000000000000e+00         1.377072914874e-10        0.000000000000e+00        2.118936716378e-13        0.000000000000e+00         0.000000000000e+00        0.000000000000e+00        0.000000000000e+00        0.000000000000e+00         0.000000000000e+00        0.000000000000e+00        0.000000000000e+00        0.000000000000e+00         0.000000000000e+00          0.000000000000e+00          0.000000000000e+00          2.889605516174e-44           0.000000000000e+00        0.000000000000e+00        0.000000000000e+00        0.000000000000e+00         0.000000000000e+00          0.000000000000e+00          1.960214231808e-42          3.313511298524e-44           1.065001243265e-35          3.212190230899e-32          1.452630820360e-29          8.455859239052e-27           0.000000000000e+00         0.000000000000e+00         0.000000000000e+00         0.000000000000e+00          6.074667890167e-38           7.338489726175e-36           5.366554396285e-35           2.457334722066e-33            0.000000000000e+00      9.950413242140e-01    1.366113828308e-09       2.117181307440e-03     2.703867874654e-03     1.229002197922e-12     1.165401849091e-11       1.350210529941e-12     1.949985546241e-10       4.780697577879e-06   7.546445536034e-06   7.674634106228e-06   8.107169330996e-06    1.409684134422e-05   1.795841849564e-05   1.821676771551e-05   1.956199210528e-05    6.429231279736e-06   1.067614844546e-05   1.081612193464e-05   1.176055208353e-05    1.755069882665e-15   4.495232242234e-15   5.917436190235e-15   7.308571067308e-15    4.695046085241e-14     7.493872795417e-14     7.658448188148e-14     8.129881391196e-14      5.722805567676e-15   1.163165052790e-14   1.507914050495e-14   1.875572856507e-14    5.143887112796e-14     8.329071941669e-14     8.485794315172e-14     8.957195864776e-14      1.015002738995e-12     1.293207711862e-12     1.311811848575e-12     1.408683244968e-12      2.918910481254e-15   7.576640839595e-15   9.664136790349e-15   1.204103044112e-14    4.629181836033e-13     7.688025402589e-13     7.788822612659e-13     8.468919250255e-13      
9.058473522638e+02   1.509745587106e+01   6.609745587106e+02   7.600000000000e+02   5.610794057274e+02   9.999012039369e-01   1.436055502787e-06   -1.270282123785e+02  6.609745587106e+02   0.000000000000e+00      9.948373703160e-01    1.377547416016e-09       2.165080135453e-03     2.755630938016e-03     1.264320717939e-12     1.184393070968e-11       1.384266860971e-12     1.995822118861e-10       2.006750888779e-06   5.915865568059e-06   9.006134830923e-06   1.266632049416e-05    5.846684607298e-06   1.401325810526e-05   2.131264786967e-05   3.049517048272e-05    2.652941169202e-06   8.293344259081e-06   1.261740340938e-05   1.829442511901e-05    7.400702662834e-16   3.545482073675e-15   6.989243398252e-15   1.149400073656e-14    1.951865744012e-14     5.829697666865e-14     8.926256494136e-14     1.262224760940e-13      2.385102197139e-15   9.133966658897e-15   1.775953129242e-14   2.943505393110e-14    2.120648706006e-14     6.451046534190e-14     9.862410516379e-14     1.387670074529e-13      4.216204756203e-13     1.012790796690e-12     1.541578078900e-12     2.206646925922e-12      1.210790043913e-15   5.924594034000e-15   1.135102970980e-14   1.885952304051e-14    1.913029570386e-13     5.993842237810e-13     9.126324161695e-13     1.323790664617e-12      0.000000000000e+00           0.000000000000e+00         2.132064326798e-23            0.000000000000e+00          0.000000000000e+00          1.104293575117e-30          2.094856647773e-23            1.388917156465e-29          3.278136101568e-23            3.664250574899e-11        4.005601164284e-12        1.914561988989e-13        0.000000000000e+00         9.700757247244e-11        8.925844813896e-12        4.267252815259e-13        0.000000000000e+00         4.246392408271e-11        4.974224055456e-12        2.380940128371e-13        9.118930485277e-15         0.000000000000e+00        0.000000000000e+00        0.000000000000e+00        0.000000000000e+00         0.000000000000e+00          0.000000000000e+00          0.000000000000e+00          4.056943545131e-44           0.000000000000e+00        0.000000000000e+00        0.000000000000e+00        0.000000000000e+00         0.000000000000e+00          0.000000000000e+00          2.747712216692e-42          4.653080293142e-44           2.125941517347e-35          1.124271846934e-31          8.067257200088e-29          1.311839972332e-26           0.000000000000e+00         0.000000000000e+00         0.000000000000e+00         0.000000000000e+00          1.143564556783e-37           1.780862549647e-35           1.716093943915e-34           1.116362446228e-32            0.000000000000e+00      9.949346326770e-01    1.380161603894e-09       2.161408761871e-03     2.760860331147e-03     1.264444326904e-12     1.184508865639e-11       1.389394388906e-12     2.003214937368e-10       4.972699555548e-06   7.850979760264e-06   7.980746620639e-06   8.424858487913e-06    1.461814055169e-05   1.868617085443e-05   1.894642804033e-05   2.033210127133e-05    6.693123512825e-06   1.111210888994e-05   1.125250490779e-05   1.222676355798e-05    1.842083133485e-15   4.716473857726e-15   6.203361917779e-15   7.654248895433e-15    4.858321067173e-14     7.755113711721e-14     7.922574225688e-14     8.405587143809e-14      5.990242660413e-15   1.220905821947e-14   1.581304558678e-14   1.964882100785e-14    5.326061231969e-14     8.622891417685e-14     8.781467513031e-14     9.263132649999e-14      1.058910164350e-12     1.353762528670e-12     1.372617555940e-12     1.473005980436e-12      3.068617648247e-15   7.957414121214e-15   1.013936591463e-14   1.261958765742e-14    4.848368493626e-13     8.050422457600e-13     8.152136193515e-13     8.857961198876e-13      
9.214677289659e+02   1.535779548276e+01   6.635779548276e+02   7.600000000000e+02   5.610792795832e+02   9.998759830662e-01   1.807763530947e-06   -1.287086731204e+02  6.635779548276e+02   0.000000000000e+00      9.937186943789e-01    1.511649585873e-09       2.616621210829e-03     3.336034282264e-03     1.638924121505e-12     1.375008837654e-11       1.797447968367e-12     2.552084627835e-10       2.880710908104e-06   8.503249202363e-06   1.288663607433e-05   1.800281831519e-05    8.176710517955e-06   2.017326984522e-05   3.054194404140e-05   4.341375402215e-05    3.838072579466e-06   1.197347135670e-05   1.813031968855e-05   2.611044024983e-05    1.152734541627e-15   5.502526839662e-15   1.075790618347e-14   1.752488512734e-14    2.670429499403e-14     7.979599981575e-14     1.217407990172e-13     1.712009459935e-13      3.631054887893e-15   1.422934791644e-14   2.742076553522e-14   4.500643861166e-14    2.918196924879e-14     8.865010210907e-14     1.349615876328e-13     1.886442731036e-13      6.225770500599e-13     1.539441390691e-12     2.332550379920e-12     3.316922815552e-12      1.914514400764e-15   9.280988628302e-15   1.760611449889e-14   2.894880995938e-14    2.922198935252e-13     9.136964623539e-13     1.384642367367e-12     1.994899383772e-12      0.000000000000e+00           0.000000000000e+00         0.000000000000e+00            0.000000000000e+00          0.000000000000e+00          6.143867989964e-27          2.397296953913e-23            1.645794430850e-25          2.635737963889e-23            6.367653247123e-11        7.112886786126e-12        3.462983668017e-13        0.000000000000e+00         1.653770364878e-10        1.587767050120e-11        7.730997012197e-13        0.000000000000e+00         7.434388933130e-11        8.875673063074e-12        4.326665203074e-13        1.686329276927e-14         0.000000000000e+00        0.000000000000e+00        0.000000000000e+00        0.000000000000e+00         0.000000000000e+00          0.000000000000e+00          7.844869543258e-42          2.716550151195e-43           0.000000000000e+00        0.000000000000e+00        0.000000000000e+00        0.000000000000e+00         0.000000000000e+00          0.000000000000e+00          9.071044176014e-42          4.683213714142e-43           4.028514182135e-33          1.512425273772e-26          2.759102156188e-24          4.942044759108e-26           0.000000000000e+00         0.000000000000e+00         0.000000000000e+00         0.000000000000e+00          2.620912908676e-36           3.438125136780e-32           7.902628304558e-30           1.471840777765e-26            0.000000000000e+00      9.938406919404e-01    1.514556122709e-09       2.612249451635e-03     3.342448669975e-03     1.639125330104e-12     1.375177645715e-11       1.804151081010e-12     2.561601960763e-10       7.138538242757e-06   1.128499380719e-05   1.141972114246e-05   1.197466844557e-05    2.044428590538e-05   2.690099532203e-05   2.715172767685e-05   2.894605591513e-05    9.683341764144e-06   1.604344875867e-05   1.616946092426e-05   1.745089873783e-05    2.869303142306e-15   7.320068820806e-15   9.548509052413e-15   1.167071319094e-14    6.647039259471e-14     1.061534504595e-13     1.080547740089e-13     1.140114257064e-13      9.119711378520e-15   1.902035409738e-14   2.441599657548e-14   3.004395935210e-14    7.329306364745e-14     1.184984964023e-13     1.201724896131e-13     1.259291125439e-13      1.563656618457e-12     2.057769655719e-12     2.076949384040e-12     2.214205285256e-12      4.852252936400e-15   1.246575137490e-14   1.572714586479e-14   1.937117798914e-14    7.406185275317e-13     1.227230566482e-12     1.236869866064e-12     1.334892559926e-12      
9.403336800220e+02   1.567222800037e+01   6.667222800037e+02   7.600000000000e+02   5.610789566169e+02   9.998366363470e-01   2.391211881822e-06   -1.312074496873e+02  6.667222800037e+02   0.000000000000e+00      9.920617559596e-01    1.684095905043e-09       3.276305595260e-03     4.185775836309e-03     2.224373327908e-12     1.642331588907e-11       2.444832183402e-12     3.408619239334e-10       4.432602551053e-06   1.309175738449e-05   1.971341584697e-05   2.728356369781e-05    1.225075799024e-05   3.111993111241e-05   4.680982297764e-05   6.592533271386e-05    5.961185142575e-06   1.854127405814e-05   2.788696480838e-05   3.978027973653e-05    1.949289259212e-15   9.255093432727e-15   1.789805902615e-14   2.878976783106e-14    3.876053602712e-14     1.158095151907e-13     1.757848161035e-13     2.453176340037e-13      6.002405453257e-15   2.404488987364e-14   4.579361525319e-14   7.418913053487e-14    4.266580243677e-14     1.293520137809e-13     1.957633608717e-13     2.711285874275e-13      9.923682561117e-13     2.526537908301e-12     3.803397254611e-12     5.358715378131e-12      3.297163493102e-15   1.579409338211e-14   2.957405480646e-14   4.795459599068e-14    4.828638725467e-13     1.505295594689e-12     2.265863585607e-12     3.233515850098e-12      0.000000000000e+00           0.000000000000e+00         0.000000000000e+00            0.000000000000e+00          0.000000000000e+00          1.088263024051e-23          2.552210429918e-23            1.156254684242e-23          3.472007738700e-23            1.249952795021e-10        1.431998658397e-11        7.122022697417e-13        0.000000000000e+00         3.181951114980e-10        3.203526441647e-11        1.593315035683e-12        0.000000000000e+00         1.472681149407e-10        1.797969371189e-11        8.950920273683e-13        3.558542831715e-14         0.000000000000e+00        0.000000000000e+00        0.000000000000e+00        0.000000000000e+00         0.000000000000e+00          6.452952744085e-40          3.717456008927e-41          2.187766535891e-42           0.000000000000e+00        0.000000000000e+00        0.000000000000e+00        0.000000000000e+00         0.000000000000e+00          7.515743117463e-40          5.755977932986e-41          4.286283898204e-42           1.085574156771e-29          2.515232786651e-23          4.635859638626e-24          8.966424560269e-26           0.000000000000e+00         0.000000000000e+00         0.000000000000e+00         0.000000000000e+00          2.068466032984e-34           8.291707415580e-27           3.049735486771e-24           5.644903280599e-26            0.000000000000e+00      9.922220245078e-01    1.687399445087e-09       3.270958493177e-03     4.193986697725e-03     2.224732677597e-12     1.642596909184e-11       2.454044704408e-12     3.421463465026e-10       1.098462526951e-05   1.737525579902e-05   1.747007055205e-05   1.814850834120e-05    3.063184278047e-05   4.149994475701e-05   4.161545346701e-05   4.395732201061e-05    1.504047415991e-05   2.484471765955e-05   2.487185449329e-05   2.658815961020e-05    4.852217471839e-15   1.231262471595e-14   1.588658636587e-14   1.917331553846e-14    9.648365384453e-14     1.540685795820e-13     1.560292464539e-13     1.633758365646e-13      1.507614995904e-14   3.214202484267e-14   4.077712960901e-14   4.952672825207e-14    1.071630433280e-13     1.729114028903e-13     1.743183606454e-13     1.809983723233e-13      2.492516168765e-12     3.377351472240e-12     3.386752103942e-12     3.577338599327e-12      8.356840577137e-15   2.121464467828e-14   2.641886202680e-14   3.209019774906e-14    1.223844802290e-12     2.021914800964e-12     2.024123436284e-12     2.163800172032e-12      
9.574536489743e+02   1.595756081624e+01   6.695756081624e+02   7.600000000000e+02   5.610783193476e+02   9.997900040108e-01   3.086627583057e-06   -1.340378052087e+02  6.695756081624e+02   0.000000000000e+00      9.902094607750e-01    1.849409600515e-09       4.001843161838e-03     5.122401488978e-03     2.910999148265e-12     1.924436374942e-11       3.206214976166e-12     4.398043400984e-10       6.516692185031e-06   1.924040151130e-05   2.877408610236e-05   3.943446431082e-05    1.765214557013e-05   4.582084232075e-05   6.844478583665e-05   9.545966775188e-05    8.839430530941e-06   2.740425942928e-05   4.092183642409e-05   5.778762528897e-05    3.108454305766e-15   1.467394291129e-14   2.806977803412e-14   4.457842361718e-14    5.402223430677e-14     1.612925722958e-13     2.434995012370e-13     3.371188635896e-13      9.415411532093e-15   3.828757740495e-14   7.206868930725e-14   1.152315222192e-13    5.988020666538e-14     1.811442239583e-13     2.724323310958e-13     3.737102735426e-13      1.506661013038e-12     3.919793817933e-12     5.859870609184e-12     8.176006877178e-12      5.346957713237e-15   2.532010932618e-14   4.680312190938e-14   7.483277598764e-14    7.544398591084e-13     2.344300506634e-12     3.503487918357e-12     4.949427981555e-12      0.000000000000e+00           0.000000000000e+00         0.000000000000e+00            0.000000000000e+00          0.000000000000e+00          1.305637456958e-23          3.243060845041e-23            1.425216291433e-23          4.464904073397e-23            2.321756888834e-10        2.719834209483e-11        1.377808470803e-12        0.000000000000e+00         5.819148676143e-10        6.097063218377e-11        3.088418013103e-12        0.000000000000e+00         2.758715073216e-10        3.435506902031e-11        1.741505302854e-12        7.039580331506e-14         0.000000000000e+00        0.000000000000e+00        0.000000000000e+00        0.000000000000e+00         0.000000000000e+00          1.887554907046e-39          1.847041803461e-40          2.154757886865e-41           0.000000000000e+00        0.000000000000e+00        0.000000000000e+00        1.181289513237e-43         0.000000000000e+00          3.315003235721e-39          3.877865857210e-40          5.171944491756e-41           4.943413763436e-25          3.190089812520e-23          7.350959686071e-24          1.507178821414e-25           0.000000000000e+00         0.000000000000e+00         0.000000000000e+00         0.000000000000e+00          7.574017767694e-32           3.345288537982e-23           4.836170756951e-24           9.518342296386e-26            0.000000000000e+00      9.904144981170e-01    1.853121746473e-09       3.995493756306e-03     5.132683203735e-03     2.911601913186e-12     1.924834857622e-11       3.218442962751e-12     4.414816828875e-10       1.615003337665e-05   2.553683979784e-05   2.550081596831e-05   2.623225030978e-05    4.413950176218e-05   6.110710692784e-05   6.085240740441e-05   6.365295604757e-05    2.230349726346e-05   3.672250725913e-05   3.649906988871e-05   3.862558367468e-05    7.737990956526e-15   1.952254456641e-14   2.491629092912e-14   2.968954394470e-14    1.344795578117e-13     2.145872755478e-13     2.161436548070e-13     2.245235363431e-13      2.364962127645e-14   5.118327729719e-14   6.417680718535e-14   7.692905890769e-14    1.504070432572e-13     2.421556983765e-13     2.425996275477e-13     2.494905829073e-13      3.784429626775e-12     5.240025813310e-12     5.218185453789e-12     5.458337289753e-12      1.355277245538e-14   3.401154808948e-14   4.181169934555e-14   5.007878408048e-14    1.912255957524e-12     3.149010471892e-12     3.129850692156e-12     3.312202867512e-12      
9.630908289281e+02   1.605151381547e+01   6.705151381547e+02   7.600000000000e+02   5.610779873863e+02   9.997718496406e-01   3.358170402914e-06   -1.351110099586e+02  6.705151381547e+02   0.000000000000e+00      9.895156383723e-01    1.905425987194e-09       4.270565785152e-03     5.469782506756e-03     3.174900748237e-12     2.026309825522e-11       3.499378016145e-12     4.774777381398e-10       7.389210072086e-06   2.181008046684e-05   3.253596642929e-05   4.443266403958e-05    1.989867445515e-05   5.197328906554e-05   7.743875552090e-05   1.076240277110e-04    1.005166709922e-05   3.112529348889e-05   4.635690308366e-05   6.522399705669e-05    3.616723345615e-15   1.703786767004e-14   3.246766620844e-14   5.133140823009e-14    6.018137972275e-14     1.796158822902e-13     2.706306447447e-13     3.736128616169e-13      1.090409623700e-14   4.451939106216e-14   8.345610886661e-14   1.328227120670e-13    6.686615244539e-14     2.021143775412e-13     3.032825306452e-13     4.146001194407e-13      1.726375820034e-12     4.519341597130e-12     6.739083489608e-12     9.369693520059e-12      6.256182364764e-15   2.950925499369e-14   5.430169690963e-14   8.639369250652e-14    8.720303779103e-13     2.706471706924e-12     4.034175155823e-12     5.678353142239e-12      0.000000000000e+00           0.000000000000e+00         0.000000000000e+00            0.000000000000e+00          0.000000000000e+00          1.421364465397e-23          3.512963530867e-23            1.558780286150e-23          4.850517148476e-23            2.850899048869e-10        3.363859969425e-11        1.714058428610e-12        0.000000000000e+00         7.112290513423e-10        7.546044231606e-11        3.844654129192e-12        0.000000000000e+00         3.397107340385e-10        4.257831668174e-11        2.170752649415e-12        8.820147313003e-14         0.000000000000e+00        0.000000000000e+00        0.000000000000e+00        0.000000000000e+00         0.000000000000e+00          3.203828110866e-39          3.574524032395e-40          5.120790702720e-41           0.000000000000e+00        0.000000000000e+00        0.000000000000e+00        1.405735321731e-43         0.000000000000e+00          5.010836031866e-39          8.105940988989e-40          1.342709504316e-40           3.619977203832e-23          3.477616071744e-23          8.538294739163e-24          1.782799162808e-25           0.000000000000e+00         0.000000000000e+00         0.000000000000e+00         0.000000000000e+00          9.273807105463e-31           3.343980384495e-23           5.632369730243e-24           1.127139280137e-25            0.000000000000e+00      9.897379183238e-01    1.909284109102e-09       4.263864920229e-03     5.480857766493e-03     3.175613942407e-12     2.026765005847e-11       3.512785786770e-12     4.793071809614e-10       1.831267800607e-05   2.894795696319e-05   2.883526046389e-05   2.955762835283e-05    4.975786099006e-05   6.931328545453e-05   6.884991198582e-05   7.176546923067e-05    2.536263700720e-05   4.170953416678e-05   4.134744958099e-05   4.359686351098e-05    9.003402146753e-15   2.266796157293e-14   2.882060653206e-14   3.418767979483e-14    1.498143793739e-13     2.389692182432e-13     2.402309817290e-13     2.488331670726e-13      2.738937916718e-14   5.951508350652e-14   7.431855283876e-14   8.867457047260e-14    1.679572853147e-13     2.701935891360e-13     2.700763201751e-13     2.767936818724e-13      4.336385234709e-12     6.041614364674e-12     6.001225544888e-12     6.255357501902e-12      1.585763532191e-14   3.963936582742e-14   4.851142439026e-14   5.781647170884e-14    2.210347927263e-12     3.635565252842e-12     3.604004924090e-12     3.800073064088e-12      
9.816658012683e+02   1.636109668781e+01   6.736109668781e+02   7.600000000000e+02   5.610761765751e+02   9.996999242386e-01   4.436770647710e-06   -1.392422650949e+02  6.736109668781e+02   0.000000000000e+00      9.868905145953e-01    2.094392419937e-09       5.273244141952e-03     6.767928915685e-03     4.197638140640e-12     2.396101760432e-11       4.637932293145e-12     6.219491134203e-10       1.112814440861e-05   3.279403692339e-05   4.847936850641e-05   6.536467264510e-05    2.946532837512e-05   7.831558478067e-05   1.156137037809e-04   1.586415425370e-04    1.528432982675e-05   4.712074966258e-05   6.951246233394e-05   9.651385338648e-05    5.908265052139e-15   2.762601819791e-14   5.194281681615e-14   8.082458253849e-14    8.546383107416e-14     2.546489887512e-13     3.809621897687e-13     5.205562523669e-13      1.758466216482e-14   7.253209766881e-14   1.340252116248e-13   2.098380554286e-13    9.573845014308e-14     2.885243376175e-13     4.294046597623e-13     5.797906855045e-13      2.688691880963e-12     7.162547150417e-12     1.058220389619e-11     1.452638033482e-11      1.041344239185e-14   4.845815538067e-14   8.777596601826e-14   1.372270855594e-13    1.394628673389e-12     4.309497287341e-12     6.362494192373e-12     8.837492075615e-12      0.000000000000e+00           0.000000000000e+00         1.157379511306e-20            0.000000000000e+00          0.000000000000e+00          1.937205027140e-23          4.567231590333e-23            2.132883144258e-23          3.568298817573e-21            5.629423899566e-10        6.799190165692e-11        3.529219828134e-12        0.000000000000e+00         1.385467232833e-09        1.528854368797e-10        7.933584222328e-12        0.000000000000e+00         6.773391802103e-10        8.668186918828e-11        4.499796575658e-12        1.857675186119e-13         0.000000000000e+00        0.000000000000e+00        0.000000000000e+00        0.000000000000e+00         0.000000000000e+00          1.914530578457e-38          4.994309673404e-39          1.492151472018e-39           0.000000000000e+00        0.000000000000e+00        1.173806768061e-41        1.232520793060e-42         3.496273536575e-38          4.709802323716e-38          1.545676778939e-38          5.663351078719e-39           9.847883251371e-21          4.614914492002e-23          1.382078199668e-23          3.065504692343e-25           0.000000000000e+00         0.000000000000e+00         0.000000000000e+00         1.680045138421e-43          5.274829381246e-26           4.462487698445e-23           9.264477990918e-24           1.945625715201e-25            0.000000000000e+00      9.871800385910e-01    2.098777379372e-09       5.265331798644e-03     6.782098702337e-03     4.198869601425e-12     2.396804704624e-11       4.656022340153e-12     6.243749980576e-10       2.758077351002e-05   4.352967003761e-05   4.296818061062e-05   4.348506916596e-05    7.368493154071e-05   1.044514136238e-04   1.027978856573e-04   1.057920554629e-04    3.856848268032e-05   6.314862793901e-05   6.200501653699e-05   6.451598542754e-05    1.470893310395e-14   3.675744904711e-14   4.611130195007e-14   5.383438577648e-14    2.127666519670e-13     3.388199907008e-13     3.381923361253e-13     3.467240439496e-13      4.417294809308e-14   9.697011552303e-14   1.193590785701e-13   1.401008745149e-13    2.404964934239e-13     3.857359603430e-13     3.824156955365e-13     3.871041499545e-13      6.754036317722e-12     9.575802257733e-12     9.424212735631e-12     9.698710676138e-12      2.639691589456e-14   6.509762949038e-14   7.842166999699e-14   9.184155577020e-14    3.535228256932e-12     5.789284703417e-12     5.684442365559e-12     5.914641544870e-12      
9.887870197227e+02   1.647978366205e+01   6.747978366205e+02   7.600000000000e+02   5.610750608340e+02   9.996665771735e-01   4.937763629984e-06   -1.411039880633e+02  6.747978366205e+02   0.000000000000e+00      9.857309676957e-01    2.168198951413e-09       5.709419407832e-03     7.333507245879e-03     4.658681061675e-12     2.552538928747e-11       5.152319555074e-12     6.863840780390e-10       1.299431320183e-05   3.826088541950e-05   5.634308818664e-05   7.555909925486e-05    3.421533682362e-05   9.144841386592e-05   1.344706912680e-04   1.835242153825e-04    1.791531564553e-05   5.512794695243e-05   8.099462977060e-05   1.118259281631e-04    7.106511405183e-15   3.312567703656e-14   6.194099572649e-14   9.575038032990e-14    9.755456288887e-14     2.904348225575e-13     4.331928475402e-13     5.893861226495e-13      2.106589344413e-14   8.713315049414e-14   1.600576110902e-13   2.489058840839e-13    1.096437864089e-13     3.300069295109e-13     4.894446003076e-13     6.574384233654e-13      3.178555064342e-12     8.514849652461e-12     1.253071811103e-11     1.710863562262e-11      1.261742097549e-14   5.839666755906e-14   1.050987315843e-13   1.631253793146e-13    1.664239692593e-12     5.132958740595e-12     7.547488981533e-12     1.042469678458e-11      0.000000000000e+00           0.000000000000e+00         0.000000000000e+00            0.000000000000e+00          0.000000000000e+00          2.186528748522e-23          5.047991963350e-23            2.407225938024e-23          0.000000000000e+00            7.315636918079e-10        8.913661702987e-11        4.658165288548e-12        0.000000000000e+00         1.792250111409e-09        2.006190385522e-10        1.048047460821e-11        0.000000000000e+00         8.836238313066e-10        1.139700714577e-10        5.955359699418e-12        2.472433556021e-13         0.000000000000e+00        0.000000000000e+00        0.000000000000e+00        1.123114112662e-43         3.455014265520e-38          4.640666773413e-38          1.661584899568e-38          6.964424413890e-39           0.000000000000e+00        0.000000000000e+00        2.888308770359e-41        3.346655314171e-42         4.046560547740e-38          1.230842647640e-37          6.028003359510e-38          3.157331973333e-38           0.000000000000e+00          5.140220294664e-23          1.653145962641e-23          3.755388089987e-25           0.000000000000e+00         0.000000000000e+00         9.881765120426e-42         4.155606588644e-43          1.298558983821e-23           4.981111781593e-23           1.116659652777e-23           2.387258278721e-25            0.000000000000e+00      9.860510825217e-01    2.172806594940e-09       5.701031429901e-03     7.349091695438e-03     4.660193962179e-12     2.553367862383e-11       5.172578202891e-12     6.890829039086e-10       3.220702740825e-05   5.078776873430e-05   4.993951052526e-05   5.026867870584e-05    8.556612052233e-05   1.219708154896e-04   1.195683203972e-04   1.223892097522e-04    4.520893126016e-05   7.388174936605e-05   7.224935975333e-05   7.475389300215e-05    1.769258470509e-14   4.407633315605e-14   5.498873047675e-14   6.377793055617e-14    2.428747762258e-13     3.864465014567e-13     3.845712271566e-13     3.925814923303e-13      5.291951586110e-14   1.164943106840e-13   1.425472718186e-13   1.661901883221e-13    2.754355569738e-13     4.412089951561e-13     4.358992490576e-13     4.389603556034e-13      7.984830816171e-12     1.138408900878e-11     1.115985468287e-11     1.142314247219e-11      3.198475928864e-14   7.845127098262e-14   9.390129175074e-14   1.091778531154e-13    4.218794480233e-12     6.895721176106e-12     6.743363636812e-12     6.977124093760e-12      
9.988811459950e+02   1.664801909992e+01   6.764801909992e+02   7.600000000000e+02   5.610728870475e+02   9.996127546009e-01   5.746876309160e-06   -1.440494001743e+02  6.764801909992e+02   0.000000000000e+00      9.839240142404e-01    2.273593786547e-09       6.381391729991e-03     8.205753044127e-03     5.385004879721e-12     2.789037075477e-11       5.963964292830e-12     7.871418111275e-10       1.615671509050e-05   4.750392534112e-05   6.954627786338e-05   9.251064765643e-05    4.224033337756e-05   1.136796090017e-04   1.661653531511e-04   2.249418108747e-04    2.239797375712e-05   6.872416996531e-05   1.003494176326e-04   1.373761641786e-04    9.200719800815e-15   4.268906264970e-14   7.917300146143e-14   1.211954966973e-13    1.174283327765e-13     3.491304397335e-13     5.183779029646e-13     7.007499391079e-13      2.713976613190e-14   1.125869269072e-13   2.050127657643e-13   3.156192174089e-13    1.326197338915e-13     3.983789149204e-13     5.877743611970e-13     7.833951074434e-13      4.019179131337e-12     1.084146369617e-11     1.585964079822e-11     2.147814356794e-11      1.650845450720e-14   7.580269704542e-14   1.351298426562e-13   2.074911156422e-13    2.131087751600e-12     6.554054411474e-12     9.577798803168e-12     1.311707189812e-11      0.000000000000e+00           0.000000000000e+00         0.000000000000e+00            0.000000000000e+00          0.000000000000e+00          2.591979389522e-23          5.813737211340e-23            2.852798560993e-23          6.623233892520e-23            1.061205907923e-09        1.308974739670e-10        6.904075737432e-12        0.000000000000e+00         2.584527610268e-09        2.950099603389e-10        1.555289076864e-11        0.000000000000e+00         1.288985130240e-09        1.680826652999e-10        8.861864511136e-12        3.706689854515e-13         0.000000000000e+00        0.000000000000e+00        0.000000000000e+00        1.503662184598e-43         4.221803207407e-38          1.881906530649e-37          1.139923177569e-37          8.122765502772e-38           0.000000000000e+00        7.711269398285e-40        9.645449600120e-41        1.713633537211e-41         4.967920905118e-38          6.030127969614e-37          5.394670908727e-37          4.940942228242e-37           0.000000000000e+00          5.984483602933e-23          2.118855483819e-23          4.983447420055e-25           0.000000000000e+00         0.000000000000e+00         1.324842548094e-41         1.397385277285e-42          0.000000000000e+00           5.815288052229e-23           1.447718401983e-23           3.175329012671e-25            0.000000000000e+00      9.842927238187e-01    2.278539255219e-09       6.372334928357e-03     8.223602008553e-03     5.387022823028e-12     2.790082221920e-11       5.987713469251e-12     7.902762983282e-10       4.004719291158e-05   6.306019590521e-05   6.164519436979e-05   6.154944201962e-05    1.056404056448e-04   1.516296114571e-04   1.477578852660e-04   1.500174027819e-04    5.652365126635e-05   9.210783090268e-05   8.951881723048e-05   9.183841705971e-05    2.290753357078e-14   5.680401235948e-14   7.029012583728e-14   8.073058493222e-14    2.923677205124e-13     4.645688750871e-13     4.602180965490e-13     4.667826282086e-13      6.818106502710e-14   1.505327392215e-13   1.825934458224e-13   2.107440665029e-13    3.331699564539e-13     5.326468263983e-13     5.234978689103e-13     5.230856092238e-13      1.009706245726e-11     1.449542386658e-11     1.412529825670e-11     1.434130454286e-11      4.185049616614e-14   1.018399736082e-13   1.207388579939e-13   1.388782457304e-13    5.402509346900e-12     8.805289973932e-12     8.557787583101e-12     8.779537035562e-12      
1.008989330993e+03   1.681648884988e+01   6.781648884988e+02   7.600000000000e+02   5.610697762411e+02   9.995500175203e-01   6.690082082529e-06   -1.474066236066e+02  6.781648884988e+02   0.000000000000e+00      9.819051413295e-01    2.379535958818e-09       7.121557431306e-03     9.167682361584e-03     6.204491191402e-12     3.043897157654e-11       6.881449842842e-12     8.998300631698e-10       2.004756124859e-05   5.884310681148e-05   8.560397744490e-05   1.128814084987e-04    5.208447137074e-05   1.409916878208e-04   2.047607512524e-04   2.747717523875e-04    2.794919499490e-05   8.549025247607e-05   1.240008585913e-04   1.682079408765e-04    1.186607730503e-14   5.478607814581e-14   1.007344150786e-13   1.526088471571e-13    1.410186597972e-13     4.186119062679e-13     6.185118387576e-13     8.303706554675e-13      3.485968577304e-14   1.448792862480e-13   2.613913075686e-13   3.981394266757e-13    1.600651339561e-13     4.797971631335e-13     7.039489135692e-13     9.304658789883e-13      5.067244917360e-12     1.374852332540e-11     1.998282073083e-11     2.682599562582e-11      2.152031521875e-14   9.800793600079e-14   1.729682276481e-13   2.625784318415e-13    2.719040093222e-12     8.336320192676e-12     1.210132153843e-11     1.642212170291e-11      0.000000000000e+00           0.000000000000e+00         1.008940349963e-20            0.000000000000e+00          0.000000000000e+00          3.065767147947e-23          6.691194526401e-23            3.373441784340e-23          4.135749196171e-21            1.540506170278e-09        1.923266977986e-10        1.023410480446e-11        0.000000000000e+00         3.732144962630e-09        4.340600587992e-10        2.308364313864e-11        0.000000000000e+00         1.882026590940e-09        2.480677416124e-10        1.319060550114e-11        5.555334415338e-13         0.000000000000e+00        0.000000000000e+00        9.486832314797e-42        4.004498286968e-43         5.146313019931e-38          9.366727293203e-37          1.050644223916e-36          1.360061641074e-36           0.000000000000e+00        1.020323655037e-39        3.590425203685e-40        1.197235605608e-40         1.217109650742e-37          3.801384993139e-36          6.879098827719e-36          1.175402532011e-35           1.906481781754e-20          6.962326936164e-23          2.698384648345e-23          6.577408925416e-25           0.000000000000e+00         7.190784152620e-40         3.535952234246e-41         5.608612270001e-42          1.390835154513e-20           6.782176395740e-23           1.865754936488e-23           4.201233373850e-25            0.000000000000e+00      9.823293006108e-01    2.384848325069e-09       7.111857069525e-03     9.188149413654e-03     6.207171381589e-12     3.045212047633e-11       6.909247878485e-12     9.034649814995e-10       4.969416664816e-05   7.811712700739e-05   7.588293648218e-05   7.510687083042e-05    1.302674265078e-04   1.880701237615e-04   1.820881803967e-04   1.832602980942e-04    7.053678001148e-05   1.145851931886e-04   1.106239142243e-04   1.124564443924e-04    2.954530992684e-14   7.290502394204e-14   8.943755749290e-14   1.016614214368e-13    3.511219337337e-13     5.570559543915e-13     5.491488494351e-13     5.531570595467e-13      8.758021315168e-14   1.937198602238e-13   2.328199925630e-13   2.658593593407e-13    4.021418506550e-13     6.415426372191e-13     6.270039441878e-13     6.213226972815e-13      1.273076277404e-11     1.838331818063e-11     1.779860324054e-11     1.791317697498e-11      5.455915961582e-14   1.316799682681e-13   1.545563944934e-13   1.757594222700e-13    6.893418657672e-12     1.120038257346e-11     1.081318026447e-11     1.099230657564e-11      
1.009691363085e+03   1.682818938475e+01   6.782818938475e+02   7.600000000000e+02   5.610695172921e+02   9.995452959986e-01   6.761052378831e-06   -1.476561062995e+02  6.782818938475e+02   0.000000000000e+00      9.817566231917e-01    2.386893503984e-09       7.175581112384e-03     9.237936729537e-03     6.265016218968e-12     3.062286668537e-11       6.949281500827e-12     9.081142110388e-10       2.034842008425e-05   5.971850213165e-05   8.683780909761e-05   1.144364565885e-04    5.284464317189e-05   1.431018040484e-04   2.077282712263e-04   2.785779513093e-04    2.837992916226e-05   8.678818447692e-05   1.258227839367e-04   1.705667579467e-04    1.207565429956e-14   5.573415519647e-14   1.024143942184e-13   1.550387703112e-13    1.428088071198e-13     4.238764568854e-13     6.260698969410e-13     8.401018162785e-13      3.546641706899e-14   1.474140157882e-13   2.657893172016e-13   4.045290134252e-13    1.621548892495e-13     4.859859300088e-13     7.127418471979e-13     9.415260379170e-13      5.148800408400e-12     1.397492097905e-11     2.030240057262e-11     2.723781175917e-11      2.191687727155e-14   9.975600731820e-14   1.759272523815e-13   2.668524993599e-13    2.765025075674e-12     8.475398002341e-12     1.229728135490e-11     1.667703645466e-11      0.000000000000e+00           0.000000000000e+00         9.695227106973e-23            0.000000000000e+00          0.000000000000e+00          3.101413539186e-23          6.756599769829e-23            3.412620390190e-23          9.613276479177e-23            1.580893693270e-09        1.975329638607e-10        1.051741677768e-11        0.000000000000e+00         3.828680032720e-09        4.458536998190e-10        2.372477019122e-11        9.914719213318e-13         1.932157860367e-09        2.548636882056e-10        1.355973310450e-11        5.713387475403e-13         0.000000000000e+00        0.000000000000e+00        9.673094335002e-42        4.084035126776e-43         5.217041388221e-38          1.056517759986e-36          1.240602719451e-36          1.678121025354e-36           0.000000000000e+00        1.040178314619e-39        4.184477695609e-40        1.387676304505e-40         1.234265715457e-37          4.368799785949e-36          8.328241053092e-36          1.489575700547e-35           0.000000000000e+00          7.035631450036e-23          2.743385263692e-23          6.703933681388e-25           0.000000000000e+00         7.333096618686e-40         5.410251552614e-41         6.103361255486e-42          9.495141447586e-24           6.854685114008e-23           1.898459889615e-23           4.282794837518e-25            0.000000000000e+00      9.821849045085e-01    2.392232492102e-09       7.165837705951e-03     9.258600087307e-03     6.267749268415e-12     3.063622559872e-11       6.977383285041e-12     9.117864798333e-10       5.044015459145e-05   7.927959537725e-05   7.697698441235e-05   7.614186348788e-05    1.321692402717e-04   1.908856410018e-04   1.847279027259e-04   1.857996520668e-04    7.162415062400e-05   1.163253468343e-04   1.122497726271e-04   1.140339319523e-04    3.006726320083e-14   7.416696677077e-14   9.092952298136e-14   1.032805714664e-13    3.555807316563e-13     5.640640103346e-13     5.558616785883e-13     5.596419237653e-13      8.910492268133e-14   1.971099181055e-13   2.367382878015e-13   2.701271854079e-13    4.073938125994e-13     6.498204824847e-13     6.348384740464e-13     6.287108468621e-13      1.293571497227e-11     1.868611688640e-11     1.808332855671e-11     1.818824653608e-11      5.556477633846e-14   1.340291858102e-13   1.572011119119e-13   1.786210721577e-13    7.010031492921e-12     1.138729109363e-11     1.098832771111e-11     1.116298381724e-11      
1.015430030385e+03   1.692383383976e+01   6.792383383976e+02   7.600000000000e+02   5.610671539955e+02   9.995047743242e-01   7.369974909939e-06   -1.497817380783e+02  6.792383383976e+02   0.000000000000e+00      9.805000380956e-01    2.446974526777e-09       7.630394968222e-03     9.829619235167e-03     6.778055269222e-12     3.216033787791e-11       7.524616955811e-12     9.781328470357e-10       2.297298004446e-05   6.734704192221e-05   9.755703186606e-05   1.278894735237e-04    5.947108949370e-05   1.614990084614e-04   2.335199994900e-04   3.115185443038e-04    3.214578206028e-05   9.811884588496e-05   1.416767921914e-04   1.910018360844e-04    1.392251570754e-14   6.407125752563e-14   1.171317260944e-13   1.762262130026e-13    1.582422869265e-13     4.692188684233e-13     6.910060411749e-13     9.234214046993e-13      4.081212961702e-14   1.697253495797e-13   3.043465930028e-13   4.602770920915e-13    1.802101742485e-13     5.393970294675e-13     7.884198154856e-13     1.036327832137e-12      5.862877303286e-12     1.595791123440e-11     2.309286443030e-11     3.081848764260e-11      2.542557543075e-14   1.151719522767e-13   2.019101129656e-13   3.041910905677e-13    3.168922723437e-12     9.695135790485e-12     1.401039907617e-11     1.889574414476e-11      0.000000000000e+00           0.000000000000e+00         0.000000000000e+00            0.000000000000e+00          0.000000000000e+00          3.407088785580e-23          7.314428826097e-23            3.748636327027e-23          0.000000000000e+00            1.953169814946e-09        2.457021029449e-10        1.314501461350e-11        4.514753616606e-13         4.717581636478e-09        5.550243373935e-10        2.967356096363e-11        1.242814816912e-12         2.395229317227e-09        3.178463970095e-10        1.698849811206e-11        7.183848899870e-13         0.000000000000e+00        0.000000000000e+00        1.132840099339e-41        7.186624982600e-43         1.165979597139e-37          2.941363955123e-36          5.138277237995e-36          1.007650819744e-35           0.000000000000e+00        2.433201907148e-39        1.042528535373e-39        4.966541524393e-40         2.074844176802e-37          1.433285070324e-35          4.285151926152e-35          1.126799304002e-34           0.000000000000e+00          7.663071424183e-23          3.136668443170e-23          7.825229185431e-25           0.000000000000e+00         8.599925493423e-40         8.476277610207e-41         1.525638589364e-41          0.000000000000e+00           7.475427784227e-23           2.185629787104e-23           5.006349623085e-25            0.000000000000e+00      9.809634078093e-01    2.452536999834e-09       7.620310821696e-03     9.851963968040e-03     6.781258477185e-12     3.217553637457e-11       7.555319775356e-12     9.821239387377e-10       5.694804595206e-05   8.941014953073e-05   8.648213284795e-05   8.509610391437e-05    1.487479866120e-04   2.154337739831e-04   2.076714289454e-04   2.077771755519e-04    8.113120961301e-05   1.315170204463e-04   1.263981368599e-04   1.277006253832e-04    3.466703681262e-14   8.526447467651e-14   1.040002139963e-13   1.173990555575e-13    3.940229841667e-13     6.244250834068e-13     6.135380955371e-13     6.151684187397e-13      1.025390797499e-13   2.269510464300e-13   2.710910643033e-13   3.073645356224e-13    4.527718990020e-13     7.212636213864e-13     7.022702793846e-13     6.920405737117e-13      1.473027869427e-11     2.133838382099e-11     2.056953926921e-11     2.058001648487e-11      6.446254726951e-14   1.547472097459e-13   1.804248457789e-13   2.036215243513e-13    8.034305119635e-12     1.302656751082e-11     1.251955167322e-11     1.264856317563e-11      
1.037955328730e+03   1.729925547883e+01   6.829925547883e+02   7.600000000000e+02   5.610521632226e+02   9.993072602758e-01   1.033137730494e-05   -1.597890193593e+02  6.829925547883e+02   0.000000000000e+00      9.747674289737e-01    2.679857794669e-09       9.656587935748e-03     1.246995321959e-02     9.127065522028e-12     3.880393405842e-11       1.016645822322e-11     1.294543372284e-09       3.668970118338e-05   1.070103686765e-04   1.524665609025e-04   1.954127927016e-04    9.401020874133e-05   2.573654792236e-04   3.658898456291e-04   4.771351131652e-04    5.203424907639e-05   1.575245472133e-04   2.235091194772e-04   2.942379202663e-04    2.399813785905e-14   1.090976834132e-13   1.951759298484e-13   2.860638067048e-13    2.346599172410e-13     6.926308517719e-13     1.007208868331e-12     1.322536081188e-12      6.997570019660e-14   2.907653209213e-13   5.095135071491e-13   7.500971817381e-13    2.705178333980e-13     8.051043862227e-13     1.159988835394e-12     1.492787165055e-12      9.648696295800e-12     2.647609611292e-11     3.767051796699e-11     4.914352855183e-11      4.493192730296e-14   1.995514935651e-13   3.412058481957e-13   4.994820423333e-13    5.340303655041e-12     1.620493693449e-11     2.301148816577e-11     3.030559291308e-11      0.000000000000e+00           0.000000000000e+00         0.000000000000e+00            0.000000000000e+00          0.000000000000e+00          4.884124280293e-23          9.950576343364e-23            5.373735127830e-23          0.000000000000e+00            4.466292489787e-09        5.765246316963e-10        3.138235832664e-11        1.309794181741e-12         1.069387084651e-08        1.306592344294e-09        7.104892984322e-11        3.014706508934e-12         5.553782657664e-09        7.539755849616e-10        4.096561824110e-11        1.753172064922e-12         0.000000000000e+00        7.983689847734e-40        8.280340334737e-41        1.011408268285e-41         7.147510927651e-37          4.025753545150e-34          4.581704185649e-33          4.779534994598e-32           0.000000000000e+00        5.761331131297e-38        1.147502444338e-37        3.010054769498e-37         1.823431712861e-36          4.621122422167e-33          1.166836415701e-31          1.691844269797e-30           0.000000000000e+00          0.000000000000e+00          5.196287848825e-23          1.408508051320e-24           0.000000000000e+00         6.334912319716e-39         2.747349754323e-39         1.388958216724e-39          0.000000000000e+00           1.046244913827e-22           3.721753438481e-23           9.065451635234e-25            0.000000000000e+00      9.753947827103e-01    2.686408761276e-09       9.645474415095e-03     1.250043627256e-02     9.132939639781e-12     3.882890800842e-11       1.020968540797e-11     1.300047694860e-09       9.096616641433e-05   1.420915929291e-04   1.351813078788e-04   1.300475260721e-04    2.351767826925e-04   3.433748238780e-04   3.254447376565e-04   3.182947960686e-04    1.313492124158e-04   2.111796163029e-04   1.994396169506e-04   1.967561657383e-04    5.976553003248e-14   1.452093655891e-13   1.733245866823e-13   1.906036594889e-13    5.844026071380e-13     9.218938791968e-13     8.944446220486e-13     8.812027630625e-13      1.758416043441e-13   3.888680943800e-13   4.539172488642e-13   5.009866529580e-13    6.797829774444e-13     1.076742602781e-12     1.033415078280e-12     9.970260702308e-13      2.424616304968e-11     3.540899928997e-11     3.356004824002e-11     3.282274948250e-11      1.139373059271e-13   2.681669839111e-13   3.049502289304e-13   3.344038738095e-13    1.354181420231e-11     2.177698089127e-11     2.056634908601e-11     2.028963367910e-11      
1.065263193435e+03   1.775438655725e+01   6.875438655725e+02   7.600000000000e+02   5.610131602457e+02   9.989590138621e-01   1.551606628722e-05   -1.763654756717e+02  6.875438655725e+02   0.000000000000e+00      9.658062895165e-01    2.948291728669e-09       1.268083220098e-02     1.642150414697e-02     1.276665157760e-11     4.822454825626e-11       1.428086347687e-11     1.773301267756e-09       6.354682168090e-05   1.839033419273e-04   2.559252474676e-04   3.177896696219e-04    1.614736623264e-04   4.439454777739e-04   6.161183417620e-04   7.781485354412e-04    9.172494763142e-05   2.744515077170e-04   3.798322621789e-04   4.835230239041e-04    4.499178635353e-14   2.012147185172e-13   3.494755576166e-13   4.941541793461e-13    3.709651953606e-13     1.087266975837e-12     1.553341920298e-12     1.990781484325e-12      1.308913407327e-13   5.403133918487e-13   9.175241302939e-13   1.301769870764e-12    4.345933626569e-13     1.282784754286e-12     1.811649786625e-12     2.264437771044e-12      1.718232163392e-11     4.735125868968e-11     6.576785864867e-11     8.309710034210e-11      8.695376923181e-14   3.763109227561e-13   6.219732725943e-13   8.752728257665e-13    9.760030557503e-12     2.927273261650e-11     4.054524315132e-11     5.163449699971e-11      0.000000000000e+00           0.000000000000e+00         0.000000000000e+00            0.000000000000e+00          0.000000000000e+00          7.410021580879e-23          1.431787731103e-22            8.158742240025e-23          0.000000000000e+00            1.202693716934e-08        1.599341452727e-09        8.859134632712e-11        3.740341799905e-12         2.859385709733e-08        3.639730628223e-09        2.012978603685e-10        8.637773076366e-12         1.523139303975e-08        2.122062996201e-09        1.171737596597e-10        5.063495688674e-12         0.000000000000e+00        6.339669103952e-39        3.435237287458e-39        1.319868192468e-39         1.880396165366e-35          1.821396479646e-30          4.371879822154e-28          2.899289284111e-26           5.396139290379e-38        1.672536306555e-35        8.070476028290e-34        3.744955023012e-32         8.169964458592e-35          1.116692355784e-28          9.091482547471e-26          7.522155990271e-26           0.000000000000e+00          0.000000000000e+00          9.170181787324e-23          2.751867492404e-24           0.000000000000e+00         4.561566885065e-37         1.543111981909e-36         5.176257761899e-36          0.000000000000e+00           0.000000000000e+00           6.789890344644e-23           1.785331282331e-24            0.000000000000e+00      9.666975745527e-01    2.956323671197e-09       1.266977289041e-02     1.646624075707e-02     1.277843315910e-11     4.826905181635e-11       1.434558714220e-11     1.781338215799e-09       1.575980111672e-04   2.442605466104e-04   2.269741258232e-04   2.115485532426e-04    4.040566918529e-04   5.924735581121e-04   5.481661516819e-04   5.192444282171e-04    2.316044153520e-04   3.680362170320e-04   3.390230404067e-04   3.234208750144e-04    1.120798778283e-13   2.678921731098e-13   3.104358744512e-13   3.293456824149e-13    9.241183145713e-13     1.447559676817e-12     1.379819122796e-12     1.326823315269e-12      3.290080176760e-13   7.228141012303e-13   8.176353505687e-13   8.696890824737e-13    1.092392361042e-12     1.716068717210e-12     1.614419566187e-12     1.512830225715e-12      4.318942374801e-11     6.334501052213e-11     5.860786042230e-11     5.551568105529e-11      2.205568200803e-13   5.058460111247e-13   5.560391882334e-13   5.861598222248e-13    2.475615861931e-11     3.934909707198e-11     3.624712681712e-11     3.457900975677e-11      
1.096036909867e+03   1.826728183111e+01   6.926728183111e+02   7.600000000000e+02   5.609148570554e+02   9.983547368174e-01   2.440394773597e-05   -2.029651859206e+02  6.926728183111e+02   0.000000000000e+00      9.524234741058e-01    3.219609236146e-09       1.692170988742e-02     2.197764553819e-02     1.802241105147e-11     6.072408476175e-11       2.025898626502e-11     2.444107434436e-09       1.149679647510e-04   3.292237047343e-04   4.440628573860e-04   5.290376689782e-04    2.906631731678e-04   7.982412357269e-04   1.072933657880e-03   1.299424885512e-03    1.695963140956e-04   4.997146030218e-04   6.690631893152e-04   8.149716266708e-04    8.751663616286e-14   3.835937415516e-13   6.414572704184e-13   8.662223277805e-13    6.051035885037e-13     1.755948546377e-12     2.451500061581e-12     3.045801687954e-12      2.550655587444e-13   1.038922420506e-12   1.694901625888e-12   2.293458703395e-12    7.230125453105e-13     2.110282911879e-12     2.904487968914e-12     3.498044096467e-12      3.169340729906e-11     8.724681366740e-11     1.173643398517e-10     1.421963500524e-10      1.756669993674e-13   7.365988125547e-13   1.166022835074e-12   1.560005172764e-12    1.849182369953e-11     5.461773960717e-11     7.318622800647e-11     8.918248238932e-11      0.000000000000e+00           0.000000000000e+00         0.000000000000e+00            0.000000000000e+00          0.000000000000e+00          1.153897543081e-22          2.126142618583e-22            1.272636382403e-22          0.000000000000e+00            3.581008386985e-08        4.914789699232e-09        2.762572744054e-10        1.174351350998e-11         8.479461091507e-08        1.123999290258e-08        6.303501508191e-10        2.722035934713e-11         4.639047540163e-08        6.638678395337e-09        3.713028775335e-10        1.611384887909e-11         0.000000000000e+00        5.376486880841e-37        2.450253298992e-36        4.642439293819e-36         3.452749660269e-33          2.026850583887e-24          5.818260202154e-24          1.149705152997e-25           1.427371317204e-36        7.472552478275e-31        9.497458708061e-27        8.984023130369e-26         4.538731603150e-32          1.421931819190e-22          7.148018094995e-24          1.374001099595e-25           0.000000000000e+00          0.000000000000e+00          1.647553492290e-22          5.525330167768e-24           2.360749370397e-37         1.304557562660e-33         1.736443064219e-31         9.613732359921e-30          0.000000000000e+00           0.000000000000e+00           1.264038778702e-22           3.619971674343e-24            0.000000000000e+00      9.537122740908e-01    3.229768338473e-09       1.691422100406e-02     2.204699344148e-02     1.804679860987e-11     6.080625535252e-11       2.035955362564e-11     2.456240195204e-09       2.852465649862e-04   4.374631566681e-04   3.939983026122e-04   3.523250820234e-04    7.276412315870e-04   1.065761865943e-03   9.550093598078e-04   8.674554938114e-04    4.284128146702e-04   6.703994656646e-04   5.974357161623e-04   5.453559547285e-04    2.181080576445e-13   5.109265535546e-13   5.700454848384e-13   5.775712366730e-13    1.508032919783e-12     2.338830491318e-12     2.178580874567e-12     2.030849807439e-12      6.414075489065e-13   1.390434979530e-12   1.511030891112e-12   1.532877355440e-12    1.818143173853e-12     2.824283237581e-12     2.589395736520e-12     2.337985234209e-12      7.969868920072e-11     1.167661984969e-10     1.046321157064e-10     9.503967291801e-11      4.457680563345e-13   9.905791927147e-13   1.042863374226e-12   1.045166115608e-12    4.692437588338e-11     7.345001849830e-11     6.545603944444e-11     5.975012796529e-11      
1.124739627808e+03   1.874566046347e+01   6.974566046347e+02   7.600000000000e+02   5.607234469781e+02   9.974854166512e-01   3.701625810325e-05   -2.380903801554e+02  6.974566046347e+02   0.000000000000e+00      9.360562925877e-01    3.433235263913e-09       2.173376302735e-02     2.829470583291e-02     2.410416740363e-11     7.422798161151e-11       2.721995003229e-11     3.193770524729e-09       1.945928895150e-04   5.511786069728e-04   7.188289512958e-04   8.195670906362e-04    4.912860242486e-04   1.342068887351e-03   1.742770669612e-03   2.018554253552e-03    2.935088405988e-04   8.510374277555e-04   1.099454835352e-03   1.277798924393e-03    1.562415663727e-13   6.714098427345e-13   1.079048277989e-12   1.388756802635e-12    9.310667154990e-13     2.671635455204e-12     3.640148574733e-12     4.379184786268e-12      4.576490889091e-13   1.833180638786e-12   2.868036902777e-12   3.693486133420e-12    1.134589680380e-12     3.270603994368e-12     4.381873432609e-12     5.079149841204e-12      5.403567881847e-11     1.479697538355e-10     1.923032548355e-10     2.228235753275e-10      3.255696602428e-13   1.322990605733e-12   2.002155358767e-12   2.540911242763e-12    3.228144174841e-11     9.383043781509e-11     1.213174509253e-10     1.410533693833e-10      0.000000000000e+00           0.000000000000e+00         0.000000000000e+00            0.000000000000e+00          0.000000000000e+00          1.700061448645e-22          3.026009608096e-22            1.879278179013e-22          0.000000000000e+00            9.603690938749e-08        1.355526933274e-08        7.685502953562e-10        3.268432493638e-11         2.272575212224e-07        3.114823527042e-08        1.760619630297e-09        7.601353838942e-11         1.273273677200e-07        1.864307022573e-08        1.049667606475e-09        4.544193835744e-11         1.345388901266e-37        3.213060345227e-34        2.915272779390e-32        2.987889759584e-31         3.749602759804e-30          2.002363285247e-22          9.645814286991e-24          1.919599913595e-25           1.481949572687e-34        1.067461568447e-23        7.931063807794e-24        1.684260586273e-25         2.784595477800e-28          2.211058312055e-22          1.202468582913e-23          2.315932592546e-25           0.000000000000e+00          0.000000000000e+00          2.715498372311e-22          1.002400259574e-23           7.736025535422e-36         3.128418339488e-28         2.973490347956e-24         1.205377672238e-25          0.000000000000e+00           0.000000000000e+00           2.147134879679e-22           6.631836208743e-24            0.000000000000e+00      9.378196960317e-01    3.445893684481e-09       2.173565762058e-02     2.839902909034e-02     2.414957639468e-11     7.436781708877e-11       2.736956953305e-11     3.211325676405e-09       4.830595230233e-04   7.327787030313e-04   6.381247116852e-04   5.460992473392e-04    1.230528851667e-03   1.792796218141e-03   1.552047834512e-03   1.348237957824e-03    7.418179395301e-04   1.142326837570e-03   9.822714936994e-04   8.555200457919e-04    3.895899804764e-13   8.947563023518e-13   9.594288099988e-13   9.264723948186e-13    2.321624596672e-12     3.560362849902e-12     3.236614604292e-12     2.921457384467e-12      1.151449644614e-12   2.454725472218e-12   2.558254124677e-12   2.469920974654e-12    2.854638883628e-12     4.379511088349e-12     3.908577944701e-12     3.396546859263e-12      1.359543035917e-10     1.981392974444e-10     1.715321704526e-10     1.490073611943e-10      8.265950273249e-13   1.780102657297e-12   1.791629623416e-12   1.703251888257e-12    8.195996888718e-11     1.262501872396e-10     1.085609755324e-10     9.455246358224e-11      
1.157689769038e+03   1.929482948397e+01   7.029482948397e+02   7.600000000000e+02   5.602838001161e+02   9.959255463314e-01   5.938368428170e-05   -2.952469630235e+02  7.029482948397e+02   0.000000000000e+00      9.115835260825e-01    3.625284324579e-09       2.829588532033e-02     3.691708992330e-02     3.254410462319e-11     9.192351203223e-11       3.693961392004e-11     4.190394944950e-09       3.442890775590e-04   9.629373679808e-04   1.201883023285e-03   1.295228567629e-03    8.705985222572e-04   2.356422842492e-03   2.925423392132e-03   3.199531367342e-03    5.340340255978e-04   1.518348225236e-03   1.872081703034e-03   2.048257158855e-03    2.899325878678e-13   1.218010867893e-12   1.860872392426e-12   2.253490628612e-12    1.483800989902e-12     4.192851416046e-12     5.537440265482e-12     6.397931671614e-12      8.568453436273e-13   3.356668768612e-12   4.979276483517e-12   6.022528899219e-12    1.851573644173e-12     5.248330775250e-12     6.795904688956e-12     7.511488776567e-12      9.539241767024e-11     2.588339151677e-10     3.215923368765e-10     3.518668188665e-10      6.322855144980e-13   2.475134197237e-12   3.537781722641e-12   4.199354954175e-12    5.851297363548e-11     1.667774574656e-10     2.057984389451e-10     2.252564629472e-10      0.000000000000e+00           0.000000000000e+00         0.000000000000e+00            0.000000000000e+00          0.000000000000e+00          2.576484064889e-22          4.447357900490e-22            2.857300470997e-22          0.000000000000e+00            2.856489305835e-07        4.160920520991e-08        2.368357784007e-09        1.000768599274e-10         6.775225224832e-07        9.615121571153e-08        5.450536338083e-09        2.336119521061e-10         3.899134663733e-07        5.850763741454e-08        3.298171125155e-09        1.413285275155e-10         3.264910925327e-36        3.548074373500e-29        3.318882577626e-25        1.162329967925e-25         3.949181331355e-25          3.207002455550e-22          1.661523307051e-23          3.320084970395e-25           8.507601305829e-31        2.949716716741e-22        1.555550183214e-23        3.249803086754e-25         2.275865491101e-22          3.545231509264e-22          2.108625047576e-23          4.052962153325e-25           0.000000000000e+00          0.000000000000e+00          4.589820753349e-22          1.867351601647e-23           7.316260472580e-33         2.576864301577e-22         1.154829155316e-23         2.356466673221e-25          0.000000000000e+00           0.000000000000e+00           3.741018228788e-22           1.250046392196e-23            0.000000000000e+00      9.140140712774e-01    3.641492450363e-09       2.832045163855e-02     3.708214093267e-02     3.263087661374e-11     9.216860668793e-11       3.717166603080e-11     4.216718717418e-09       8.553344367841e-04   1.281201851478e-03   1.067778654866e-03   8.637190784969e-04    2.182299473961e-03   3.150274329292e-03   2.607309703606e-03   2.138708161911e-03    1.350778392162e-03   2.039633503698e-03   1.673855551340e-03   1.372433102414e-03    7.235145313731e-13   1.624453398742e-12   1.655874825373e-12   1.504530762266e-12    3.702762720654e-12     5.591979441855e-12     4.927424346741e-12     4.271544284498e-12      2.157514982179e-12   4.498266550140e-12   4.444922786466e-12   4.030551820612e-12    4.662215775137e-12     7.033279837181e-12     6.066598572421e-12     5.027031878224e-12      2.401957037411e-10     3.468629236009e-10     2.870804846582e-10     2.354853702037e-10      1.606575447651e-12   3.332929059759e-12   3.168257896020e-12   2.817156675203e-12    1.486757242675e-10     2.245766856279e-10     1.843026450738e-10     1.511143390233e-10      
1.170944708633e+03   1.951574514388e+01   7.051574514388e+02   7.600000000000e+02   5.600043941637e+02   9.950590166083e-01   7.175164214412e-05   -3.247122830059e+02  7.051574514388e+02   0.000000000000e+00      8.997453559638e-01    3.686066049781e-09       3.123582731754e-02     4.077921206163e-02     3.638705645643e-11     9.968567682914e-11       4.138340726180e-11     4.627768336423e-09       4.285895561664e-04   1.193118351069e-03   1.460852218606e-03   1.536475302839e-03    1.085359373151e-03   2.925695287826e-03   3.561403929447e-03   3.799750996041e-03    6.728498474628e-04   1.897949887333e-03   2.292733322039e-03   2.443832574411e-03    3.667798256404e-13   1.527565518226e-12   2.283382060575e-12   2.693929455554e-12    1.775403865330e-12     4.982185330350e-12     6.491807301655e-12     7.373000980973e-12      1.088734572958e-12   4.225549790336e-12   6.126074543699e-12   7.213067186278e-12    2.237291597611e-12     6.293692819256e-12     8.031233010124e-12     8.700733119045e-12      1.183538609842e-10     3.198297644902e-10     3.896372478407e-10     4.158816212086e-10      8.153121000314e-13   3.143843674841e-12   4.384421555571e-12   5.057320456148e-12    7.336944173669e-11     2.074784801349e-10     2.508380874574e-10     2.674774302899e-10      0.000000000000e+00           0.000000000000e+00         0.000000000000e+00            0.000000000000e+00          0.000000000000e+00          3.020512170222e-22          5.160556725183e-22            3.354490890969e-22          3.689601280546e-20            4.369267084622e-07        6.447053216017e-08        3.668732685132e-09        1.543178310102e-10         1.038150067180e-06        1.493230168472e-07        8.458931430501e-09        3.607496436469e-10         6.039269507305e-07        9.149965004271e-08        5.150531999148e-09        2.193239417658e-10         1.967961586472e-35        2.247143204840e-26        7.271839164889e-24        1.495188806943e-25         1.166949556789e-22          3.845549836464e-22          2.046486799640e-23          4.091366824207e-25           1.136873767400e-28        3.635998590141e-22        2.008539239480e-23        4.161384623702e-25         0.000000000000e+00          4.253088518653e-22          2.616432243706e-23          5.019322014374e-25           0.000000000000e+00          0.000000000000e+00          5.595357465504e-22          2.356862498432e-23           3.733303029814e-31         3.211357060065e-22         1.502332143069e-23         3.033693793246e-25          0.000000000000e+00           3.209050198437e-20           4.610664438704e-22           1.585385938380e-23            0.000000000000e+00      9.024796748220e-01    3.703922201742e-09       3.127456688008e-02     4.097675594652e-02     3.649763642664e-11     9.998862079460e-11       4.165885430794e-11     4.658570660418e-09       1.065162084375e-03   1.588050998229e-03   1.298334869141e-03   1.024974555250e-03    2.721644428763e-03   3.912781936184e-03   3.175312895269e-03   2.540865605719e-03    1.702529856865e-03   2.550509201884e-03   2.050728294828e-03   1.638096772835e-03    9.156237902129e-13   2.038061770034e-12   2.032595209868e-12   1.799255905729e-12    4.432092232700e-12     6.647179012527e-12     5.778803579374e-12     4.924373773267e-12      2.742425230763e-12   5.664757518564e-12   5.470684366546e-12   4.829108869166e-12    5.635537878798e-12     8.437302951429e-12     7.172021913734e-12     5.825093041330e-12      2.981228139374e-10     4.287626824798e-10     3.479524098476e-10     2.784304614994e-10      2.072398090001e-12   4.234963432644e-12   3.927925107351e-12   3.393987913053e-12    1.864938480782e-10     2.794871079193e-10     2.247213706793e-10     1.795051694449e-10      
1.179633652202e+03   1.966056087003e+01   7.066056087003e+02   7.600000000000e+02   5.597785866363e+02   9.943952822493e-01   8.122105651569e-05   -3.464272631688e+02  7.066056087003e+02   0.000000000000e+00      8.912978088428e-01    3.720818828537e-09       3.324957936107e-02     4.342333702516e-02     3.904725176035e-11     1.049662614357e-10       4.446495624034e-11     4.924523026361e-09       4.930943541478e-04   1.368834088669e-03   1.654249661605e-03   1.711526346973e-03    1.250212181614e-03   3.361128893569e-03   4.037077397934e-03   4.235703223084e-03    7.804570005875e-04   2.190321662754e-03   2.609327229410e-03   2.732613741804e-03    4.261516108170e-13   1.765276053550e-12   2.600023234040e-12   3.014073236003e-12    1.992303429752e-12     5.564127756029e-12     7.184240196497e-12     8.066070630677e-12      1.268921616556e-12   4.895104137448e-12   6.987672556448e-12   8.079909669941e-12    2.526976986964e-12     7.071389764906e-12     8.935094359793e-12     9.551203416974e-12      1.357913503338e-10     3.659827095843e-10     4.399388030462e-10     4.617706872852e-10      9.594861997529e-13   3.663741665406e-12   5.025273831362e-12   5.685744625069e-12    8.476687559902e-11     2.384966079545e-10     2.843509709545e-10     2.979067661516e-10      0.000000000000e+00           0.000000000000e+00         0.000000000000e+00            0.000000000000e+00          0.000000000000e+00          3.344230825030e-22          5.678201008200e-22            3.717558894519e-22          9.860062582533e-21            5.748496093684e-07        8.555765533773e-08        4.865229119759e-09        2.039100988535e-10         1.367750561105e-06        1.984658052843e-07        1.123137965549e-08        4.771278273891e-10         8.013298977756e-07        1.221829553482e-07        6.867055799233e-09        2.910300782204e-10         7.612496290389e-35        3.043194974689e-24        8.581628572837e-24        1.747581597793e-25         7.585935871815e-23          4.321483334285e-22          2.338841617165e-23          4.675825720649e-25           4.924211012000e-27        4.153850526448e-22        2.364201752393e-23        4.869088530455e-25         0.000000000000e+00          4.780877210070e-22          3.004841704341e-23          5.755361672788e-25           0.000000000000e+00          0.000000000000e+00          6.347734475262e-22          2.731364682931e-23           7.944641495813e-30         3.693759542874e-22         1.777144424474e-23         3.562198336341e-25          0.000000000000e+00           7.677592661198e-21           5.266145018585e-22           1.843174663794e-23            0.000000000000e+00      8.942424569855e-01    3.739830317038e-09       3.329960460136e-02     4.364520815369e-02     3.917625512626e-11     1.053130464314e-10       4.477273006909e-11     4.958609179475e-09       1.225797624736e-03   1.822411143535e-03   1.470605282634e-03   1.142051582874e-03    3.135856505951e-03   4.496311079881e-03   3.600368885862e-03   2.833131357961e-03    1.975332411091e-03   2.944182198798e-03   2.334520853272e-03   1.832149819140e-03    1.064119479929e-12   2.355834386928e-12   2.315070242183e-12   2.013609025683e-12    4.974870059659e-12     7.425560140892e-12     6.396873871686e-12     5.388692096036e-12      3.197144078396e-12   6.564092116565e-12   6.241752701519e-12   5.410883148508e-12    6.366909826978e-12     9.482383317217e-12     7.981291182155e-12     6.396166260265e-12      3.421365874397e-10     4.907646806537e-10     3.929762292429e-10     3.092345499358e-10      2.439510315962e-12   4.936602921359e-12   4.503241695796e-12   3.816733158940e-12    2.155212524463e-10     3.213553681144e-10     2.548122135456e-10     1.999791949203e-10      
1.185123138789e+03   1.975205231316e+01   7.075205231316e+02   7.600000000000e+02   5.596159396795e+02   9.939314895438e-01   8.784094134233e-05   -3.612088306324e+02  7.075205231316e+02   0.000000000000e+00      8.856663874207e-01    3.740717577013e-09       3.455503544094e-02     4.513666355525e-02     4.078584963155e-11     1.083784809368e-10       4.648107070811e-11     5.115803865692e-09       5.380091862265e-04   1.491071922721e-03   1.786826193956e-03   1.829246562870e-03    1.365256855409e-03   3.664435864708e-03   4.363482658508e-03   4.529059656335e-03    8.560412875519e-04   2.394908793413e-03   2.827466085442e-03   2.927586414469e-03    4.677525080332e-13   1.931279849065e-12   2.817594567899e-12   3.229635781930e-12    2.140812837298e-12     5.960197361835e-12     7.650510237773e-12     8.526485812172e-12      1.395668860656e-12   5.363743374182e-12   7.580654353166e-12   8.664211233735e-12    2.726567990477e-12     7.603786031596e-12     9.547061181335e-12     1.011844138968e-11      1.478735979873e-10     3.979004150607e-10     4.741879964323e-10     4.923808868367e-10      1.061814996503e-12   4.029754069282e-12   5.468484441977e-12   6.110984804213e-12    9.271718086942e-11     2.600491295367e-10     3.072669578362e-10     3.182762739209e-10      0.000000000000e+00           0.000000000000e+00         1.109870480958e-20            0.000000000000e+00          0.000000000000e+00          3.563012011268e-22          6.027039965961e-22            3.963189013090e-22          0.000000000000e+00            6.824572971342e-07        1.021405420025e-07        5.804268141204e-09        2.426546703788e-10         1.625357290664e-06        2.371620596095e-07        1.340950832073e-08        5.681186902339e-10         9.565488217802e-07        1.464438015074e-07        8.220516698381e-09        3.472540119867e-10         1.932706159098e-34        6.986151492583e-23        9.491017462482e-24        1.924767797063e-25         0.000000000000e+00          4.647763563695e-22          2.541602153090e-23          5.080503308019e-25           6.881859817044e-26        4.511450739725e-22        2.616044838759e-23        5.366359381080e-25         0.000000000000e+00          5.142787343544e-22          3.275466747456e-23          6.266701578577e-25           0.000000000000e+00          0.000000000000e+00          6.864542519492e-22          2.991967869936e-23           6.855498783041e-29         4.028433645616e-22         1.972652907038e-23         3.934811382089e-25          0.000000000000e+00           0.000000000000e+00           5.718395218219e-22           2.023121638388e-23            0.000000000000e+00      8.887487633112e-01    3.760492216153e-09       3.461311330541e-02     4.537527051111e-02     4.092779621704e-11     1.087556694825e-10       4.681103366530e-11     5.152120278937e-09       1.337688016731e-03   1.985502977339e-03   1.588743466513e-03   1.220817591724e-03    3.425020863050e-03   4.902918885709e-03   3.892150083256e-03   3.029881398309e-03    2.167017011752e-03   3.219750080086e-03   2.530131046239e-03   1.963219500398e-03    1.168204255536e-12   2.577826808193e-12   2.509237937403e-12   2.157999286119e-12    5.346645125117e-12     7.955530913293e-12     6.813240892720e-12     5.697283389886e-12      3.517112022588e-12   7.193779514268e-12   6.772626214280e-12   5.803193896289e-12    6.871003093960e-12     1.019809419822e-11     8.529432132602e-12     6.777221345197e-12      3.726442739862e-10     5.336586139374e-10     4.236439106069e-10     3.297913312657e-10      2.700158020991e-12   5.430731043392e-12   4.901273141990e-12   4.102910583315e-12    2.357765151488e-10     3.504573371728e-10     2.753960999328e-10     2.136904499889e-10      
1.195428007617e+03   1.992380012695e+01   7.092380012695e+02   7.600000000000e+02   5.592635606910e+02   9.929562726128e-01   1.017792069718e-04   -3.913709960568e+02  7.092380012695e+02   0.000000000000e+00      8.744533647361e-01    3.773818405951e-09       3.707018232575e-02     4.843543689134e-02     4.417150175609e-11     1.149373277048e-10       5.041145610109e-11     5.482209772725e-09       6.317774913278e-04   1.746189908321e-03   2.058829957877e-03   2.065467511713e-03    1.606092309930e-03   4.298404983396e-03   5.033919876700e-03   5.118123993106e-03    1.015465198637e-03   2.824789755985e-03   3.277632310680e-03   3.320582917840e-03    5.552355204051e-13   2.279308751532e-12   3.265255333950e-12   3.662918341605e-12    2.445546999050e-12     6.767206333984e-12     8.588906300505e-12     9.438829083130e-12      1.663439912210e-12   6.348783345307e-12   8.802965079133e-12   9.840067002203e-12    3.139032849294e-12     8.695708161653e-12     1.078625131970e-11     1.124756246889e-11      1.729595998682e-10     4.640664849623e-10     5.439133493865e-10     5.532360575863e-10      1.280243725076e-12   4.804221292866e-12   6.387151209315e-12   6.970508251034e-12    1.093526408217e-10     3.049710832960e-10     3.541482943388e-10     3.589348445050e-10      0.000000000000e+00           0.000000000000e+00         2.037333479159e-21            0.000000000000e+00          0.000000000000e+00          4.005411118514e-22          6.730140062928e-22            4.460454089816e-22          0.000000000000e+00            9.384406562956e-07        1.419704300822e-07        8.053527591382e-09        3.349299535833e-10         2.239517695872e-06        3.302472817157e-07        1.863299749160e-08        7.850144521846e-10         1.329234994701e-06        2.050885299180e-07        1.148013662026e-08        4.817216563667e-10         1.338734142430e-33        2.983461002623e-22        1.142535213420e-23        2.298119718386e-25         0.000000000000e+00          5.318252609448e-22          2.963474896173e-23          5.920713581907e-25           1.705467975977e-23        5.251853828262e-22        3.152132027524e-23        6.415202360574e-25         8.638381429251e-22          5.886674471332e-22          3.841485820767e-23          7.332429569116e-25           0.000000000000e+00          0.000000000000e+00          7.928366765893e-22          3.535486470386e-23           6.612884735218e-27         4.724812145392e-22         2.391057231043e-23         4.723752465683e-25          0.000000000000e+00           0.000000000000e+00           6.653714497092e-22           2.399752153471e-23            0.000000000000e+00      8.778054512955e-01    3.795102812232e-09       3.714555204492e-02     4.870861365988e-02     4.434082662042e-11     1.153779228090e-10       5.078718283524e-11     5.523069786165e-09       1.571383064420e-03   2.326034746346e-03   1.831237696951e-03   1.378953663639e-03    4.030622563177e-03   5.753176370458e-03   4.491748140265e-03   3.425162372085e-03    2.571493476851e-03   3.799024439197e-03   2.933989918536e-03   2.227543732808e-03    1.387179539821e-12   3.043437997127e-12   2.908929962560e-12   2.448374001613e-12    6.109862636811e-12     9.035885497042e-12     7.651630371256e-12     6.309117915708e-12      4.193375018396e-12   8.517897550949e-12   7.867416911341e-12   6.593088098105e-12    7.913205542042e-12     1.166666859228e-11     9.639926465652e-12     7.536144848375e-12      4.360148268389e-10     6.226186279707e-10     4.861081516058e-10     3.706818323390e-10      3.256760003958e-12   6.476726080223e-12   5.726666557426e-12   4.681640568497e-12    2.781777406752e-10     4.111413793179e-10     3.175264099903e-10     2.410733721221e-10      
1.205843657138e+03   2.009739428563e+01   7.109739428563e+02   7.600000000000e+02   5.588369573388e+02   9.918130023232e-01   1.181679696963e-04   -4.253173086710e+02  7.109739428563e+02   0.000000000000e+00      8.622320885769e-01    3.801714279102e-09       3.968961468146e-02     5.186719201103e-02     4.775655114319e-11     1.217605515252e-10       5.457871935239e-11     5.861358876986e-09       7.401689327799e-04   2.041350662490e-03   2.366406526461e-03   2.324768680419e-03    1.885556949716e-03   5.033332189804e-03   5.793168119422e-03   5.765316188247e-03    1.202319512721e-03   3.326597644108e-03   3.790587773709e-03   3.754520574767e-03    6.573570960406e-13   2.684478191842e-12   3.773577197579e-12   4.139863576622e-12    2.790950082128e-12     7.673212669991e-12     9.625168266085e-12     1.042577371310e-11      1.977980192186e-12   7.499396768636e-12   1.019419895517e-11   1.113639591634e-11    3.610873916120e-12     9.932026603356e-12     1.216559374836e-11     1.247630364403e-11      2.017594413682e-10     5.399538617212e-10     6.219684185882e-10     6.192300997355e-10      1.540334112842e-12   5.716780450270e-12   7.440372146737e-12   7.923543182581e-12    1.286486009860e-10     3.568630123206e-10     4.069683464230e-10     4.032601039118e-10      0.000000000000e+00           0.000000000000e+00         0.000000000000e+00            0.000000000000e+00          0.000000000000e+00          4.497489471230e-22          7.508881048130e-22            5.014383618900e-22          0.000000000000e+00            1.288820989945e-06        1.972065437998e-07        1.116002443059e-08        4.613668023291e-10         3.082731649834e-06        4.595930137119e-07        2.585841020320e-08        1.082538024465e-09         1.845638453019e-06        2.870933163132e-07        1.601379490994e-08        6.669660462480e-10         1.238935119077e-32        3.530452204569e-22        1.371840493897e-23        2.735058147899e-25         0.000000000000e+00          6.079854219564e-22          3.449900484451e-23          6.886492761102e-25           0.000000000000e+00        6.100418322792e-22        3.788194041748e-23        7.644212785159e-25         0.000000000000e+00          6.731927314244e-22          4.498524682161e-23          8.563549390705e-25           0.000000000000e+00          0.000000000000e+00          9.138658130518e-22          4.162937545663e-23           1.461012873517e-24         5.527721051843e-22         2.890949602701e-23         5.652830587076e-25          0.000000000000e+00           0.000000000000e+00           7.723834032557e-22           0.000000000000e+00            0.000000000000e+00      8.658740496213e-01    3.824643353993e-09       3.978578211206e-02     5.218001581701e-02     4.795826887231e-11     1.222748529427e-10       5.500689673663e-11     5.907342024664e-09       1.841694935615e-03   2.720265291084e-03   2.105632220305e-03   1.552672900411e-03    4.733803269073e-03   6.739456478155e-03   5.171233547241e-03   3.859778777586e-03    3.045854830712e-03   4.475640092792e-03   3.394484771844e-03   2.519621587200e-03    1.642955159101e-12   3.585833356519e-12   3.363088365370e-12   2.768251056268e-12    6.975517361634e-12     1.024961276547e-11     8.578144745829e-12     6.971524196273e-12      4.988241214744e-12   1.006554185172e-11   9.114339747766e-12   7.464563345703e-12    9.106213581304e-12     1.333056944881e-11     1.087690706681e-11     8.362683903360e-12      5.088143778549e-10     7.247153818937e-10     5.560840537177e-10     4.150608814345e-10      3.919917761432e-12   7.709974861242e-12   6.673570906942e-12   5.323802962084e-12    3.273912664689e-10     4.812857302870e-10     3.650263808277e-10     2.709491557282e-10      
1.213300974211e+03   2.022168290352e+01   7.122168290352e+02   7.600000000000e+02   5.584823559489e+02   9.908828030942e-01   1.315524301333e-04   -4.519497503562e+02  7.122168290352e+02   0.000000000000e+00      8.529095315614e-01    3.818309335918e-09       4.160627360020e-02     5.437524917892e-02     5.042500653205e-11     1.267580592557e-10       5.768356890511e-11     6.137608970117e-09       8.268922045222e-04   2.278009500221e-03   2.608075889772e-03   2.523229495694e-03    2.109956202145e-03   5.623614796318e-03   6.390499502736e-03   6.261027928279e-03    1.353684550471e-03   3.732088471676e-03   4.196320309283e-03   4.088335960669e-03    7.397937861958e-13   3.011235988595e-12   4.174644258730e-12   4.506051361296e-12    3.063464796387e-12     8.381922693743e-12     1.042401737043e-11     1.117298513568e-11      2.233323817477e-12   8.430010617678e-12   1.129411638200e-11   1.213297073568e-11    3.986100652219e-12     1.090613791464e-11     1.323615676217e-11     1.341138424635e-11      2.246753544067e-10     6.003582086897e-10     6.827808322755e-10     6.692205308506e-10      1.753990055874e-12   6.460431073268e-12   8.278261080508e-12   8.659829570038e-12    1.441421861254e-10     3.984257846148e-10     4.483501237450e-10     4.369907002369e-10      0.000000000000e+00           0.000000000000e+00         0.000000000000e+00            0.000000000000e+00          0.000000000000e+00          4.879644521744e-22          8.111472885971e-22            5.445121915238e-22          3.816169530213e-20            1.612964831162e-06        2.489202868021e-07        1.405677752196e-08        5.784117714964e-10         3.865004419643e-06        5.808959140528e-07        3.260486933110e-08        1.358219611481e-09         2.328528945567e-06        3.644172541804e-07        2.026681190607e-08        8.392378066463e-10         7.322647911094e-32        3.966588392322e-22        1.559531710531e-23        3.088607501464e-25         0.000000000000e+00          6.682147965854e-22          3.839008263176e-23          7.656746228688e-25           0.000000000000e+00        6.776175830589e-22        4.309214833054e-23        8.639708072954e-25         4.089883978788e-21          7.400597892445e-22          5.027134102665e-23          9.549643517033e-25           0.000000000000e+00          0.000000000000e+00          1.009657785318e-21          4.664554960600e-23           1.014438726606e-22         6.170150227072e-22         3.302871173592e-23         6.408592157532e-25          0.000000000000e+00           0.000000000000e+00           8.574542684989e-22           3.187096898578e-23            0.000000000000e+00      8.567721761642e-01    3.842504836796e-09       4.171974850093e-02     5.471980910676e-02     5.065337058723e-11     1.273321193586e-10       5.815375598789e-11     6.187637505307e-09       2.058105261592e-03   3.036554085394e-03   2.321374616831e-03   1.685733135635e-03    5.298779354750e-03   7.532110591113e-03   5.706169516752e-03   4.192921855238e-03    3.430351482693e-03   5.022716367704e-03   3.758960672419e-03   2.744474833726e-03    1.849553414449e-12   4.023526432180e-12   3.721657102288e-12   3.014028995545e-12    7.658947506629e-12     1.119968266801e-11     9.292915965211e-12     7.473439263253e-12      5.633898902762e-12   1.131802875832e-11   1.010081020315e-11   8.135022144171e-12    1.005554497520e-11     1.464244686730e-11     1.183765978247e-11     8.992184206564e-12      5.667777430052e-10     8.060335602655e-10     6.106400327302e-10     4.487049343813e-10      4.464995164320e-12   8.715549814921e-12   7.427361871823e-12   5.820278059206e-12    3.669314782424e-10     5.375027972557e-10     4.022654736237e-10     2.937017829388e-10      
1.221445366670e+03   2.035742277783e+01   7.135742277783e+02   7.600000000000e+02   5.580429645978e+02   9.897458469583e-01   1.479833765905e-04   -4.834400406061e+02  7.135742277783e+02   0.000000000000e+00      8.421613040193e-01    3.833266109312e-09       4.373213312194e-02     5.715358043520e-02     5.343726707412e-11     1.323153499839e-10       6.119103142109e-11     6.443272342366e-09       9.308972016757e-04   2.562745899126e-03   2.893558847007e-03   2.752183944300e-03    2.379990426604e-03   6.334921037147e-03   7.096941790281e-03   6.833278390913e-03    1.537292318929e-03   4.223369370865e-03   4.678458686787e-03   4.475176794159e-03    8.394897897326e-13   3.406598731482e-12   4.650460676468e-12   4.930004668250e-12    3.387141670324e-12     9.217097591438e-12     1.135308183443e-11     1.202808307995e-11      2.543736015004e-12   9.558886012597e-12   1.260136413312e-11   1.328803553158e-11    4.434881839575e-12     1.206133880679e-11     1.448860297948e-11     1.448634398953e-11      2.520366253933e-10     6.725883867552e-10     7.541046419393e-10     7.263852685628e-10      2.016496648620e-12   7.368556779973e-12   9.279579729657e-12   9.516917965335e-12    1.627935943066e-10     4.484028022292e-10     4.971250263904e-10     4.757187729611e-10      0.000000000000e+00           0.000000000000e+00         0.000000000000e+00            6.443609636171e-13          8.749984544191e-13          5.327526549606e-22          8.815509711107e-22            5.950515435036e-22          1.005513656211e-19            2.055521586529e-06        3.203357866058e-07        1.804113670864e-08        7.382919573295e-10         4.935920670624e-06        7.486681835568e-07        4.189528545362e-08        1.735105974698e-09         2.994334693380e-06        4.718859602482e-07        2.614813839001e-08        1.075516931726e-09         6.168427709181e-31        4.494737187473e-22        1.789489498872e-23        3.517224286399e-25         0.000000000000e+00          7.399527638101e-22          4.306464411066e-23          8.579397517346e-25           0.000000000000e+00        7.585604380970e-22        4.947994885006e-23        9.847658237227e-25         4.071364598870e-20          5.780973958707e-22          5.665371650777e-23          1.073531203061e-24           0.000000000000e+00          0.000000000000e+00          1.123793947621e-21          5.266084987996e-23           0.000000000000e+00         6.942594090479e-22         3.810544515836e-23         7.329080877403e-25          1.552853691418e-18           1.024998680628e-19           9.591683955481e-22           3.608916664225e-23            0.000000000000e+00      8.462807302471e-01    3.858949242738e-09       4.386723950527e-02     5.753651315894e-02     5.369865509857e-11     1.329625696086e-10       6.171208280328e-11     6.498137832976e-09       2.317806590328e-03   3.417337092668e-03   2.576404858277e-03   1.839358192815e-03    5.979080333527e-03   8.487877679786e-03   6.339250161999e-03   4.577802216783e-03    3.897035746131e-03   5.685943935076e-03   4.192361588099e-03   3.005243428400e-03    2.099560534031e-12   4.553442221304e-12   4.147340026712e-12   3.298795566293e-12    8.471227477882e-12     1.232006603621e-11     1.012482289265e-11     8.048306199521e-12      6.419277854047e-12   1.283827687419e-11   1.127400690731e-11   8.912697227580e-12    1.119170330969e-11     1.619925238891e-11     1.296245456780e-11     9.716439845938e-12      6.360302791851e-10     9.033349618510e-10     6.746714762185e-10     4.872091103225e-10      5.135091114437e-12   9.944260896757e-12   8.328763987648e-12   6.398637358768e-12    4.145605400252e-10     6.051435288283e-10     4.461879888727e-10     3.198463960731e-10      
1.228562868339e+03   2.047604780565e+01   7.147604780565e+02   7.600000000000e+02   5.576103786413e+02   9.886362494014e-01   1.641028754686e-04   -5.131663419062e+02  7.147604780565e+02   0.000000000000e+00      8.322684571856e-01    3.843670360150e-09       4.561212861311e-02     5.960709724129e-02     5.615435777726e-11     1.372503198600e-10       6.435673313867e-11     6.713306465933e-09       1.030143354601e-03   2.835687631903e-03   3.162242077101e-03   2.962619564840e-03    2.638588922464e-03   7.017822638818e-03   7.762576389231e-03   7.359575086482e-03    1.714537607184e-03   4.697567569391e-03   5.134886707237e-03   4.832303471808e-03    9.354616726289e-13   3.787885778017e-12   5.100453771593e-12   5.321342261940e-12    3.693892396310e-12     1.000233037331e-11     1.221513119217e-11     1.280888689383e-11      2.844136944926e-12   1.065029492468e-11   1.383982434871e-11   1.435537861776e-11    4.863088475796e-12     1.315412280042e-11     1.565737792893e-11     1.547227966318e-11      2.780459569443e-10     7.414350186988e-10     8.207849230792e-10     7.784920548386e-10      2.273225584756e-12   8.252316040627e-12   1.023332349643e-11   1.031227380056e-11    1.806695545294e-10     4.963011384512e-10     5.429465583940e-10     5.111613144240e-10      0.000000000000e+00           0.000000000000e+00         0.000000000000e+00            0.000000000000e+00          0.000000000000e+00          5.746769272708e-22          9.472612544892e-22            6.424130265869e-22          0.000000000000e+00            2.535363638177e-06        3.986936806957e-07        2.239427126852e-08        9.117346800192e-10         6.100283759145e-06        9.330253356627e-07        5.205727368680e-08        2.144292742899e-09         3.723336515428e-06        5.905434575613e-07        3.260749248091e-08        1.332854752916e-09         4.729718157779e-30        5.004735119075e-22        2.013877107961e-23        3.931027798514e-25         0.000000000000e+00          8.081939343678e-22          4.754142198109e-23          9.460265590979e-25           0.000000000000e+00        8.359549302217e-22        5.571725851862e-23        1.101486477197e-24         0.000000000000e+00          8.083575011693e-22          6.279580868470e-23          1.187146505266e-24           0.000000000000e+00          0.000000000000e+00          1.232374509252e-21          5.840542766361e-23           0.000000000000e+00         7.683688402642e-22         4.308786787165e-23         8.221759334042e-25          0.000000000000e+00           0.000000000000e+00           1.056222514622e-21           4.013084936987e-23            0.000000000000e+00      8.366291150555e-01    3.870763175052e-09       4.576888724187e-02     6.002724878945e-02     5.644857767717e-11     1.379694408146e-10       6.492721733726e-11     6.772815938715e-09       2.565804148558e-03   3.782605341003e-03   2.816613604023e-03   1.980683619097e-03    6.631034422058e-03   9.406123217798e-03   6.936220701922e-03   4.932090311828e-03    4.347857651140e-03   6.326549523009e-03   4.602959668398e-03   3.246190696348e-03    2.340396014186e-12   5.064844234858e-12   4.550224783728e-12   3.561882870045e-12    9.241609030183e-12     1.337428008532e-11     1.089738191466e-11     8.573730567527e-12      7.179844000860e-12   1.430907164650e-11   1.238630251284e-11   9.631931673479e-12    1.227655956612e-11     1.767305853304e-11     1.401296827902e-11     1.038133124293e-11      7.019094490127e-10     9.961458230792e-10     7.345823255469e-10     5.223395690361e-10      5.790866510328e-12   1.114079791372e-11   9.187964753925e-12   6.935790653509e-12    4.602417286592e-10     6.700168365600e-10     4.874832544414e-10     3.437949704966e-10      
1.234737043398e+03   2.057895072331e+01   7.157895072331e+02   7.600000000000e+02   5.571954454084e+02   9.875760723741e-01   1.795571272404e-04   -5.407200765538e+02  7.157895072331e+02   0.000000000000e+00      8.232985358987e-01    3.850710892544e-09       4.725517680486e-02     6.174834689166e-02     5.857600767088e-11     1.415852337266e-10       6.717945141689e-11     6.949395957305e-09       1.122868390450e-03   3.091871908963e-03   3.410332850984e-03   3.152860492954e-03    2.880839354056e-03   7.659686162053e-03   8.377822262631e-03   7.835626369231e-03    1.881773734800e-03   5.145388351969e-03   5.558512777329e-03   5.156414184690e-03    1.025864406296e-12   4.147849862219e-12   5.517984418588e-12   5.676734063978e-12    3.979252630816e-12     1.072758815348e-11     1.300200343604e-11     1.351155377458e-11      3.128292068591e-12   1.168292979515e-11   1.499069569859e-11   1.532557405685e-11    5.263795790033e-12     1.416879947330e-11     1.672951740596e-11     1.636299868910e-11      3.022605023001e-10     8.057580647612e-10     8.820193993406e-10     8.252757077760e-10      2.518348783039e-12   9.093304733452e-12   1.112378649844e-11   1.103790840885e-11    1.974347046247e-10     5.412697636669e-10     5.852057499414e-10     5.430947492968e-10      0.000000000000e+00           0.000000000000e+00         2.482303899404e-20            0.000000000000e+00          0.000000000000e+00          6.132748184618e-22          1.007600145967e-21            6.860602097212e-22          1.791820868984e-21            3.007564783858e-06        4.814424688452e-07        2.697287121349e-08        1.092974592615e-09         7.319382993548e-06        1.127971107247e-06        6.275643493414e-08        2.572176299855e-09         4.491371918154e-06        7.165455141741e-07        3.943265254915e-08        1.602692818247e-09         3.188800516538e-29        5.486903255563e-22        2.227810070144e-23        4.321790111869e-25         6.821424777666e-21          8.719219988634e-22          5.174191798737e-23          1.028435270647e-24           9.123118703396e-21        9.085406879445e-22        6.166761077656e-23        1.211789226474e-24         0.000000000000e+00          9.092782755081e-22          6.858312444245e-23          1.293779570105e-24           0.000000000000e+00          0.000000000000e+00          1.333762138961e-21          6.377777699548e-23           9.919537154756e-21         8.380644814044e-22         4.786214858306e-23         9.068019729049e-25          0.000000000000e+00           0.000000000000e+00           1.147061961249e-21           4.392145768988e-23            0.000000000000e+00      8.278841393823e-01    3.879127549734e-09       4.743316306602e-02     6.220402420803e-02     5.890226398390e-11     1.423738343529e-10       6.779722736877e-11     7.013301952546e-09       2.797675724741e-03   4.125692128287e-03   3.038586531001e-03   2.108563373451e-03    7.242212591596e-03   1.026979871773e-02   7.488431119312e-03   5.252846130824e-03    4.773516019130e-03   6.931938736225e-03   4.984339229325e-03   3.465056362163e-03    2.567414522846e-12   5.547980519654e-12   4.924330420593e-12   3.801015763920e-12    9.958812228720e-12     1.434874744154e-11     1.160317902186e-11     9.047038017531e-12      7.899770571840e-12   1.570161308437e-11   1.342071251015e-11   1.028627600657e-11    1.329248617665e-11     1.904256989477e-11     1.497742653532e-11     1.098257854400e-11      7.632882636100e-10     1.082921971999e-09     7.896450588373e-10     5.539116303386e-10      6.417406905498e-12   1.228018389669e-11   9.990746567270e-12   7.426274654798e-12    5.031149161613e-10     7.309655213792e-10     5.255982158766e-10     3.653926652102e-10      
1.241363714009e+03   2.068939523349e+01   7.168939523349e+02   7.600000000000e+02   5.567060956127e+02   9.863266025535e-01   1.978613169740e-04   -5.722330301001e+02  7.168939523349e+02   0.000000000000e+00      8.132600405844e-01    3.856244843780e-09       4.902645823102e-02     6.405315844443e-02     6.124278944391e-11     1.462881401272e-10       7.028893887487e-11     7.204340291684e-09       1.229685657879e-03   3.388082752651e-03   3.692580842426e-03   3.364818233733e-03    3.160093754765e-03   8.402854922527e-03   9.078478605657e-03   8.366302153753e-03    2.075935051089e-03   5.666305442723e-03   6.042900267835e-03   5.518891005894e-03    1.130883914458e-12   4.566632760146e-12   5.995552517392e-12   6.074763484039e-12    4.306683756011e-12     1.155384148683e-11     1.388806115230e-11     1.429185881355e-11      3.459136399782e-12   1.288686720372e-11   1.630900063681e-11   1.641312169012e-11    5.726210948428e-12     1.533066426163e-11     1.794253089225e-11     1.735584441814e-11      3.300151809285e-10     8.798287678523e-10     9.513455583523e-10     8.770766622373e-10      2.806381153645e-12   1.007930211952e-11   1.214844401097e-11   1.185421201759e-11    2.167914410774e-10     5.932990260908e-10     6.332481043388e-10     5.785733639935e-10      0.000000000000e+00           0.000000000000e+00         0.000000000000e+00            0.000000000000e+00          0.000000000000e+00          6.571614494926e-22          1.076054420418e-21            7.357391294970e-22          0.000000000000e+00            3.594015691585e-06        5.888624383575e-07        3.289179770797e-08        1.325726745552e-09         8.887835231890e-06        1.381367287989e-06        7.660132021008e-08        3.122049880181e-09         5.485537811801e-06        8.810002050988e-07        4.829518169373e-08        1.950385950230e-09         2.896588632450e-28        6.049099592789e-22        2.478992615688e-23        4.776234090218e-25         0.000000000000e+00          9.454288623137e-22          5.659948642937e-23          1.123443090733e-24           0.000000000000e+00        9.926061839499e-22        6.865849093880e-23        1.340157859460e-24         0.000000000000e+00          1.758324602146e-21          7.530285607598e-23          1.417095932611e-24           0.000000000000e+00          1.106061480044e-19          1.450676501640e-21          6.996626947098e-23           0.000000000000e+00         9.189649583228e-22         5.349524822216e-23         1.005588129581e-24          0.000000000000e+00           0.000000000000e+00           1.252013142577e-21           4.829984968340e-23            0.000000000000e+00      8.181065772852e-01    3.886207433629e-09       4.923018243211e-02     6.455084430016e-02     6.160775933286e-11     1.471599287367e-10       7.096279265578e-11     7.273407658786e-09       3.065002669129e-03   4.522697731971e-03   3.291342541253e-03   2.251187888639e-03    7.947314993348e-03   1.127057445677e-02   8.117849629492e-03   5.610773494312e-03    5.268087438734e-03   7.636683105458e-03   5.420790731714e-03   3.710073871508e-03    2.831341728580e-12   6.110492542175e-12   5.352592225650e-12   4.069103401891e-12    1.078244484186e-11     1.545989483869e-11     1.239871186809e-11     9.573220664535e-12      8.738625009147e-12   1.732639011971e-11   1.460660771367e-11   1.102048842638e-11    1.446581008044e-11     2.061207472632e-11     1.606962412779e-11     1.165347373591e-11      8.336991029441e-10     1.182929584775e-09     8.520406418789e-10     5.889076671534e-10      7.154158953289e-12   1.361701196952e-11   1.091526251970e-11   7.978571526495e-12    5.526549475170e-10     8.015396149442e-10     5.689674572906e-10     3.894133967822e-10      
1.246070966327e+03   2.076784943879e+01   7.176784943879e+02   7.600000000000e+02   5.563292514201e+02   9.853621931384e-01   2.120694253589e-04   -5.959075380273e+02  7.176784943879e+02   0.000000000000e+00      8.058653146506e-01    3.858920621563e-09       5.028670926285e-02     6.569052985129e-02     6.318018841483e-11     1.496571951920e-10       7.254846646688e-11     7.386214620057e-09       1.310299053718e-03   3.612521227545e-03   3.903346734880e-03   3.520139202995e-03    3.370898862016e-03   8.966651425054e-03   9.602159985383e-03   8.755360111404e-03    2.223454609594e-03   6.063138910422e-03   6.406244243948e-03   5.785407918574e-03    1.210770855169e-12   4.885831143807e-12   6.354069024478e-12   6.367996446061e-12    4.553305702832e-12     1.217215233383e-11     1.454419034717e-11     1.486251640860e-11      3.711227494458e-12   1.380625700255e-11   1.729996720996e-11   1.721494736949e-11    6.076261213059e-12     1.620401054146e-11     1.884450649455e-11     1.808434479019e-11      3.508672539751e-10     9.357699780232e-10     1.002910449642e-09     9.148425421866e-10      3.027665011637e-12   1.083600219905e-11   1.292177611773e-11   1.245794805027e-11    2.314303435756e-10     6.327600063676e-10     6.691140622139e-10     6.045177166639e-10      0.000000000000e+00           0.000000000000e+00         0.000000000000e+00            0.000000000000e+00          0.000000000000e+00          6.899805375429e-22          1.127159387019e-21            7.729260604117e-22          0.000000000000e+00            4.076259633228e-06        6.791127106079e-07        3.784546544924e-08        1.519354033477e-09         1.019457827760e-05        1.594506182684e-06        8.819847923283e-08        3.579767295862e-09         6.318290183504e-06        1.019827799126e-06        5.574141244421e-08        2.240480390770e-09         1.541951039124e-27        6.478810106845e-22        2.671949136055e-23        5.122332393680e-25         0.000000000000e+00          1.001130450661e-21          6.028214490669e-23          1.195262218403e-24           0.000000000000e+00        1.056506575895e-21        7.403211533705e-23        1.437981469131e-24         8.212040200583e-21          2.415288178057e-22          8.041541519269e-23          1.510568044775e-24           0.000000000000e+00          0.000000000000e+00          1.539243244275e-21          7.463921351291e-23           0.000000000000e+00         9.805932744775e-22         5.784139946391e-23         1.081069496492e-24          0.000000000000e+00           0.000000000000e+00           1.331626269018e-21           5.161385498159e-23            0.000000000000e+00      8.109119205496e-01    3.890075167785e-09       5.051087736475e-02     6.622087469362e-02     6.357584449502e-11     1.505944000454e-10       7.326603998492e-11     7.459271326395e-09       3.266915844668e-03   4.823749341887e-03   3.480254254136e-03   2.355812616549e-03    8.480021476545e-03   1.203040490894e-02   8.588704013617e-03   5.873459459430e-03    5.644146158228e-03   8.173970702318e-03   5.748459529731e-03   3.890411103754e-03    3.032263874359e-12   6.539572435724e-12   5.674369942340e-12   4.266806375123e-12    1.140333394437e-11     1.629214550050e-11     1.298838842066e-11     9.958466575751e-12      9.378292278440e-12   1.856809970877e-11   1.549879973216e-11   1.156235030953e-11    1.535474548551e-11     2.179284967390e-11     1.688253097048e-11     1.214627759787e-11      8.866434794487e-10     1.258521426423e-09     8.984935069327e-10     6.144503217924e-10      7.720590581895e-12   1.464371308907e-11   1.161359058058e-11   8.387446024540e-12    5.901508007348e-10     8.551083524418e-10     6.013737352715e-10     4.069979822469e-10      
1.256277238702e+03   2.093795397837e+01   7.193795397837e+02   7.600000000000e+02   5.554235873293e+02   9.830253680981e-01   2.468009106154e-04   -6.511391763477e+02  7.193795397837e+02   0.000000000000e+00      7.890615531942e-01    3.861203097395e-09       5.301384432127e-02     6.922572620630e-02     6.750571222561e-11     1.570304185502e-10       7.759406758100e-11     7.782037649232e-09       1.498984994327e-03   4.141483079833e-03   4.390292829592e-03   3.869868279996e-03    3.864239530083e-03   1.029769638756e-02   1.081355240519e-02   9.631935089045e-03    2.571792455012e-03   7.005316988261e-03   7.250830260973e-03   6.388233895310e-03    1.399934340918e-12   5.644802265609e-12   7.189147948434e-12   7.033854043566e-12    5.130764303573e-12     1.360701219977e-11     1.604509374460e-11     1.614609336001e-11      4.309200515790e-12   1.599794828919e-11   1.961225425867e-11   1.903753300385e-11    6.901422835440e-12     1.824270929469e-11     2.091907363372e-11     1.973014514754e-11      3.993837862797e-10     1.067131380556e-09     1.121506279461e-09     9.993710225127e-10      3.558510297190e-12   1.265195738564e-11   1.473595200182e-11   1.383599380441e-11    2.658020478173e-10     7.259538426347e-10     7.520122846914e-10     6.628220346406e-10      0.000000000000e+00           0.000000000000e+00         0.000000000000e+00            0.000000000000e+00          0.000000000000e+00          7.662059766162e-22          1.245636934635e-21            8.594186970788e-22          0.000000000000e+00            5.348021607010e-06        9.243401761398e-07        5.122987981368e-08        2.038044465908e-09         1.370074591084e-05        2.174562590715e-06        1.195706796556e-07        4.806919561472e-09         8.569345424558e-06        1.399522983701e-06        7.596813716376e-08        3.020689889916e-09         7.940710970714e-26        7.506068801121e-22        3.135386212865e-23        5.943711379852e-25         0.000000000000e+00          1.102940307498e-21          6.897487892849e-23          1.364072479274e-24           0.000000000000e+00        1.791307582346e-21        8.695015025613e-23        1.670329149880e-24         0.000000000000e+00          1.927446851563e-21          9.254061661530e-23          1.731068136563e-24           0.000000000000e+00          0.000000000000e+00          2.576759691524e-21          8.560105418892e-23           0.000000000000e+00         1.123072738505e-21         6.834147568335e-23         1.260988320202e-24          0.000000000000e+00           0.000000000000e+00           1.520185771411e-21           5.941219142523e-23            0.000000000000e+00      7.945947609814e-01    3.895277364911e-09       5.328986098534e-02     6.983662800407e-02     6.797908864479e-11     1.581315771749e-10       7.841995592917e-11     7.864867360573e-09       3.740144646595e-03   5.534186737088e-03   3.917336897245e-03   2.591795203032e-03    9.728342717217e-03   1.382654380867e-02   9.679450007114e-03   6.466318653161e-03    6.533253271625e-03   9.451199780549e-03   6.511174243240e-03   4.298984828358e-03    3.508619670289e-12   7.561069460526e-12   6.424905326491e-12   4.716469913655e-12    1.285910348291e-11     1.822624771456e-11     1.433941949772e-11     1.082657716294e-11      1.089749009665e-11   2.153175294054e-11   1.758344206222e-11   1.279601340707e-11    1.745293279494e-11     2.455299282126e-11     1.875507600414e-11     1.326155031644e-11      1.009997292954e-09     1.436259751930e-09     1.005490772617e-09     6.717238520415e-10      9.081017670361e-12   1.711052914936e-11   1.325397328526e-11   9.322173358554e-12    6.783043721845e-10     9.817812380235e-10     6.763832245284e-10     4.465846111336e-10      
1.260047889233e+03   2.100079815389e+01   7.200079815389e+02   7.600000000000e+02   5.550566568857e+02   9.820682564907e-01   2.610119176819e-04   -6.729729877243e+02  7.200079815389e+02   0.000000000000e+00      7.825816931511e-01    3.860834532378e-09       5.401591109095e-02     7.052163079647e-02     6.914745636434e-11     1.597735630451e-10       7.950923424887e-11     7.928535557383e-09       1.573590284301e-03   4.352255618154e-03   4.580724107423e-03   4.003335849324e-03    4.059422293044e-03   1.082893045483e-02   1.128785027142e-02   9.966661410217e-03    2.710612013969e-03   7.383334968284e-03   7.583012951982e-03   6.619272630246e-03    1.475591429000e-12   5.949911100009e-12   7.518477416069e-12   7.290258657368e-12    5.359738349917e-12     1.417115545211e-11     1.662723666303e-11     1.663609492377e-11      4.548910151019e-12   1.688111362977e-11   2.052564020806e-11   1.974001875288e-11    7.230645987979e-12     1.904861137908e-11     2.172775047669e-11     2.036098072853e-11      4.184855651118e-10     1.119326813658e-09     1.167719523752e-09     1.031471401362e-09      3.773322056568e-12   1.338823038454e-11   1.545613034755e-11   1.436919092677e-11    2.794345074308e-10     7.631810914450e-10     7.844642150813e-10     6.850476121292e-10      0.000000000000e+00           0.000000000000e+00         5.424314814309e-20            0.000000000000e+00          0.000000000000e+00          7.961927871003e-22          1.292123502516e-21            8.934858488156e-22          8.560666375677e-20            5.906788582188e-06        1.035114508054e-06        5.724374688626e-08        2.269234713314e-09         1.513750767644e-05        2.436967065615e-06        1.336822349704e-07        5.354297944574e-09         9.580570548870e-06        1.572062018944e-06        8.510039993351e-08        3.369701449766e-09         3.818053827243e-25        7.921019009762e-22        3.323342388761e-23        6.273126090413e-25         3.377923029343e-20          1.186500801364e-21          7.244526959573e-23          1.431192550712e-24           0.000000000000e+00        1.481528722928e-21        9.219379972748e-23        1.763580555613e-24         4.036259535454e-20          2.585305651164e-21          9.740221124541e-23          1.819030015608e-24           0.000000000000e+00          0.000000000000e+00          1.852544246265e-21          8.994946941660e-23           2.800086177526e-20         1.186443725710e-21         7.262299862730e-23         1.333431914358e-24          0.000000000000e+00           0.000000000000e+00           1.595694465233e-21           6.251453589761e-23            0.000000000000e+00      7.883163733213e-01    3.896125868398e-09       5.431415696939e-02     7.116625893276e-02     6.965416199048e-11     1.609443676930e-10       8.038068341776e-11     8.015435095371e-09       3.927523814017e-03   5.817660328493e-03   4.088534046836e-03   2.682023462147e-03    1.022292333132e-02   1.454437836171e-02   1.010717022780e-02   6.693130737050e-03    6.888060991733e-03   9.964322427840e-03   6.811604521492e-03   4.455858807835e-03    3.699395799516e-12   7.972252026074e-12   6.721330628228e-12   4.889930672388e-12    1.343718399857e-11     1.898785055203e-11     1.486433340973e-11     1.115863711561e-11      1.150729341874e-11   2.272753006412e-11   1.840810742786e-11   1.327234391025e-11    1.829123069667e-11     2.564569478605e-11     1.948620169147e-11     1.368985217097e-11      1.058635152020e-09     1.506981966174e-09     1.047251448479e-09     6.935172323719e-10      9.632216078432e-12   1.811193894436e-11   1.390607965382e-11   9.684454875087e-12    7.133166782460e-10     1.032450811998e-09     7.057925635456e-10     4.617039832488e-10      
1.263718918806e+03   2.106198198010e+01   7.206198198010e+02   7.600000000000e+02   5.546816919428e+02   9.810833651706e-01   2.757087796296e-04   -6.950053760237e+02  7.206198198010e+02   0.000000000000e+00      7.761298442277e-01    3.859840288327e-09       5.498678290652e-02     7.177543472052e-02     7.076854162471e-11     1.624513033033e-10       8.140026872167e-11     8.071149639738e-09       1.648788049268e-03   4.565750542482e-03   4.771639093198e-03   4.135355386291e-03    4.256505059155e-03   1.136751126249e-02   1.176366097329e-02   1.029786267276e-02    2.851110787037e-03   7.767688376512e-03   7.917078051929e-03   6.848334048129e-03    1.552354204304e-12   6.260549045541e-12   7.850279441786e-12   7.545247721816e-12    5.591180462205e-12     1.473870329400e-11     1.720852196381e-11     1.712114432915e-11      4.792743442716e-12   1.778145514783e-11   2.144670212485e-11   2.043897538557e-11    7.564533208653e-12     1.986173492437e-11     2.253739206678e-11     2.098680203604e-11      4.377281375553e-10     1.172129030302e-09     1.213972756974e-09     1.063148727048e-09      3.992623628636e-12   1.414134089479e-11   1.618430539023e-11   1.490080996973e-11    2.931988349278e-10     8.009507020230e-10     8.170254111655e-10     7.070252764840e-10      0.000000000000e+00           0.000000000000e+00         0.000000000000e+00            0.000000000000e+00          0.000000000000e+00          8.264197552122e-22          1.338952949118e-21            9.278535866599e-22          0.000000000000e+00            6.505794732439e-06        1.155681019873e-06        6.376938545300e-08        2.518967281243e-09         1.668475721328e-05        2.722794243135e-06        1.490037994554e-07        5.945822550755e-09         1.067732434680e-05        1.760460269565e-06        9.503567338018e-08        3.747438546956e-09         1.870860726464e-24        8.345270869691e-22        3.515593844163e-23        6.607971460434e-25         0.000000000000e+00          1.238799998074e-21          7.596525910108e-23          1.499108492791e-24           0.000000000000e+00        2.954395066595e-21        9.756021967761e-23        1.858406524380e-24         0.000000000000e+00          3.177181105950e-21          1.023448138767e-22          1.908192609381e-24           0.000000000000e+00          0.000000000000e+00          3.069942205398e-21          9.434334764813e-23           0.000000000000e+00         1.247583737407e-21         7.701540768749e-23         1.407227234496e-24          0.000000000000e+00           0.000000000000e+00           1.672594428663e-21           6.565403183650e-23            0.000000000000e+00      7.820734158727e-01    3.896398810649e-09       5.530850583068e-02     7.245525658784e-02     7.131048431701e-11     1.636953489578e-10       8.231940820812e-11     8.162285854046e-09       4.116558295458e-03   6.105038725511e-03   4.260331063257e-03   2.771377346455e-03    1.072275301630e-02   1.527275095208e-02   1.053666366549e-02   6.917815531833e-03    7.247462816271e-03   1.048646886695e-02   7.114015896985e-03   4.611565332906e-03    3.893119860155e-12   8.391222606259e-12   7.020252834705e-12   5.062622500178e-12    1.402201613444e-11     1.975477539875e-11     1.538902863183e-11     1.148774615563e-11      1.212808654561e-11   2.394752988160e-11   1.924045001720e-11   1.374679523581e-11    1.914212903908e-11     2.674918822152e-11     2.021893916624e-11     1.411525112201e-11      1.107675551419e-09     1.578588183300e-09     1.089089689260e-09     7.150499269283e-10      1.019537002366e-11   1.913703439809e-11   1.456599925069e-11   1.004604266295e-11    7.486983223652e-10     1.083901537331e-09     7.353291500554e-10     4.766724832924e-10      
1.274098684279e+03   2.123497807131e+01   7.223497807131e+02   7.600000000000e+02   5.535234145849e+02   9.779862403099e-01   3.223886180495e-04   -7.616544688771e+02  7.223497807131e+02   0.000000000000e+00      7.571117370820e-01    3.853681176142e-09       5.769566401984e-02     7.526345325049e-02     7.547514248369e-11     1.700473579759e-10       8.688986231686e-11     8.473642994497e-09       1.875015965540e-03   5.215390024843e-03   5.341022657531e-03   4.518876988541e-03    4.851534760451e-03   1.300927925078e-02   1.318452538503e-02   1.126061443585e-02    3.277001811954e-03   8.945927090254e-03   8.919431849100e-03   7.516745513259e-03    1.786479831132e-12   7.215994036541e-12   8.850332327868e-12   8.294687762741e-12    6.293506033938e-12     1.644512364032e-11     1.893085824082e-11     1.853438984392e-11      5.540177348542e-12   2.055770695692e-11   2.422755749453e-11   2.249523324784e-11    8.584253866179e-12     2.232005080899e-11     2.494843831652e-11     2.281773507490e-11      4.956014898278e-10     1.332526662718e-09     1.351590005755e-09     1.154845662779e-09      4.669237264181e-12   1.647867464725e-11   1.839408961881e-11   1.647095525682e-11    3.347558422651e-10     9.163318817378e-10     9.143707275079e-10     7.708945786131e-10      0.000000000000e+00           0.000000000000e+00         6.988146979051e-20            0.000000000000e+00          0.000000000000e+00          9.177940941934e-22          1.480376796436e-21            1.031917456228e-21          0.000000000000e+00            8.543216927853e-06        1.578443546642e-06        8.650949023017e-08        3.381261877400e-09         2.195983984016e-05        3.726622341300e-06        2.024584948192e-07        7.989960900228e-09         1.449185698650e-05        2.425294422045e-06        1.298349062401e-07        5.056689259057e-09         1.957453797080e-22        9.663310297226e-22        4.112017070893e-23        7.634052814950e-25         0.000000000000e+00          1.238143035971e-21          8.671259039759e-23          1.705451630620e-24           0.000000000000e+00        5.864979384457e-22        1.142281366386e-22        2.149203299085e-24         0.000000000000e+00          2.316727945320e-22          1.175032980668e-22          2.179999621763e-24           0.000000000000e+00          0.000000000000e+00          1.555030836960e-21          1.076532312178e-22           0.000000000000e+00         1.083196971962e-21         9.072125452422e-23         1.634284013082e-24          0.000000000000e+00           0.000000000000e+00           9.423276817103e-22           7.519103674346e-23            0.000000000000e+00      7.637275400881e-01    3.894351800507e-09       5.809545044557e-02     7.605776173000e-02     7.613466029339e-11     1.715332678713e-10       8.796518951012e-11     8.578510679805e-09       4.686404179102e-03   6.981172484838e-03   4.773814217863e-03   3.031647314368e-03    1.223482125152e-02   1.749727612432e-02   1.182198628035e-02   7.572674716083e-03    8.338998903072e-03   1.209005187971e-02   8.023288871852e-03   5.067089894945e-03    4.485082156143e-12   9.682205998017e-12   7.923052769349e-12   5.571439477745e-12    1.580028563463e-11     2.206557737467e-11     1.694740753845e-11     1.244932108670e-11      1.403450519506e-11   2.771618355335e-11   2.175853600984e-11   1.514600780472e-11    2.174583012444e-11     3.009219979828e-11     2.240595213207e-11     1.536314781548e-11      1.255469138637e-09     1.796530792613e-09     1.213849964752e-09     7.775559039102e-10      1.193591988768e-11   2.232398169008e-11   1.657256950773e-11   1.111653045166e-11    8.557326794811e-10     1.241372658168e-09     8.238229100484e-10     5.202899846762e-10      
1.283127261570e+03   2.138545435951e+01   7.238545435951e+02   7.600000000000e+02   5.523939786404e+02   9.748654231968e-01   3.701054859311e-04   -8.252042820023e+02  7.238545435951e+02   0.000000000000e+00      7.396217034187e-01    3.844375668512e-09       5.998994961941e-02     7.820371686544e-02     7.971992622573e-11     1.766631830638e-10       9.183887410120e-11     8.821779721996e-09       2.087660132070e-03   5.838235239315e-03   5.871740368266e-03   4.863206614679e-03    5.413769254436e-03   1.458737643894e-02   1.451132265383e-02   1.212575074262e-02    3.681233304160e-03   1.008740701940e-02   9.861680668467e-03   8.120649530625e-03    2.011218455716e-12   8.147255456278e-12   9.798107478913e-12   8.980424083671e-12    6.966031490122e-12     1.805791572220e-11     2.052536218687e-11     1.981220444685e-11      6.262790039159e-12   2.327325589398e-11   2.686934182230e-11   2.437916000249e-11    9.569317976381e-12     2.466098970610e-11     2.719576421951e-11     2.448256831792e-11      5.500674597161e-10     1.486182104593e-09     1.479656745047e-09     1.236929222894e-09      5.328578893461e-12   1.878533796817e-11   2.050815528713e-11   1.791731354730e-11    3.740319131135e-10     1.027732024886e-09     1.005564585101e-09     8.283815974475e-10      0.000000000000e+00           0.000000000000e+00         7.173228136813e-20            0.000000000000e+00          0.000000000000e+00          1.005035776043e-21          1.615252304178e-21            1.131518773774e-21          0.000000000000e+00            1.082207299683e-05        2.071771327739e-06        1.128136272333e-07        4.365910576670e-09         2.787956807490e-05        4.900530723509e-06        2.643906116362e-07        1.032679347892e-08         1.883556355569e-05        3.207781030414e-06        1.703645903543e-07        6.559372231917e-09         1.069627042834e-20        1.097032818503e-21        4.699901129001e-23        8.628006275142e-25         0.000000000000e+00          4.207444548571e-21          9.708080667590e-23          1.903062908954e-24           0.000000000000e+00        5.938570602849e-21        1.306877106482e-22        2.431180709909e-24         9.506401140816e-20          6.292674698072e-21          1.322164330546e-22          2.441487608407e-24           0.000000000000e+00          5.041568245661e-20          7.465894076723e-21          1.203413526332e-22           0.000000000000e+00         4.977024571420e-21         1.043401819234e-22         1.855447749756e-24          0.000000000000e+00           0.000000000000e+00           2.155044829176e-21           8.431682967531e-23            0.000000000000e+00      7.469458799825e-01    3.889432478985e-09       6.047535986778e-02     7.912027922897e-02     8.050936062528e-11     1.784126075860e-10       9.308277054219e-11     8.941264858402e-09       5.223908795667e-03   7.823916072117e-03   5.254228479917e-03   3.266419014395e-03    1.366844909055e-02   1.964243915587e-02   1.302668662374e-02   8.163884786894e-03    9.378461381876e-03   1.364845120999e-02   8.881108783206e-03   5.480504600250e-03    5.055132549618e-12   1.094436335778e-11   8.781651247969e-12   6.039002888823e-12    1.750889488275e-11     2.425754196718e-11     1.839605993824e-11     1.332297436889e-11      1.588335736286e-11   3.141354284747e-11   2.415895158098e-11   1.643340014180e-11    2.426919890134e-11     3.328666432933e-11     2.445244678235e-11     1.650310517780e-11      1.395052042576e-09     2.006004034607e-09     1.330399378461e-09     8.337839722466e-10      1.363711080745e-11   2.547823905534e-11   1.849861292766e-11   1.210666109153e-11    9.572373322482e-10     1.393895721186e-09     9.070318501644e-10     5.597343166584e-10      
1.285632755421e+03   2.142721259035e+01   7.242721259035e+02   7.600000000000e+02   5.520598044966e+02   9.739201040108e-01   3.845944934290e-04   -8.438191025493e+02  7.242721259035e+02   0.000000000000e+00      7.346096414864e-01    3.841144192691e-09       6.061333819791e-02     7.900003738648e-02     8.092309916087e-11     1.784965542074e-10       9.324117451887e-11     8.917873297348e-09       2.149152978885e-03   6.020969933834e-03   6.024804034424e-03   4.960247078498e-03    5.576898691210e-03   1.505110874377e-02   1.489441653408e-02   1.236970109604e-02    3.798989135168e-03   1.042443625609e-02   1.013483897069e-02   8.291501847054e-03    2.077110803470e-12   8.423432758768e-12   1.007450677876e-11   9.176206907373e-12    7.163473053089e-12     1.852763856675e-11     2.098392761657e-11     2.017445634862e-11      6.475593319448e-12   2.408030522580e-11   2.764087306550e-11   2.491745325891e-11    9.860025284509e-12     2.534580648908e-11     2.784465287548e-11     2.495611248221e-11      5.658447655468e-10     1.531278972402e-09     1.516592344197e-09     1.260047881227e-09      5.523881412358e-12   1.947451351067e-11   2.112814598574e-11   1.833191056968e-11    3.854535094634e-10     1.060581680139e-09     1.031970741253e-09     8.446262100067e-10      0.000000000000e+00           0.000000000000e+00         3.081748749324e-20            0.000000000000e+00          0.000000000000e+00          1.030601419268e-21          1.654715880604e-21            1.160747205224e-21          0.000000000000e+00            1.155243752890e-05        2.234084011833e-06        1.214214140826e-07        4.685568310223e-09         2.978074156582e-05        5.287272021978e-06        2.846769912038e-07        1.108594889065e-08         2.015623758993e-05        3.466555435252e-06        1.836816416670e-07        7.048693326639e-09         0.000000000000e+00        1.136216585525e-21        4.875351688477e-23        8.921523704007e-25         0.000000000000e+00          1.617299672727e-21          1.001362702842e-22          1.961032018215e-24           0.000000000000e+00        1.253751206142e-21        1.356056770919e-22        2.514499171277e-24         0.000000000000e+00          8.277614206567e-22          1.365678364659e-22          2.518398269317e-24           0.000000000000e+00          0.000000000000e+00          2.576305191066e-21          1.240519326639e-22           0.000000000000e+00         1.747197101560e-21         1.084242842528e-22         1.920969962816e-24          0.000000000000e+00           0.000000000000e+00           2.212879874909e-21           8.699152117126e-23            0.000000000000e+00      7.421550399945e-01    3.887581928337e-09       6.112610098526e-02     7.995511292339e-02     8.175428486440e-11     1.803299464714e-10       9.453856665976e-11     9.041959880225e-09       5.379744448409e-03   8.071747710780e-03   5.393163207304e-03   3.332813497904e-03    1.408545177424e-02   2.027427099757e-02   1.337546809356e-02   8.331169365977e-03    9.681994488262e-03   1.410960749341e-02   9.130438477396e-03   5.597853240187e-03    5.222656877965e-12   1.131948870805e-11   9.032673402397e-12   6.172912438240e-12    1.801173136663e-11     2.489761615595e-11     1.881392002828e-11     1.357152838708e-11      1.642905369588e-11   3.251474030144e-11   2.486172963055e-11   1.680238270350e-11    2.501560503428e-11     3.422349957757e-11     2.504502045960e-11     1.682845146174e-11      1.435589540310e-09     2.067629029193e-09     1.364107013980e-09     8.496777943208e-10      1.414209802515e-11   2.642259939549e-11   1.906481013128e-11   1.239132502949e-11    9.868280848270e-10     1.438974321240e-09     9.311903778168e-10     5.709191007037e-10      
1.288438685150e+03   2.147397808584e+01   7.247397808584e+02   7.600000000000e+02   5.516746043732e+02   9.728173268171e-01   4.015751020635e-04   -8.651860035560e+02  7.247397808584e+02   0.000000000000e+00      7.289142454375e-01    3.837186311060e-09       6.130352271223e-02     7.988023790673e-02     8.228356757731e-11     1.805467733487e-10       9.482649493411e-11     9.025143898479e-09       2.219233693439e-03   6.230826121034e-03   6.199166509119e-03   5.069581269385e-03    5.763112717832e-03   1.558407917462e-02   1.533105559860e-02   1.264462869901e-02    3.933833672967e-03   1.081266222944e-02   1.044676894602e-02   8.484350133366e-03    2.152721896870e-12   8.742298073851e-12   1.039111899739e-11   9.398241364012e-12    7.390383512123e-12     1.906542035584e-11     2.150578990321e-11     2.058392492097e-11      6.720302986126e-12   2.501304472599e-11   2.852525451853e-11   2.552814551640e-11    1.019493860513e-11     2.613146491330e-11     2.858446800228e-11     2.549220556350e-11      5.838449549031e-10     1.583090832472e-09     1.558679208823e-09     1.286096402665e-09      5.749329666579e-12   2.027301758151e-11   2.184021015396e-11   1.880297380909e-11    3.985255360536e-10     1.098406970264e-09     1.062116039240e-09     8.629578573868e-10      0.000000000000e+00           0.000000000000e+00         1.661381351748e-20            0.000000000000e+00          0.000000000000e+00          1.059985592581e-21          1.700057879683e-21            1.194366373298e-21          0.000000000000e+00            1.242892069639e-05        2.431341691575e-06        1.318547614351e-07        5.071517950043e-09         3.206449985880e-05        5.757563510346e-06        3.092771652602e-07        1.200284619695e-08         2.174612877021e-05        3.781803048601e-06        1.998539467841e-07        7.640341510438e-09         0.000000000000e+00        1.181743936528e-21        5.078510577996e-23        9.259672841117e-25         0.000000000000e+00          1.673881495718e-21          1.036535618207e-22          2.027610766065e-24           3.399609291059e-20        0.000000000000e+00        1.413038438393e-22        2.610513710421e-24         0.000000000000e+00          0.000000000000e+00          1.415853869917e-22          2.606840189452e-24           0.000000000000e+00          0.000000000000e+00          2.661017919193e-21          1.283072951118e-22           0.000000000000e+00         1.433835504411e-21         1.131643167818e-22         1.996569508363e-24          0.000000000000e+00           0.000000000000e+00           2.293628084633e-21           9.006198955004e-23            0.000000000000e+00      7.367215157947e-01    3.885265745761e-09       6.184901985148e-02     8.088112667546e-02     8.316489218037e-11     1.824805776069e-10       9.618777405968e-11     9.154704102121e-09       5.557586768781e-03   8.356716154455e-03   5.551659706168e-03   3.407757557146e-03    1.456210097330e-02   2.100132995279e-02   1.377356782063e-02   8.520042039790e-03    1.003001705741e-02   1.464144328570e-02   9.415549473424e-03   5.730543159592e-03    5.415127124166e-12   1.175309389274e-11   9.320597009981e-12   6.325027409568e-12    1.859035589905e-11     2.563143851352e-11     1.929020359785e-11     1.385300550167e-11      1.705731756289e-11   3.378887719199e-11   2.566835336067e-11   1.722167484858e-11    2.587655730416e-11     3.529969535796e-11     2.572163641283e-11     1.719742921027e-11      1.481901757083e-09     2.138518613314e-09     1.402572190267e-09     8.676201746180e-10      1.472568842078e-11   2.751795894555e-11   1.971590909076e-11   1.271526625307e-11    1.020738627281e-09     1.490943210191e-09     9.588086893795e-10     5.835640166955e-10      
1.291371729988e+03   2.152286216646e+01   7.252286216646e+02   7.600000000000e+02   5.512595616362e+02   9.716123695140e-01   4.202252700395e-04   -8.881226501596e+02  7.252286216646e+02   0.000000000000e+00      7.228674991827e-01    3.832668774714e-09       6.201524654176e-02     8.078620244080e-02     8.372048104025e-11     1.826856184860e-10       9.650050408845e-11     9.136842751004e-09       2.293800730103e-03   6.456135026696e-03   6.384719412732e-03   5.184533914616e-03    5.961607508574e-03   1.615678302582e-02   1.579599704108e-02   1.293376778424e-02    4.078070608022e-03   1.123086232397e-02   1.077960746604e-02   8.687514134708e-03    2.233799509077e-12   9.086708172018e-12   1.073017884860e-11   9.633440525222e-12    7.634271459935e-12     1.964104023609e-11     2.206070953440e-11     2.101612092117e-11      6.983320102163e-12   2.602162642404e-11   2.947304082327e-11   2.617530142704e-11    1.055586380577e-11     2.697427583916e-11     2.937270401877e-11     2.605899609041e-11      6.030245914418e-10     1.638754719545e-09     1.603491250290e-09     1.313492711557e-09      5.992660860127e-12   2.113880007830e-11   2.260494077868e-11   1.930297216449e-11    4.125024000149e-10     1.139143335313e-09     1.094278646282e-09     8.822704821136e-10      0.000000000000e+00           0.000000000000e+00         1.666671591156e-21            0.000000000000e+00          0.000000000000e+00          1.091577400517e-21          1.748785479394e-21            1.230541063510e-21          0.000000000000e+00            1.341612709128e-05        2.656636103226e-06        1.437365652856e-07        5.509170365116e-09         3.463958017543e-05        6.295068251278e-06        3.373067307845e-07        1.304295429743e-08         2.354303537439e-05        4.142810170738e-06        2.183097591507e-07        8.312296294409e-09         5.746683127283e-21        1.231275618128e-21        5.298626400726e-23        9.624012495477e-25         0.000000000000e+00          1.735251829004e-21          1.074403584084e-22          2.099109393109e-24           0.000000000000e+00        1.868889718057e-21        1.474819242530e-22        2.713996109251e-24         0.000000000000e+00          1.887613042110e-21          1.469972403436e-22          2.701942896224e-24           0.000000000000e+00          0.000000000000e+00          2.738673582220e-21          1.328695481465e-22           0.000000000000e+00         1.772107336933e-21         1.183129530804e-22         2.078157419083e-24          0.000000000000e+00           0.000000000000e+00           2.381309469589e-21           9.335744595160e-23            0.000000000000e+00      7.309657357836e-01    3.882581102620e-09       6.259754053899e-02     8.183827024617e-02     8.465839603099e-11     1.847322333411e-10       9.793347472146e-11     9.272519009530e-09       5.747120543283e-03   8.663113997632e-03   5.720615488776e-03   3.486725235855e-03    1.507098750423e-02   2.178371519118e-02   1.419818537529e-02   8.719109284023e-03    1.040283773277e-02   1.521513330358e-02   9.720263365067e-03   5.870622226086e-03    5.621812081771e-12   1.222206478577e-11   9.629412222832e-12   6.486473427491e-12    1.921320125400e-11     2.641815514275e-11     1.979758856141e-11     1.415076052499e-11      1.773353172428e-11   3.516843508399e-11   2.653412874872e-11   1.766685381197e-11    2.680569456050e-11     3.645594834575e-11     2.644379705527e-11     1.758835426210e-11      1.531328303215e-09     2.214790037861e-09     1.443598695424e-09     8.865335813933e-10      1.535640300754e-11   2.870711559114e-11   2.041619348220e-11   1.305973928583e-11    1.057051824567e-09     1.546990334389e-09     9.883239591137e-10     5.969144221835e-10      
1.298680467647e+03   2.164467446078e+01   7.264467446078e+02   7.600000000000e+02   5.501704510140e+02   9.683592056997e-01   4.710751077825e-04   -9.480467971250e+02  7.264467446078e+02   0.000000000000e+00      7.073826957400e-01    3.819737992756e-09       6.374010665667e-02     8.297373361632e-02     8.736771096683e-11     1.879901371342e-10       1.007474767902e-10     9.412972478964e-09       2.484923702693e-03   7.044386602868e-03   6.861421593495e-03   5.473353238517e-03    6.472123194598e-03   1.765442030258e-02   1.699180713307e-02   1.366062060639e-02    4.451422654215e-03   1.232942956055e-02   1.163889962259e-02   9.199838144939e-03    2.444750797908e-12   9.996375606864e-12   1.161195114741e-11   1.023311337205e-11    8.272910473483e-12     2.113691381890e-11     2.348553778818e-11     2.211099169147e-11      7.670640621840e-12   2.869096270292e-11   3.194122813081e-11   2.782648915517e-11    1.150550169203e-11     2.917327697447e-11     3.140374095679e-11     2.749909452760e-11      6.523471065739e-10     1.784353034204e-09     1.718813177811e-09     1.382430681894e-09      6.633424091389e-12   2.344155540940e-11   2.460403877225e-11   2.058240740829e-11    4.486748906346e-10     1.246169607185e-09     1.177353254702e-09     9.310154153794e-10      0.000000000000e+00           0.000000000000e+00         0.000000000000e+00            1.203039708876e-12          1.625763582548e-12          1.174382279585e-21          1.876377712354e-21            1.325501012663e-21          1.879179811769e-19            1.622995930701e-05        3.315941014149e-06        1.783186068784e-07        6.772697355315e-09         4.199438372226e-05        7.870030023068e-06        4.189638058202e-07        1.604787618870e-08         2.869733122111e-05        5.204427974094e-06        2.722311900387e-07        1.025786017718e-08         0.000000000000e+00        1.363961731569e-21        5.883201237988e-23        1.058175497410e-24         0.000000000000e+00          5.389248060816e-21          1.173832614771e-22          2.285952004709e-24           0.000000000000e+00        7.594187229370e-21        1.639114282717e-22        2.986169560064e-24         0.000000000000e+00          7.721850595686e-21          1.612536692267e-22          2.951053151212e-24           6.608184230092e-18          0.000000000000e+00          9.162958569319e-21          1.447545201034e-22           0.000000000000e+00         6.441280115248e-21         1.320498051979e-22         2.293257859576e-24          4.718291304881e-18           0.000000000000e+00           3.640969056984e-21           1.019588122631e-22            0.000000000000e+00      7.162925399007e-01    3.874810766289e-09       6.442719991796e-02     8.417004437096e-02     8.846815163930e-11     1.903579683459e-10       1.023843164869e-10     9.565904616908e-09       6.234553468021e-03   9.465472157568e-03   6.156200017943e-03   3.686032484035e-03    1.638410717963e-02   2.383571558491e-02   1.529406895104e-02   9.221788705228e-03    1.137086727924e-02   1.672643231711e-02   1.050956362345e-02   6.225388692040e-03    6.161187212171e-12   1.346412833369e-11   1.043507784986e-11   6.899739336316e-12    2.084913941342e-11     2.846933042817e-11     2.110527438966e-11     1.490847150734e-11      1.950574749708e-11   3.882946459722e-11   2.879580159014e-11   1.880717711356e-11    2.925745343786e-11     3.948221386623e-11     2.831124370286e-11     1.858589987256e-11      1.658859874761e-09     2.414888398412e-09     1.549552291354e-09     9.343477912942e-10      1.702179044631e-11   3.187816593748e-11   2.225232925987e-11   1.394453923342e-11    1.151328463503e-09     1.694665768986e-09     1.064819175475e-09     6.307610538042e-10      
1.307190905399e+03   2.178651508998e+01   7.278651508998e+02   7.600000000000e+02   5.488056419496e+02   9.640674864753e-01   5.392367550585e-04   -1.023061781781e+03  7.278651508998e+02   0.000000000000e+00      6.885974057902e-01    3.801717487934e-09       6.564650886680e-02     8.537555866668e-02     9.173653580605e-11     1.941048858215e-10       1.058301039225e-10     9.729775889602e-09       2.715283978716e-03   7.778281155790e-03   7.441238237829e-03   5.812260356708e-03    7.091018761395e-03   1.952771551449e-02   1.844892163741e-02   1.451427297130e-02    4.908741366000e-03   1.371344666076e-02   1.269224803323e-02   9.804559995496e-03    2.705681977761e-12   1.115370313569e-11   1.270721331995e-11   1.095515792316e-11    9.075141997166e-12     2.299352742592e-11     2.522056014827e-11     2.341615806489e-11      8.526864102266e-12   3.209803328605e-11   3.501354661384e-11   2.981683749483e-11    1.270726259124e-11     3.191943671949e-11     3.389026071676e-11     2.922361631442e-11      7.122189318027e-10     1.966803835049e-09     1.859704801602e-09     1.463703437594e-09      7.441362467084e-12   2.640346440759e-11   2.710721562103e-11   2.213159833304e-11    4.930341414827e-10     1.381223156187e-09     1.279433538572e-09     9.887575578879e-10      0.000000000000e+00           0.000000000000e+00         0.000000000000e+00            0.000000000000e+00          0.000000000000e+00          1.278619972862e-21          2.036628831084e-21            1.445320294341e-21          0.000000000000e+00            2.025334273266e-05        4.299752207980e-06        2.294771494166e-07        8.617728360651e-09         5.254517982314e-05        1.022489954256e-05        5.399412733806e-07        2.044059749870e-08         3.614042560907e-05        6.800579584166e-06        3.524711838848e-07        1.311157345523e-08         0.000000000000e+00        1.536850754446e-21        6.633083319228e-23        1.179055442229e-24         0.000000000000e+00          1.693110196675e-21          1.299164412224e-22          2.519660232065e-24           0.000000000000e+00        0.000000000000e+00        1.850340500016e-22        3.329979041564e-24         0.000000000000e+00          0.000000000000e+00          1.793149128847e-22          3.263760484865e-24           0.000000000000e+00          0.000000000000e+00          1.912853144913e-21          1.595439214607e-22           0.000000000000e+00         8.669108280501e-22         1.497995786880e-22         2.565968436169e-24          0.000000000000e+00           0.000000000000e+00           2.590444111319e-21           1.126934677401e-22            0.000000000000e+00      6.986372439326e-01    3.864088986906e-09       6.648420213489e-02     8.677624180174e-02     9.307406621713e-11     1.969349598530e-10       1.077603107658e-10     9.907234658980e-09       6.825868347135e-03   1.047208340438e-02   6.689508059498e-03   3.921941361901e-03    1.798601680197e-02   2.641657613505e-02   1.663814157482e-02   9.817261950250e-03    1.256363366355e-02   1.864048941349e-02   1.148316663094e-02   6.647598014648e-03    6.832142453537e-12   1.505237789830e-11   1.144171614781e-11   7.401059506905e-12    2.291572454573e-11     3.103070431581e-11     2.270887275121e-11     1.581943231462e-11      2.172554394295e-11   4.352562938968e-11   3.162743858383e-11   2.019189750102e-11    3.237675521850e-11     4.328344857140e-11     3.061278399559e-11     1.979016940788e-11      1.814658180815e-09     2.667028663210e-09     1.679855515507e-09     9.912167844396e-10      1.913243694654e-11   3.597643882753e-11   2.456429703938e-11   1.502350040751e-11    1.267636762237e-09     1.882006452587e-09     1.159410318014e-09     6.711941609607e-10      
1.310682821395e+03   2.184471368992e+01   7.284471368992e+02   7.600000000000e+02   5.482168001833e+02   9.621307203204e-01   5.703782910931e-04   -1.055550763605e+03  7.284471368992e+02   0.000000000000e+00      6.806538044751e-01    3.793415486028e-09       6.639209588379e-02     8.630932271544e-02     9.356772135001e-11     1.965890581081e-10       1.079587570858e-10     9.858046465917e-09       2.811530154017e-03   8.094754902154e-03   7.686421329039e-03   5.951538469545e-03    7.350852233644e-03   2.033721513029e-02   1.906597795465e-02   1.486534125688e-02    5.102333422778e-03   1.431486213750e-02   1.314040098119e-02   1.005424430773e-02    2.817140454713e-12   1.166093772787e-11   1.317863012114e-11   1.125857373304e-11    9.423544082244e-12     2.379240145499e-11     2.595613596799e-11     2.396043672279e-11      8.894700424302e-12   3.359504632645e-11   3.633810139078e-11   3.065393291345e-11    1.323211518507e-11     3.310657054580e-11     3.494867596853e-11     2.994523455689e-11      7.374143473646e-10     2.045850875400e-09     1.919577767187e-09     1.497292657210e-09      7.791733768947e-12   2.771254824597e-11   2.819125590814e-11   2.278538466969e-11    5.118528062611e-10     1.440050122931e-09     1.323005224979e-09     1.012710253057e-09      0.000000000000e+00           0.000000000000e+00         0.000000000000e+00            0.000000000000e+00          0.000000000000e+00          1.323972559702e-21          2.106177437617e-21            1.497542116756e-21          0.000000000000e+00            2.217621335351e-05        4.786022845338e-06        2.545961354285e-07        9.514498891104e-09         5.760052874749e-05        1.139062817847e-05        5.994088686502e-07        2.257751578817e-08         3.972436249962e-05        7.594006544739e-06        3.920437594352e-07        1.450332022343e-08         0.000000000000e+00        1.614103538739e-21        6.963744893650e-23        1.231691823295e-24         0.000000000000e+00          1.592766523285e-21          1.353706236549e-22          2.620746475392e-24           0.000000000000e+00        0.000000000000e+00        1.943648920390e-22        3.479784442482e-24         0.000000000000e+00          0.000000000000e+00          1.872045876190e-22          3.399374183705e-24           0.000000000000e+00          0.000000000000e+00          1.634418061021e-21          1.659141160085e-22           0.000000000000e+00         5.421838993996e-22         1.576700776692e-22         2.685120816439e-24          0.000000000000e+00           0.000000000000e+00           3.055011650608e-21           1.173272823327e-22            0.000000000000e+00      6.912255069462e-01    3.859266940864e-09       6.730236611946e-02     8.780760163788e-02     9.502098599718e-11     1.996424180066e-10       1.100308875602e-10     1.004725907870e-08       7.074447433956e-03   1.090838070220e-02   6.916402935124e-03   4.019688588427e-03    1.866255844116e-02   2.753744854507e-02   1.721075979918e-02   1.006415006538e-02    1.307136906385e-02   1.947623412505e-02   1.189977807248e-02   6.823280146748e-03    7.120259010702e-12   1.575167111998e-11   1.187731420169e-11   7.613174033745e-12    2.381779529384e-11     3.213893184403e-11     2.339311290474e-11     1.620231647636e-11      2.268400688742e-11   4.559833750052e-11   3.285468270131e-11   2.077824605721e-11    3.374564377380e-11     4.493533250596e-11     3.159844944646e-11     2.029786695302e-11      1.880615572931e-09     2.776820064057e-09     1.735564491474e-09     1.014914312595e-09      2.005206316318e-11   3.779556546874e-11   2.557060371112e-11   1.548181402036e-11    1.317255582102e-09     1.964002307417e-09     1.200018985529e-09     6.880986220607e-10      
1.319186774228e+03   2.198644623713e+01   7.298644623713e+02   7.600000000000e+02   5.467178603368e+02   9.569294601805e-01   6.550823940068e-04   -1.139050486322e+03  7.298644623713e+02   0.000000000000e+00      6.607335692060e-01    3.771020341014e-09       6.810554255879e-02     8.844002727282e-02     9.812279221836e-11     2.025637623791e-10       1.132487446318e-10     1.016559747306e-08       3.047771829924e-03   8.902727123234e-03   8.299829062697e-03   6.289563423682e-03    7.992142511673e-03   2.240862481431e-02   2.061217624701e-02   1.571803281995e-02    5.584423335049e-03   1.586290464488e-02   1.426885826186e-02   1.066324089672e-02    3.097842113083e-12   1.297986973305e-11   1.438203013749e-11   1.201413738064e-11    1.032153159462e-11     2.583171123151e-11     2.780504027397e-11     2.530531105609e-11      9.826888487340e-12   3.749805896642e-11   3.972517831813e-11   3.274029974989e-11    1.459272895211e-11     3.615137564052e-11     3.761974044789e-11     3.173438639828e-11      7.998570980055e-10     2.248963752019e-09     2.070413441186e-09     1.579492764933e-09      8.688513907107e-12   3.114652716093e-11   3.097610077334e-11   2.442054037023e-11    5.588957609912e-10     1.592057402462e-09     1.433273827636e-09     1.071550823824e-09      0.000000000000e+00           0.000000000000e+00         7.875914149428e-20            1.370486532563e-12          1.847102373324e-12          1.441070747601e-21          2.285086071029e-21            1.632605889047e-21          2.162967027925e-19            2.763566130928e-05        6.220466369146e-06        3.281547609755e-07        1.211084875606e-08         7.199436270076e-05        1.483523120850e-05        7.737717616308e-07        2.877042011326e-08         4.998209699284e-05        9.949008725910e-06        5.084820243219e-07        1.854761008178e-08         3.101509343335e-20        1.819232947567e-21        7.828830343295e-23        1.367589822320e-24         1.033375024259e-19          6.910685091964e-21          1.494488291559e-22          2.879975859051e-24           1.021126688160e-19        1.041181630601e-20        2.188243433583e-22        3.866810686479e-24         1.516352302692e-19          1.003789243373e-20          2.076475196938e-22          3.748065111547e-24           8.311434799932e-18          6.244535880073e-19          1.185936325411e-20          1.821754242487e-22           9.370416274610e-20         8.975881758683e-21         1.783813925305e-22         2.993813376021e-24          6.027596883190e-18           4.588029645714e-19           0.000000000000e+00           1.291823037070e-22            0.000000000000e+00      6.727983681943e-01    3.846788946096e-09       6.922476482961e-02     9.021699395396e-02     9.991448529929e-11     2.062625165961e-10       1.157324680500e-10     1.038854504380e-08       7.689485933457e-03   1.202942096073e-02   7.488422266073e-03   4.259403099990e-03    2.034519165831e-02   3.042373287549e-02   1.865648753008e-02   1.067002629133e-02    1.434483816382e-02   2.164041616319e-02   1.295640592268e-02   7.256013253843e-03    7.850759063132e-12   1.758039267726e-11   1.299670462484e-11   8.145918357042e-12    2.615751699213e-11     3.498737940483e-11     2.512676528055e-11     1.715770274067e-11      2.512867276107e-11   5.103259234016e-11   3.601355369974e-11   2.225206969407e-11    3.731556646857e-11     4.919983771029e-11     3.410483225376e-11     2.156839684509e-11      2.045341951045e-09     3.060703767290e-09     1.876969438569e-09     1.073508286578e-09      2.241999634944e-11   4.259308460105e-11   2.817204569843e-11   1.663741420035e-11    1.442184596251e-09     2.177149166019e-09     1.303529326237e-09     7.300344145705e-10      
1.324536694446e+03   2.207561157410e+01   7.307561157410e+02   7.600000000000e+02   5.457323021209e+02   9.532656414440e-01   7.155867170065e-04   -1.194904085831e+03  7.307561157410e+02   0.000000000000e+00      6.477840317112e-01    3.755363942517e-09       6.910076242284e-02     8.966529524252e-02     1.010585695368e-10     2.062584156870e-10       1.166539818330e-10     1.035515431136e-08       3.195962387297e-03   9.437742991681e-03   8.696508150616e-03   6.500220326332e-03    8.397295461007e-03   2.378408737044e-02   2.161399381511e-02   1.624994149416e-02    5.892382637160e-03   1.689804310300e-02   1.500426385946e-02   1.104508352232e-02    3.279955212944e-12   1.387340873800e-11   1.518034206787e-11   1.250100487523e-11    1.092413586415e-11     2.718494889532e-11     2.900979455656e-11     2.616413514587e-11      1.043637623551e-11   4.015062336839e-11   4.197667358259e-11   3.408610084151e-11    1.551188423740e-11     3.818285599475e-11     3.936818127833e-11     3.288138398420e-11      8.395803930408e-10     2.384697866781e-09     2.168947904649e-09     1.631371229652e-09      9.281818862753e-12   3.349692863235e-11   3.283714714793e-11   2.547954171311e-11    5.891388322050e-10     1.694308806826e-09     1.505690670745e-09     1.108853553728e-09      0.000000000000e+00           0.000000000000e+00         0.000000000000e+00            0.000000000000e+00          0.000000000000e+00          1.519774002518e-21          2.404664797923e-21            1.723564918100e-21          0.000000000000e+00            3.171058310087e-05        7.341331217866e-06        3.851517970665e-07        1.409576515401e-08         8.277373726638e-05        1.753211449030e-05        9.090727713772e-07        3.351041610838e-08         5.770934056893e-05        1.180215843493e-05        5.991941523459e-07        2.165261921736e-08         0.000000000000e+00        1.961667561094e-21        8.419000991990e-23        1.458874816965e-24         0.000000000000e+00          8.860565512862e-22          1.589058491144e-22          3.052776423727e-24           0.000000000000e+00        0.000000000000e+00        2.355496838463e-22        4.126980440916e-24         0.000000000000e+00          0.000000000000e+00          2.214400019702e-22          3.981190042014e-24           0.000000000000e+00          0.000000000000e+00          0.000000000000e+00          1.929546556585e-22           0.000000000000e+00         0.000000000000e+00         1.926065882064e-22         3.201985532192e-24          0.000000000000e+00           0.000000000000e+00           3.661471997255e-21           1.370607068658e-22            0.000000000000e+00      6.609539149861e-01    3.838609203965e-09       7.037918851130e-02     9.165290844313e-02     1.031131579483e-10     2.104517874376e-10       1.194548451196e-10     1.060378167137e-08       8.079768164128e-03   1.277827385050e-02   7.862279343562e-03   4.411016710022e-03    2.142004525639e-02   3.235684506422e-02   1.960304069977e-02   1.105354245971e-02    1.516668422723e-02   2.309945280516e-02   1.365187800548e-02   7.531131570980e-03    8.329188047384e-12   1.882885031462e-11   1.374602078102e-11   8.493266816121e-12    2.774098301971e-11     3.689513826250e-11     2.626879137800e-11     1.777608944439e-11      2.674149197469e-11   5.475370586977e-11   3.813208276228e-11   2.321386575567e-11    3.974664370909e-11     5.207024676110e-11     3.576249899249e-11     2.239341006526e-11      2.151286216208e-09     3.252030345531e-09     1.970296689765e-09     1.111022727383e-09      2.399968323321e-11   4.590043854129e-11   2.992536379020e-11   1.739420384531e-11    1.523316233851e-09     2.321690985800e-09     1.372175873701e-09     7.569847591967e-10      
1.326439973185e+03   2.210733288642e+01   7.310733288642e+02   7.600000000000e+02   5.453747155434e+02   9.518819121309e-01   7.385961022830e-04   -1.215413865633e+03  7.310733288642e+02   0.000000000000e+00      6.430995109290e-01    3.749503328830e-09       6.943795263456e-02     9.007783096301e-02     1.021161331836e-10     2.075591826817e-10       1.178797862850e-10     1.042178515907e-08       3.248258282929e-03   9.632951557179e-03   8.839428549151e-03   6.574581985070e-03    8.540876370111e-03   2.428672905487e-02   2.197532622361e-02   1.643780702328e-02    6.002202728088e-03   1.727775538846e-02   1.527034321688e-02   1.118032999600e-02    3.345521205825e-12   1.420367917885e-11   1.547219425140e-11   1.267625177718e-11    1.114582394633e-11     2.767982054649e-11     2.944608157000e-11     2.647179731153e-11      1.065677386943e-11   4.113275572291e-11   4.280069275880e-11   3.457078861418e-11    1.585122103023e-11     3.892789127383e-11     4.000286521767e-11     3.329311621620e-11      8.537257219370e-10     2.434507340305e-09     2.204677537298e-09     1.649835983145e-09      9.497752135241e-12   3.437047992817e-11   3.352018813475e-11   2.586175125654e-11    5.999715211238e-10     1.731963973573e-09     1.532024123518e-09     1.122162463779e-09      0.000000000000e+00           0.000000000000e+00         0.000000000000e+00            0.000000000000e+00          0.000000000000e+00          1.548742715658e-21          2.448518872769e-21            1.757072665861e-21          0.000000000000e+00            3.329293645010e-05        7.787898773783e-06        4.077570630657e-07        1.487715704067e-08         8.696722302407e-05        1.860774004367e-05        9.627760906937e-07        3.537759378863e-08         6.072484958551e-05        1.254326997341e-05        6.352754924634e-07        2.287776170647e-08         0.000000000000e+00        2.015012107894e-21        8.637943074015e-23        1.492459075174e-24         0.000000000000e+00          1.523452548791e-21          1.623857608318e-22          3.116098058306e-24           0.000000000000e+00        0.000000000000e+00        2.417622722829e-22        4.222736925515e-24         0.000000000000e+00          0.000000000000e+00          2.265267791080e-22          4.066747919115e-24           0.000000000000e+00          3.145973849289e-19          0.000000000000e+00          1.968923760098e-22           2.523526330792e-20         0.000000000000e+00         1.979028745066e-22         3.278731823265e-24          0.000000000000e+00           3.240269378938e-19           3.751419025302e-21           1.399425993267e-22            0.000000000000e+00      6.566974426593e-01    3.835675127102e-09       7.077901714723e-02     9.214801679772e-02     1.042753141252e-10     2.119478901028e-10       1.208063454173e-10     1.068052307753e-08       8.218527243734e-03   1.305297858787e-02   7.997862914928e-03   4.465036110496e-03    2.180366947496e-02   3.306700873887e-02   1.994664939946e-02   1.119024935920e-02    1.546167599042e-02   2.363735100251e-02   1.390505492839e-02   7.629429379521e-03    8.502462893294e-12   1.929246318001e-11   1.402147016021e-11   8.619198929877e-12    2.832651437207e-11     3.759673194518e-11     2.668511959974e-11     1.799946001942e-11      2.732800080016e-11   5.613778038491e-11   3.891163770913e-11   2.356273154462e-11    4.064852893617e-11     5.312859235349e-11     3.636803281313e-11     2.269189657318e-11      2.189275806925e-09     3.322603506951e-09     2.004351052919e-09     1.124493941904e-09      2.457759915444e-11   4.713501481048e-11   3.057219856002e-11   1.766920777997e-11    1.552563105490e-09     2.375182066593e-09     1.397287673764e-09     7.666813255880e-10      
1.331543839137e+03   2.219239731894e+01   7.319239731894e+02   7.600000000000e+02   5.444001229459e+02   9.479468136635e-01   8.044446532056e-04   -1.272121996788e+03  7.319239731894e+02   0.000000000000e+00      6.303369181477e-01    3.733032941442e-09       7.029542759479e-02     9.111960682631e-02     1.049861303431e-10     2.110083154181e-10       1.212038780586e-10     1.059821431014e-08       3.386603512972e-03   1.016872988683e-02   9.226854303863e-03   6.772028944421e-03    8.922427736285e-03   2.566851676601e-02   2.295588494547e-02   1.693691234882e-02    6.295924899998e-03   1.832558891419e-02   1.599468640639e-02   1.154067444235e-02    3.522741605705e-12   1.512243058363e-11   1.627545972384e-11   1.315122253825e-11    1.175982342874e-11     2.904239656248e-11     3.063575422457e-11     2.730178394597e-11      1.125521039710e-11   4.386962425507e-11   4.507112550968e-11   3.588515948431e-11    1.679434510802e-11     4.098505238974e-11     4.173752225133e-11     3.440603725469e-11      8.915315173602e-10     2.572090235611e-09     2.302228507368e-09     1.699325041494e-09      1.008788588773e-11   3.681394552711e-11   3.540741056469e-11   2.690038379757e-11    6.290971747314e-10     1.836341097261e-09     1.604122094791e-09     1.157917743176e-09      0.000000000000e+00           0.000000000000e+00         8.099693927762e-20            0.000000000000e+00          1.977054415775e-12          1.628992667034e-21          2.569499327602e-21            1.849974755162e-21          0.000000000000e+00            3.790726257470e-05        9.125967990516e-06        4.751752410278e-07        1.718953663645e-08         9.921923167071e-05        2.183427203366e-05        1.123072298461e-06        4.090690434207e-08         6.956271094037e-05        1.477250306762e-05        7.432040515039e-07        2.651189843700e-08         3.581477410817e-20        2.165351207521e-21        9.249218464736e-23        1.585449339098e-24         1.195589875142e-19          7.996060381386e-21          1.720239629490e-22          3.290751219346e-24           1.187476995352e-19        1.253423077853e-20        2.591293176020e-22        4.487979192959e-24         1.771881445497e-19          1.171006394165e-20          2.406466218695e-22          4.303081134496e-24           9.406071767168e-18          7.348859978580e-19          1.376549142720e-20          2.077189161092e-22           0.000000000000e+00         1.091531555713e-20         2.127427024187e-22         3.491663143539e-24          6.887783400308e-18           5.444741730377e-19           7.835529438976e-21           1.478766577687e-22            0.000000000000e+00      6.451819489906e-01    3.827826224391e-09       7.182192081028e-02     9.343341621606e-02     1.074586530498e-10     2.159777609009e-10       1.245057018508e-10     1.088692979288e-08       8.588753083895e-03   1.381145010852e-02   8.368078538498e-03   4.609968460926e-03    2.283139837954e-02   3.503071283098e-02   2.088579356146e-02   1.155719510682e-02    1.625652684461e-02   2.512995677667e-02   1.459896133748e-02   7.893887694180e-03    8.973958675002e-12   2.058878620137e-11   1.478417946622e-11   8.963229010088e-12    2.995739718858e-11     3.954044889104e-11     2.782867557808e-11     1.860755843648e-11      2.893064042220e-11   6.001415060886e-11   4.107233872764e-11   2.451622213561e-11    4.316855414554e-11     5.606802311615e-11     3.803449841054e-11     2.350570721334e-11      2.291612226144e-09     3.518649028814e-09     2.097970885212e-09     1.160954299676e-09      2.616622699595e-11   5.060491913472e-11   3.236955353272e-11   1.842213422221e-11    1.631769000932e-09     2.524257897384e-09     1.466492894913e-09     7.929744141789e-10      
1.337937810789e+03   2.229896351314e+01   7.329896351314e+02   7.600000000000e+02   5.431530328058e+02   9.425157338703e-01   8.961577910712e-04   -1.346776886574e+03  7.329896351314e+02   0.000000000000e+00      6.139380194469e-01    3.710834832513e-09       7.126663958559e-02     9.228318575190e-02     1.086509793973e-10     2.152401155294e-10       1.254430016957e-10     1.081421962704e-08       3.554077938487e-03   1.086426612583e-02   9.719536418895e-03   7.014266999390e-03    9.388222111261e-03   2.746734462988e-02   2.420519993312e-02   1.754985113458e-02    6.658645091110e-03   1.969851941265e-02   1.692250699955e-02   1.198542333787e-02    3.746026793016e-12   1.634357835425e-11   1.732475555369e-11   1.375590956726e-11    1.257042737938e-11     3.082381310290e-11     3.216605752904e-11     2.835035220006e-11      1.201531947673e-11   4.751806966918e-11   4.804243290174e-11   3.756004202198e-11    1.804666756848e-11     4.368711553183e-11     4.397728352792e-11     3.581658080940e-11      9.382288957380e-10     2.752839345291e-09     2.427971118309e-09     1.761152637694e-09      1.084582335302e-11   4.009176030420e-11   3.788859729351e-11   2.822847907410e-11    6.654515043144e-10     1.974278523976e-09     1.697489733786e-09     1.202766541784e-09      0.000000000000e+00           0.000000000000e+00         0.000000000000e+00            0.000000000000e+00          0.000000000000e+00          1.734907871618e-21          2.727897082941e-21            1.972742943742e-21          2.437592925393e-19            4.451100550139e-05        1.113335065985e-05        5.755305815662e-07        2.058602497974e-08         1.168107316306e-04        2.668387970148e-05        1.362011957956e-06        4.903804534811e-08         8.231751777770e-05        1.813851544571e-05        9.046566918950e-07        3.187108261511e-08         0.000000000000e+00        2.369486206835e-21        1.006663494438e-22        1.708083686122e-24         0.000000000000e+00          2.924077075165e-21          1.847433567211e-22          3.519640234374e-24           0.000000000000e+00        0.000000000000e+00        2.824017239045e-22        4.838008240712e-24         0.000000000000e+00          5.756945315699e-22          2.593475153556e-22          4.613543162208e-24           0.000000000000e+00          0.000000000000e+00          3.608097713108e-21          2.218299584703e-22           1.196729931963e-19         1.013681848678e-21         2.327047862110e-22         3.773411862896e-24          0.000000000000e+00           0.000000000000e+00           2.759238655393e-21           1.582403601220e-22            0.000000000000e+00      6.305700646988e-01    3.818223728317e-09       7.306604102571e-02     9.495379489148e-02     1.115944165990e-10     2.210711330395e-10       1.293059529037e-10     1.114723782818e-08       9.044656272026e-03   1.480717876305e-02   8.845390132925e-03   4.791382015381e-03    2.410639037080e-02   3.761527435831e-02   2.209861076006e-02   1.201685991621e-02    1.725255618867e-02   2.710608168967e-02   1.549923587694e-02   8.226450492048e-03    9.575765726311e-12   2.232829956440e-11   1.579175629862e-11   9.407777437486e-12    3.213310376983e-11     4.211093297690e-11     2.931981002630e-11     1.938903439779e-11      3.099125111358e-11   6.523007766879e-11   4.393143387988e-11   2.574922090054e-11    4.654797631152e-11     5.997116379319e-11     4.021414001816e-11     2.455399412556e-11      2.419984534424e-09     3.778939791814e-09     2.220209223467e-09     1.207355100429e-09      2.822947666418e-11   5.530123772197e-11   3.475765163972e-11   1.939850681907e-11    1.732035190022e-09     2.723253984245e-09     1.557216710132e-09     8.265367362261e-10      
1.344331782441e+03   2.240552970735e+01   7.340552970735e+02   7.600000000000e+02   5.418870956189e+02   9.364627066261e-01   9.991740396807e-04   -1.425578570595e+03  7.340552970735e+02   0.000000000000e+00      5.970865223101e-01    3.686854510695e-09       7.211280079397e-02     9.327587463949e-02     1.123911912438e-10     2.193579750790e-10       1.297623378688e-10     1.102397955431e-08       3.711909740128e-03   1.158498121832e-02   1.021827797798e-02   7.249100513766e-03    9.832217820578e-03   2.933761410831e-02   2.547276126807e-02   1.814479432292e-02    7.009468925662e-03   2.113681096560e-02   1.786979131453e-02   1.241975077110e-02    3.967983114375e-12   1.764568230877e-11   1.842251864675e-11   1.437014862907e-11    1.342889599642e-11     3.268979633603e-11     3.373946202444e-11     2.940631232774e-11      1.277859881316e-11   5.142188336805e-11   5.115761307631e-11   3.926320636417e-11    1.938163391637e-11     4.653236833931e-11     4.628981983119e-11     3.724216874821e-11      9.835197581326e-10     2.943079342034e-09     2.557558962752e-09     1.822599838754e-09      1.161702608437e-11   4.362420955023e-11   4.050350502227e-11   2.958430419754e-11    7.011683468336e-10     2.120449644133e-09     1.794225540672e-09     1.247546245618e-09      0.000000000000e+00           0.000000000000e+00         8.319429061305e-20            0.000000000000e+00          2.104780701119e-12          1.846923070799e-21          2.893619589980e-21            2.102738592316e-21          2.533905124012e-19            5.211320582293e-05        1.357980290390e-05        6.967483896328e-07        2.462407787906e-08         1.371404982616e-04        3.260733079745e-05        1.651092165507e-06        5.871868970799e-08         9.714259500929e-05        2.227139957710e-05        1.100780611093e-06        3.827207918183e-08         4.098325519778e-20        2.592358433334e-21        1.094436675042e-22        1.837690458162e-24         1.387001546584e-19          9.270059495326e-21          1.982002313260e-22          3.759879589505e-24           1.369458031339e-19        1.513028612796e-20        3.074506071589e-22        5.208215235098e-24         2.077092693442e-19          1.369160367282e-20          2.792113665453e-22          4.940250593263e-24           1.054019342377e-17          8.659665812618e-19          1.598204535037e-20          2.365444706903e-22           1.291782250887e-19         1.331850837957e-20         2.542838443693e-22         4.072293107348e-24          7.796804610281e-18           6.473750847294e-19           1.163355892008e-20           1.690741382257e-22            0.000000000000e+00      6.157874178660e-01    3.809171003733e-09       7.423802008380e-02     9.637043067307e-02     1.159113107748e-10     2.262283203774e-10       1.343091080629e-10     1.141025112187e-08       9.485216514655e-03   1.585447919055e-02   9.337570122898e-03   4.972185797131e-03    2.535041320396e-02   4.034196711996e-02   2.335162165852e-02   1.247539580538e-02    1.823632905264e-02   2.920500893614e-02   1.643424617401e-02   8.559663915004e-03    1.018490941037e-11   2.420648211174e-11   1.686153252159e-11   9.868330923412e-12    3.446891916179e-11     4.484411293358e-11     3.088063294136e-11     2.019403061011e-11      3.309571315829e-11   7.087968955566e-11   4.697268452095e-11   2.702766381305e-11    5.019713084461e-11     6.414000433576e-11     4.250309920087e-11     2.563643955258e-11      2.547250154464e-09     4.056727144900e-09     2.348338850796e-09     1.254625392808e-09      3.036127369307e-11   6.042157186731e-11   3.730948274854e-11   2.041394328890e-11    1.832514098577e-09     2.936921995491e-09     1.652736641431e-09     8.608395228182e-10      
1.350725754093e+03   2.251209590155e+01   7.351209590155e+02   7.600000000000e+02   5.406146360306e+02   9.297118976828e-01   1.114600384621e-03   -1.508670655854e+03  7.351209590155e+02   0.000000000000e+00      5.797879050229e-01    3.661009635703e-09       7.282244197015e-02     9.408305412572e-02     1.162029400068e-10     2.233434485404e-10       1.341564819584e-10     1.122665185343e-08       3.856470596464e-03   1.232818652810e-02   1.072048845386e-02   7.474554500154e-03    1.024481925858e-02   3.127347172073e-02   2.675233036980e-02   1.871679196627e-02    7.341172699069e-03   2.263755077782e-02   1.883244918150e-02   1.284017958065e-02    4.185224773680e-12   1.903136748133e-11   1.956906485290e-11   1.499234705068e-11    1.433696381397e-11     3.464169288202e-11     3.535391920179e-11     3.046659978909e-11      1.353446940776e-11   5.559162233640e-11   5.441849738338e-11   4.099038273623e-11    2.080322592450e-11     4.952466896737e-11     4.867276415428e-11     3.867879071904e-11      1.026610875463e-09     3.142895099614e-09     2.690851761775e-09     1.883433058334e-09      1.239175516494e-11   4.742535106685e-11   4.325536587461e-11   3.096479761160e-11    7.356529967484e-10     2.275072496759e-09     1.894275748699e-09     1.292095045936e-09      0.000000000000e+00           0.000000000000e+00         0.000000000000e+00            0.000000000000e+00          0.000000000000e+00          1.965101184420e-21          3.066204403400e-21            2.240020755526e-21          0.000000000000e+00            6.078827329154e-05        1.655259895401e-05        8.426863886760e-07        2.940288036930e-08         1.604366005178e-04        3.982225411144e-05        1.999727843081e-06        7.019279463849e-08         1.142297108601e-04        2.733273456640e-05        1.338300000393e-06        4.588444889731e-08         0.000000000000e+00        2.959274987845e-21        1.188538964399e-22        1.974375963269e-24         0.000000000000e+00          2.180672655716e-21          2.124120498175e-22          4.011518798636e-24           0.000000000000e+00        3.545196325674e-21        3.343704297087e-22        5.598941623460e-24         0.000000000000e+00          4.375228739579e-21          3.002725335885e-22          5.283339929656e-24           0.000000000000e+00          0.000000000000e+00          7.809048336662e-21          2.518492301738e-22           0.000000000000e+00         4.360382904958e-21         2.775777776115e-22         4.388691715226e-24          0.000000000000e+00           0.000000000000e+00           2.726568013622e-22           1.803713160481e-22            0.000000000000e+00      6.008745118229e-01    3.800987400620e-09       7.533561600833e-02     9.768029558192e-02     1.204291849555e-10     2.314663421709e-10       1.395370550745e-10     1.167691575619e-08       9.902867182351e-03   1.695418552927e-02   9.844458329147e-03   5.151926141333e-03    2.654354599925e-02   4.321449709546e-02   2.464471087799e-02   1.293167511566e-02    1.919282194655e-02   3.143173873575e-02   1.740436569002e-02   8.892748667017e-03    1.079511394759e-11   2.623519559068e-11   1.799861969641e-11   1.034601633784e-11    3.697989150012e-11     4.775440279022e-11     3.251671713869e-11     2.102458928619e-11      3.522498617961e-11   7.700240052319e-11   5.021144760607e-11   2.835474901186e-11    5.414274646494e-11     6.859879664112e-11     4.490991234024e-11     2.675572487279e-11      2.671870821866e-09     4.353362199045e-09     2.482824200385e-09     1.302848816840e-09      3.254459974852e-11   6.600792660407e-11   4.003941275668e-11   2.147112887194e-11    1.932053370511e-09     3.166509366970e-09     1.753439996254e-09     8.959444719801e-10      
1.357362975507e+03   2.262271625845e+01   7.362271625845e+02   7.600000000000e+02   5.393011218303e+02   9.218774973899e-01   1.248648969502e-03   -1.599558407816e+03  7.362271625845e+02   0.000000000000e+00      5.613660597625e-01    3.632066717983e-09       7.340218729684e-02     9.470896232906e-02     1.202283647957e-10     2.273166799615e-10       1.387877262220e-10     1.142842872202e-08       3.988465991140e-03   1.311969544727e-02   1.124226288784e-02   7.696389388023e-03    1.062911490232e-02   3.334391254366e-02   2.808549725881e-02   1.928056988440e-02    7.656947092027e-03   2.425674984139e-02   1.984278716950e-02   1.325786362016e-02    4.401682049825e-12   2.056012211376e-11   2.081053705450e-11   1.564445597121e-11    1.533349852212e-11     3.675917662195e-11     3.706999947545e-11     3.156774153234e-11      1.429832947377e-11   6.021042948876e-11   5.795783298214e-11   4.280278969823e-11    2.237433903046e-11     5.278918882401e-11     5.121684781650e-11     4.017640202409e-11      1.068099629840e-09     3.360393193645e-09     2.832905793245e-09     1.945635856565e-09      1.318736836704e-11   5.166906151081e-11   4.625900337009e-11   3.241960191837e-11    7.694433666766e-10     2.444662407639e-09     2.001526127233e-09     1.337888511836e-09      0.000000000000e+00           0.000000000000e+00         8.527671635789e-20            0.000000000000e+00          2.223656651762e-12          2.094273900802e-21          3.252022835742e-21            2.390185968405e-21          2.733043706114e-19            7.098113151254e-05        2.030178084324e-05        1.024944072761e-06        3.525855211460e-08         1.879360240397e-04        4.894512123267e-05        2.435952878684e-06        8.427666829113e-08         1.345203990932e-04        3.376948180228e-05        1.636810550631e-06        5.526183873998e-08         4.619493843927e-20        5.597487637247e-21        1.293205791760e-22        2.123784577573e-24         1.609225773852e-19          1.074038190904e-20          2.279748522342e-22          4.284701632141e-24           1.556782095540e-19        1.825124424649e-20        3.643869696535e-22        6.026382458020e-24         2.436086709715e-19          1.600168587040e-20          3.234284084118e-22          5.656765223843e-24           1.162931923648e-17          1.018616832038e-18          1.851129212499e-20          2.683361076105e-22           1.489592474310e-19         1.624868157222e-20         3.036725606835e-22         4.735898330970e-24          8.691325035510e-18           7.687877397385e-19           1.356852590080e-20           1.925739206618e-22            0.000000000000e+00      5.853012905785e-01    3.793744464408e-09       7.639462551134e-02     9.892483521482e-02     1.253545985819e-10     2.370088890086e-10       1.452270955126e-10     1.195867642443e-08       1.030375496743e-02   1.815182046472e-02   1.038603273859e-02   5.336912059303e-03    2.770578378335e-02   4.635415033343e-02   2.602932615100e-02   1.340176312191e-02    2.013945615927e-02   3.388365700914e-02   1.844899737213e-02   9.237557756008e-03    1.142209613738e-11   2.851403641828e-11   1.925622338053e-11   1.086132220536e-11    3.978949234850e-11     5.097987721594e-11     3.430128635056e-11     2.191622468108e-11      3.743808240814e-11   8.390451672329e-11   5.380058954871e-11   2.978753793201e-11    5.858393107997e-11     7.356285969227e-11     4.754312688336e-11     2.795976869035e-11      2.796662507702e-09     4.682779533497e-09     2.629704976366e-09     1.354016929455e-09      3.484359421699e-11   7.234937923530e-11   4.307870906108e-11   2.261585493397e-11    2.033019150997e-09     3.423127931122e-09     1.863921732671e-09     9.333085760183e-10      
1.360263951846e+03   2.267106586410e+01   7.367106586410e+02   7.600000000000e+02   5.387332014902e+02   9.181639616454e-01   1.312046942180e-03   -1.640783953102e+03  7.367106586410e+02   0.000000000000e+00      5.531680746718e-01    3.618687538068e-09       7.360208302044e-02     9.491058798178e-02     1.220070611246e-10     2.289934235752e-10       1.408309019213e-10     1.151351639803e-08       4.039332350411e-03   1.347084227767e-02   1.146951535584e-02   7.788813847580e-03    1.078016152263e-02   3.426557448302e-02   2.866745351167e-02   1.951580290486e-02    7.783588569192e-03   2.498245217591e-02   2.028634890686e-02   1.343329763241e-02    4.492258334259e-12   2.125744597044e-11   2.136929773744e-11   1.593076651891e-11    1.578655789730e-11     3.771370286218e-11     3.783177045494e-11     3.204790000631e-11      1.462187314731e-11   6.232380285925e-11   5.955373200618e-11   4.359928067675e-11    2.309239818524e-11     5.426702162153e-11     5.234987549845e-11     4.083129955830e-11      1.084948820466e-09     3.458626654745e-09     2.896091145975e-09     1.972430418294e-09      1.352875952180e-11   5.362232144868e-11   4.761905959707e-11   3.306101212343e-11    7.833761142142e-10     2.521702239181e-09     2.049442422068e-09     1.357696280629e-09      0.000000000000e+00           0.000000000000e+00         0.000000000000e+00            0.000000000000e+00          0.000000000000e+00          2.152781575850e-21          3.334941829314e-21            2.458227609819e-21          0.000000000000e+00            7.582170302068e-05        2.218346133764e-05        1.115759177013e-06        3.813389329932e-08         2.010426769331e-04        5.353288823375e-05        2.653627576851e-06        9.120155896748e-08         1.442331045146e-04        3.702031393873e-05        1.786256032892e-06        5.988502251464e-08         0.000000000000e+00        3.236441809574e-21        1.341253080033e-22        2.191479769141e-24         0.000000000000e+00          3.053052048484e-21          2.350371352429e-22          4.407867388584e-24           0.000000000000e+00        4.040766332396e-21        3.781912096778e-22        6.220167529982e-24         0.000000000000e+00          1.895113974402e-21          3.339670696744e-22          5.825440656619e-24           0.000000000000e+00          0.000000000000e+00          6.488213042700e-21          2.757246416496e-22           0.000000000000e+00         1.645158919008e-21         3.157150253344e-22         4.893669960926e-24          0.000000000000e+00           0.000000000000e+00           5.830560066386e-21           1.980535941258e-22            0.000000000000e+00      5.784766413050e-01    3.791060641246e-09       7.683149780166e-02     9.943157311872e-02     1.275891327906e-10     2.394703393346e-10       1.478052774647e-10     1.208370082552e-08       1.046633439444e-02   1.869332576282e-02   1.062762953928e-02   5.417135867276e-03    2.818343969885e-02   4.777772578694e-02   2.664804260165e-02   1.360579377069e-02    2.053370666434e-02   3.500161807613e-02   1.891774533610e-02   9.387752821192e-03    1.169195822808e-11   2.956919378654e-11   1.983231750693e-11   1.109313489426e-11    4.108752475182e-11     5.245991404095e-11     3.511073188882e-11     2.231604345126e-11      3.839959969144e-11   8.710898427615e-11   5.544715499843e-11   3.043247308319e-11    6.064468192926e-11     7.584814976421e-11     4.874004639390e-11     2.850041114146e-11      2.849265615414e-09     4.834067259433e-09     2.696388777848e-09     1.376764356693e-09      3.585239530361e-11   7.530871496339e-11   4.447772981944e-11   2.313219614682e-11    2.076015178846e-09     3.541550421959e-09     1.914244991408e-09     9.499556926470e-10      
1.364968844017e+03   2.274948073362e+01   7.374948073362e+02   7.600000000000e+02   5.378244769930e+02   9.117370114109e-01   1.421329144741e-03   -1.709590936154e+03  7.374948073362e+02   0.000000000000e+00      5.396868770039e-01    3.595967158774e-09       7.385326268283e-02     9.513980955558e-02     1.249124974397e-10     2.316252332814e-10       1.441638701072e-10     1.164701444161e-08       4.111854827317e-03   1.404539821634e-02   1.183582138859e-02   7.932077566842e-03    1.100008754818e-02   3.577810280506e-02   2.960734336854e-02   1.988091603823e-02    7.971708360763e-03   2.618027783538e-02   2.100621852390e-02   1.370722251175e-02    4.632591680684e-12   2.242595763337e-11   2.229580289844e-11   1.639578528665e-11    1.654405846936e-11     3.929864670762e-11     3.908064066826e-11     3.282339174516e-11      1.512881713045e-11   6.587458212685e-11   6.220402836724e-11   4.489394899935e-11    2.429822168972e-11     5.672950082396e-11     5.421240015495e-11     4.189149340959e-11      1.110329723243e-09     3.621923105810e-09     2.999856101288e-09     2.015256505679e-09      1.406975359541e-11   5.692029115682e-11   4.988555777303e-11   3.410641557257e-11    8.046626561844e-10     2.650389955018e-09     2.128422419738e-09     1.389466855637e-09      0.000000000000e+00           0.000000000000e+00         0.000000000000e+00            0.000000000000e+00          0.000000000000e+00          2.250255714503e-21          3.471677442142e-21            2.571605902577e-21          0.000000000000e+00            8.416612923528e-05        2.558784368189e-05        1.279074297344e-06        4.323933737796e-08         2.237073564331e-04        6.184746297983e-05        3.045563876772e-06        1.035116402817e-07         1.610875634363e-04        4.293330126879e-05        2.056088160774e-06        6.812221648719e-08         0.000000000000e+00        3.452310544460e-21        1.422210890555e-22        2.304313652774e-24         0.000000000000e+00          3.689654162775e-22          2.468253801243e-22          4.612354827646e-24           0.000000000000e+00        5.491610030052e-22        4.014852914656e-22        6.543328190812e-24         0.000000000000e+00          2.635083257943e-21          3.515994271207e-22          6.105905158106e-24           0.000000000000e+00          0.000000000000e+00          0.000000000000e+00          2.879287720653e-22           0.000000000000e+00         2.106467281922e-21         3.360947321354e-22         5.157266663499e-24          0.000000000000e+00           0.000000000000e+00           2.765388972769e-21           2.071199794138e-22            0.000000000000e+00      5.673983349353e-01    3.787414546968e-09       7.750618489151e-02     1.002050026590e-01     1.313264155197e-10     2.435185610265e-10       1.521128461804e-10     1.228921306636e-08       1.071125284132e-02   1.959491389996e-02   1.102572667799e-02   5.546293347079e-03    2.891228055066e-02   5.015361517635e-02   2.766897793679e-02   1.393449811701e-02    2.114250118089e-02   3.687608332578e-02   1.969385984219e-02   9.630436041057e-03    1.212171404042e-11   3.136150361004e-11   2.080289670229e-11   1.147802914933e-11    4.328944997891e-11     5.495705783182e-11     3.646383736815e-11     2.297833501988e-11      3.994350196199e-11   9.256447823187e-11   5.822456806123e-11   3.150381952543e-11    6.415280569311e-11     7.971415490747e-11     5.074419881537e-11     2.939688036902e-11      2.931521816703e-09     5.089389741246e-09     2.807942352418e-09     1.414183395925e-09      3.748557442948e-11   8.036819558772e-11   4.684401484096e-11   2.399132756310e-11    2.143835830847e-09     3.742199028845e-09     1.998651631233e-09     9.773866268864e-10      
1.370121583772e+03   2.283535972954e+01   7.383535972954e+02   7.600000000000e+02   5.368519488786e+02   9.040849651650e-01   1.550414785686e-03   -1.787684795866e+03  7.383535972954e+02   0.000000000000e+00      5.246647695201e-01    3.569509144499e-09       7.401985568676e-02     9.524611709406e-02     1.281168730269e-10     2.343681158716e-10       1.478329430870e-10     1.178610503122e-08       4.175808143941e-03   1.467935959041e-02   1.223208233095e-02   8.078542841803e-03    1.120169767544e-02   3.745399792321e-02   3.062690462136e-02   2.025494182900e-02    8.150140419754e-03   2.751800214204e-02   2.179238217557e-02   1.399032917854e-02    4.775259722828e-12   2.375829127076e-11   2.333814941528e-11   1.690450438681e-11    1.740570573450e-11     4.108525467627e-11     4.046460684459e-11     3.366539877714e-11      1.565307580450e-11   6.993782057436e-11   6.519189422448e-11   4.631182826731e-11    2.567783188754e-11     5.951832451834e-11     5.628383751169e-11     4.304628773681e-11      1.135019161273e-09     3.806170454650e-09     3.115114965217e-09     2.061084701034e-09      1.463835937254e-11   6.071917424782e-11   5.245261879188e-11   3.525549719885e-11    8.258309605718e-10     2.796540757709e-09     2.216587661074e-09     1.423631638072e-09      0.000000000000e+00           0.000000000000e+00         8.710674315491e-20            1.741345952877e-12          0.000000000000e+00          2.360549985296e-21          3.623874477858e-21            2.699907662785e-21          2.929319950567e-19            9.398480666382e-05        2.986832162438e-05        1.482797789359e-06        4.949857291254e-08         2.504909630945e-04        7.232613885769e-05        3.535297003030e-06        1.186276760979e-07         1.810944755352e-04        5.042123234017e-05        2.394489968504e-06        7.826781765973e-08         5.090044965131e-20        3.702565604720e-21        1.515228298782e-22        2.432095576010e-24         1.855309029892e-19          4.929895496556e-21          2.602031991847e-22          4.842768572963e-24           1.730735738284e-19        2.182228743100e-20        4.283010684585e-22        6.909543466767e-24         2.839157101420e-19          1.857115326706e-20          3.716707212156e-22          6.422541920652e-24           1.254972665172e-17          1.187617014523e-18          3.933062296582e-21          3.015839199222e-22           1.678919718809e-19         1.965262124866e-20         3.596453107376e-22         5.456718891021e-24          9.471716391306e-18           9.051400484037e-19           1.569141792258e-20           2.172871966185e-22            0.000000000000e+00      5.552676990854e-01    3.784512408695e-09       7.819684235014e-02     1.009831036791e-01     1.355897430748e-10     2.480384657007e-10       1.570200066755e-10     1.251855135963e-08       1.095008129322e-02   2.061535037503e-02   1.147053101887e-02   5.686214316508e-03    2.963769084295e-02   5.285151321135e-02   2.881184642446e-02   1.429092199804e-02    2.175927201485e-02   3.901770718159e-02   2.056657524512e-02   9.894611119241e-03    1.257799209904e-11   3.344532265411e-11   2.192004395083e-11   1.191274517720e-11    4.584647577599e-11     5.783705500173e-11     3.800583948209e-11     2.372428719257e-11      4.160209119006e-11   9.892655537684e-11   6.142648625160e-11   3.271460166282e-11    6.824546926691e-11     8.418825147890e-11     5.303294853183e-11     3.040782903764e-11      3.016606527656e-09     5.383801341869e-09     2.935189548630e-09     1.455946947256e-09      3.925946636131e-11   8.630128654671e-11   4.958162564188e-11   2.496429771748e-11    2.214844026682e-09     3.974775155630e-09     2.095262775151e-09     1.008068723365e-09      
1.375274323527e+03   2.292123872546e+01   7.392123872546e+02   7.600000000000e+02   5.359088191838e+02   8.957420465040e-01   1.689506612247e-03   -1.868595790285e+03  7.392123872546e+02   0.000000000000e+00      5.093813824546e-01    3.541221822146e-09       7.406711413711e-02     9.519396030215e-02     1.313339332805e-10     2.369438007169e-10       1.515088086212e-10     1.191672018898e-08       4.222206520847e-03   1.531480586782e-02   1.262092393438e-02   8.212798790364e-03    1.135829207759e-02   3.914195885469e-02   3.163059028149e-02   2.059867345356e-02    8.296291414185e-03   2.887735525462e-02   2.257225059886e-02   1.425340776016e-02    4.904399220422e-12   2.514388686628e-11   2.440742640321e-11   1.741043894018e-11    1.830016160832e-11     4.292214472851e-11     4.186126760670e-11     3.449590096644e-11      1.613817113660e-11   7.418057838367e-11   6.826400486765e-11   4.772368321485e-11    2.711905138263e-11     6.240032109494e-11     5.838251743183e-11     4.418935622198e-11      1.156068922851e-09     3.995658098541e-09     3.231736367176e-09     2.105536097116e-09      1.517475872160e-11   6.471448456665e-11   5.510541701830e-11   3.640435650217e-11    8.444257221229e-10     2.947935533498e-09     2.306285111913e-09     1.456958145401e-09      0.000000000000e+00           0.000000000000e+00         0.000000000000e+00            0.000000000000e+00          0.000000000000e+00          2.474335235315e-21          3.777924879688e-21            2.832259419945e-21          0.000000000000e+00            1.044704762260e-04        3.479165819252e-05        1.715154311637e-06        5.650103673238e-08         2.792321249975e-04        8.440978289451e-05        4.094899093682e-06        1.355686326146e-07         2.026629172916e-04        5.910109569848e-05        2.782707985706e-06        8.967598066145e-08         0.000000000000e+00        3.967300639077e-21        1.612816112615e-22        2.564069809253e-24         0.000000000000e+00          0.000000000000e+00          2.740544102863e-22          5.079502870560e-24           0.000000000000e+00        4.854649043618e-21        4.564920845370e-22        7.288045820915e-24         0.000000000000e+00          5.563543779264e-21          3.925196100959e-22          6.748528547774e-24           0.000000000000e+00          0.000000000000e+00          1.216645880447e-20          3.155035744165e-22           0.000000000000e+00         2.625381057804e-21         3.845060732826e-22         5.767034864887e-24          0.000000000000e+00           0.000000000000e+00           1.108105093324e-20           2.276768761671e-22            0.000000000000e+00      5.431580641050e-01    3.782833469459e-09       7.883681351017e-02     1.016888851383e-01     1.400425838263e-10     2.526553590924e-10       1.621378120062e-10     1.275273005784e-08       1.115524042728e-02   2.166994273238e-02   1.192441092703e-02   5.824303952363e-03    3.027862888645e-02   5.564990876932e-02   2.998043557331e-02   1.464303693532e-02    2.231649187569e-02   4.125389103107e-02   2.146321578478e-02   1.015668919917e-02    1.301555798211e-11   3.566278521881e-11   2.309721672933e-11   1.236180208994e-11    4.856595146316e-11     6.087854422526e-11     3.961412213249e-11     2.449286328315e-11      4.321479391137e-11   1.057191503864e-10   6.480619051314e-11   3.396614984340e-11    7.261939451825e-11     8.893040569025e-11     5.542523551994e-11     3.145068011960e-11      3.095721307295e-09     5.694449795572e-09     3.068037439432e-09     1.498563182003e-09      4.100496430259e-11   9.267350019449e-11   5.248201918886e-11   2.597218720360e-11    2.281792233214e-09     4.221551111260e-09     2.196490037598e-09     1.039446740334e-09      
1.380427063282e+03   2.300711772137e+01   7.400711772137e+02   7.600000000000e+02   5.349998264908e+02   8.866564975183e-01   1.838659707975e-03   -1.952197844932e+03  7.400711772137e+02   0.000000000000e+00      4.938467022199e-01    3.510882741215e-09       7.398907549022e-02     9.497621720730e-02     1.345499163968e-10     2.393266999495e-10       1.551750335782e-10     1.203761325876e-08       4.249981329481e-03   1.594768043491e-02   1.299977393812e-02   8.333460130022e-03    1.146663570033e-02   4.083220620784e-02   3.261202230104e-02   2.090861208360e-02    8.407206663309e-03   3.025168667439e-02   2.334128486881e-02   1.449391666696e-02    5.018136286649e-12   2.657984520524e-11   2.550083778239e-11   1.791090221415e-11    1.922609675850e-11     4.480511699107e-11     4.326516994857e-11     3.531019866809e-11      1.657756615964e-11   7.859667935985e-11   7.141315568836e-11   4.912215574051e-11    2.862089012151e-11     6.537054782193e-11     6.050090135063e-11     4.531447148120e-11      1.173133810260e-09     4.189802500942e-09     3.349294480450e-09     2.148308260578e-09      1.567176607548e-11   6.890447391741e-11   5.783918049484e-11   3.754733199770e-11    8.601416815465e-10     3.104242997482e-09     2.397232412697e-09     1.489231278450e-09      0.000000000000e+00           0.000000000000e+00         8.837356722031e-20            1.795625114513e-12          0.000000000000e+00          2.591322445074e-21          3.932999451290e-21            2.968299995684e-21          3.085854482722e-19            1.155577385712e-04        4.042732386817e-05        1.978866258059e-06        6.428609900982e-08         3.097805014720e-04        9.828001368857e-05        4.731269684971e-06        1.544387718461e-07         2.256910981041e-04        6.911829276849e-05        3.226004589879e-06        1.024272923306e-07         5.416092952235e-20        0.000000000000e+00        1.714937004433e-22        2.699931324723e-24         2.075079695020e-19          1.379586171446e-20          2.883543540727e-22          5.321950091886e-24           1.855762604360e-19        2.510055968425e-20        4.860542613006e-22        7.677989739669e-24         3.203943032379e-19          2.087667507789e-20          4.141150166132e-22          7.083073089006e-24           1.313255416401e-17          1.338051284058e-18          0.000000000000e+00          3.296384014263e-22           1.819606928206e-19         2.282362480443e-20         4.106880253163e-22         6.087600101657e-24          9.986875476844e-18           1.028236244300e-18           0.000000000000e+00           2.382544793912e-22            0.000000000000e+00      5.310869363610e-01    3.782428373713e-09       7.942578872000e-02     1.023220555263e-01     1.446961224315e-10     2.573739650264e-10       1.674783099551e-10     1.299203279022e-08       1.132444121783e-02   2.275799978112e-02   1.238716382881e-02   5.960305318307e-03    3.082829346172e-02   5.854840163233e-02   3.117444058750e-02   1.499019930020e-02    2.280782890972e-02   4.358603786870e-02   2.238386018480e-02   1.041620479844e-02    1.343104256165e-11   3.802117974161e-11   2.433786100286e-11   1.282566303287e-11    5.145865100252e-11     6.409154730989e-11     4.129204308734e-11     2.528497472242e-11      4.477021667074e-11   1.129686512626e-10   6.837435633433e-11   3.525981922969e-11    7.729502869780e-11     9.395845575013e-11     5.792644433118e-11     3.252666844176e-11      3.168224717869e-09     6.022090773339e-09     3.206774046987e-09     1.542052863432e-09      4.270934204072e-11   9.951574252462e-11   5.555570589009e-11   2.701621758473e-11    2.344093518479e-09     4.483323495677e-09     2.302590350184e-09     1.071538085717e-09      
1.385579803038e+03   2.309299671729e+01   7.409299671729e+02   7.600000000000e+02   5.341282933303e+02   8.767766144016e-01   1.997799060109e-03   -2.038344028949e+03  7.409299671729e+02   0.000000000000e+00      4.780726634102e-01    3.478236376849e-09       7.377997634758e-02     9.458611548744e-02     1.377479875335e-10     2.414874799916e-10       1.588116691087e-10     1.214734737141e-08       4.258494070426e-03   1.657338155754e-02   1.336582912428e-02   8.439102441781e-03    1.152457520859e-02   4.251352222786e-02   3.356421804243e-02   2.118115470936e-02    8.480695208591e-03   3.163316868281e-02   2.409445877607e-02   1.470922271838e-02    5.114883519571e-12   2.806190841203e-11   2.661468293750e-11   1.840273100030e-11    2.018142438075e-11     4.672842557635e-11     4.466963784571e-11     3.610280208655e-11      1.696552122252e-11   8.317600880502e-11   7.462959346756e-11   5.049856386768e-11    3.018122031338e-11     6.842175118842e-11     6.262966041060e-11     4.641434612226e-11      1.185945799160e-09     4.387832106362e-09     3.467260444256e-09     2.189053480336e-09      1.612278753269e-11   7.328396046322e-11   6.064701974021e-11   3.867769735709e-11    8.727262005793e-10     3.264988334996e-09     2.489070311115e-09     1.520202794290e-09      0.000000000000e+00           0.000000000000e+00         0.000000000000e+00            0.000000000000e+00          0.000000000000e+00          2.711143859598e-21          4.088164382730e-21            3.107576008174e-21          0.000000000000e+00            1.271630670434e-04        4.684540568168e-05        2.276605033305e-06        7.288394199648e-08         3.419356591473e-04        1.141225709828e-04        5.451256502395e-06        1.753214889499e-07         2.500362325856e-04        8.062437542869e-05        3.729696786997e-06        1.165896691371e-07         0.000000000000e+00        2.628351977805e-21        1.821482051477e-22        2.839265209832e-24         0.000000000000e+00          1.187030340659e-20          3.030677354624e-22          5.569314058700e-24           0.000000000000e+00        1.757241812104e-20        5.169634057790e-22        8.078215684207e-24         0.000000000000e+00          1.589394427738e-20          4.364101544148e-22          7.425124355951e-24           0.000000000000e+00          0.000000000000e+00          0.000000000000e+00          3.439272335822e-22           0.000000000000e+00         1.686038497230e-20         4.381855064604e-22         6.417544341191e-24          0.000000000000e+00           0.000000000000e+00           0.000000000000e+00           2.489766264435e-22            0.000000000000e+00      5.190697948396e-01    3.783309460470e-09       7.996332285637e-02     1.028821813073e-01     1.495605691372e-10     2.621962439797e-10       1.730523565155e-10     1.323660345511e-08       1.145629510633e-02   2.387844706510e-02   1.285850184885e-02   6.093934609224e-03    3.128216350242e-02   6.154569364223e-02   3.239334957802e-02   1.533169672162e-02    2.322854805186e-02   4.601494223276e-02   2.332844475672e-02   1.067263998342e-02    1.382169823909e-11   4.052739874950e-11   2.564529152663e-11   1.330463689264e-11    5.453527079518e-11     6.748584267550e-11     4.304262754632e-11     2.610127119505e-11      4.625876339609e-11   1.207008166549e-10   7.214138701695e-11   3.659654418100e-11    8.229313506906e-11     9.929018432178e-11     6.054154070108e-11     3.363669257895e-11      3.233639886707e-09     6.367400001412e-09     3.351659388394e-09     1.586417241837e-09      4.436121750749e-11   1.068591422973e-10   5.881314300015e-11   2.809729163187e-11    2.401271909704e-09     4.760848770770e-09     2.413804483256e-09     1.104346539982e-09      
1.386432760230e+03   2.310721267051e+01   7.410721267051e+02   7.600000000000e+02   5.339877818235e+02   8.750609514954e-01   2.025093653653e-03   -2.052832457230e+03  7.410721267051e+02   0.000000000000e+00      4.754393720511e-01    3.472590269565e-09       7.373233301501e-02     9.450446506428e-02     1.382742985639e-10     2.418214891178e-10       1.594092089809e-10     1.216432510939e-08       4.258026426716e-03   1.667591339326e-02   1.342498159444e-02   8.455040146639e-03    1.152921981509e-02   4.279011293040e-02   3.371849894801e-02   2.122240689857e-02    8.489145252982e-03   3.186192761227e-02   2.421722745804e-02   1.474224437200e-02    5.129168456195e-12   2.831130781400e-11   2.680072102079e-11   1.848306478273e-11    2.034220677703e-11     4.705019557510e-11     4.490164285383e-11     3.623148493446e-11      1.702443553747e-11   8.394884046761e-11   7.516768038120e-11   5.072359692703e-11    3.044493071106e-11     6.893399349128e-11     6.298228781547e-11     4.659340992383e-11      1.187642621547e-09     4.420922435459e-09     3.486784222293e-09     2.195575908789e-09      1.619259836978e-11   7.402661586537e-11   6.111834884872e-11   3.886306475025e-11    8.744932146136e-10     3.291983377052e-09     2.504328896562e-09     1.525184910111e-09      0.000000000000e+00           0.000000000000e+00         1.109514577649e-20            0.000000000000e+00          0.000000000000e+00          2.731221661606e-21          4.113787700977e-21            3.130906236020e-21          0.000000000000e+00            1.291275188679e-04        4.798815930130e-05        2.329354417176e-06        7.438710255406e-08         3.473972280359e-04        1.169483732756e-04        5.578974027344e-06        1.789769054248e-07         2.541813808201e-04        8.268348340654e-05        3.819271240429e-06        1.190740445935e-07         4.674487265000e-21        4.588252676561e-21        1.839533572389e-22        2.862629118872e-24         0.000000000000e+00          5.785576309294e-21          3.055400784469e-22          5.610668752500e-24           0.000000000000e+00        7.039803129079e-21        5.222069064546e-22        8.145358750125e-24         0.000000000000e+00          6.663698795895e-21          4.401640407138e-22          7.482380810680e-24           0.000000000000e+00          0.000000000000e+00          9.100371170467e-21          3.463024177398e-22           0.000000000000e+00         6.849539295514e-21         4.428627202019e-22         6.472989881790e-24          0.000000000000e+00           0.000000000000e+00           8.081705237199e-21           2.507619031095e-22            0.000000000000e+00      5.170867148266e-01    3.783578137018e-09       8.004729982769e-02     1.029678136812e-01     1.503867937586e-10     2.630044685676e-10       1.739982594119e-10     1.327759801009e-08       1.147447667741e-02   2.406694529173e-02   1.293732701030e-02   6.115804507992e-03    3.134787918899e-02   6.205123154971e-02   3.259747392480e-02   1.538762571913e-02    2.329115166050e-02   4.642635845598e-02   2.348710134518e-02   1.071475219938e-02    1.388382118038e-11   4.095697263480e-11   2.586837876747e-11   1.338539291104e-11    5.506303092179e-11     6.806586206796e-11     4.333960656221e-11     2.623875787370e-11      4.649817665932e-11   1.220290479982e-10   7.278484311597e-11   3.682200918036e-11    8.315305159268e-11     1.002032851627e-10     6.098573102809e-11     3.382376392644e-11      3.243761962228e-09     6.426306224935e-09     3.376252151347e-09     1.593844308516e-09      4.462890794267e-11   1.081252284306e-10   5.937080364206e-11   2.827986189416e-11    2.410217080683e-09     4.808357784190e-09     2.432723101551e-09     1.109846042719e-09      
1.386622248919e+03   2.311037081531e+01   7.411037081531e+02   7.600000000000e+02   5.339567133870e+02   8.746766357058e-01   2.031193596687e-03   -2.056059572147e+03  7.411037081531e+02   0.000000000000e+00      4.748535405566e-01    3.471326192015e-09       7.372123761811e-02     9.448565747671e-02     1.383910696370e-10     2.418947259887e-10       1.595417453391e-10     1.216804841927e-08       4.257850064104e-03   1.669864305986e-02   1.343806226254e-02   8.458518761392e-03    1.153005985967e-02   4.285147252517e-02   3.375263256918e-02   2.123141657524e-02    8.490877555443e-03   3.191273623796e-02   2.424441894998e-02   1.474947508884e-02    5.132273478136e-12   2.836686038607e-11   2.684210656887e-11   1.850086378455e-11    2.037802231414e-11     4.712179696135e-11     4.495315235083e-11     3.625996519572e-11      1.703731231399e-11   8.412107490796e-11   7.528741650095e-11   5.077346463917e-11    3.050371835626e-11     6.904805031828e-11     6.306061683944e-11     4.663306057800e-11      1.188002990583e-09     4.428283976745e-09     3.491120358517e-09     2.197015699681e-09      1.620791188197e-11   7.419226699419e-11   6.122329359765e-11   3.890416506974e-11    8.748733131864e-10     3.297994315368e-09     2.507720123068e-09     1.526285681693e-09      0.000000000000e+00           0.000000000000e+00         1.111923345964e-20            0.000000000000e+00          0.000000000000e+00          2.735690683007e-21          4.119476046575e-21            3.136098876256e-21          0.000000000000e+00            1.295654492040e-04        4.824522749000e-05        2.341210225201e-06        7.472414018064e-08         3.486155117899e-04        1.175842555392e-04        5.607685954372e-06        1.797967021064e-07         2.551063996739e-04        8.314711271184e-05        3.839417367392e-06        1.196314267774e-07         4.685313728468e-21        4.599991757811e-21        1.843559453336e-22        2.867830177157e-24         0.000000000000e+00          5.798491418131e-21          3.060906602370e-22          5.619869959871e-24           0.000000000000e+00        7.057109461317e-21        5.233765855064e-22        8.160306792858e-24         0.000000000000e+00          6.679289896066e-21          4.410003154154e-22          7.495122894078e-24           0.000000000000e+00          0.000000000000e+00          9.121013364190e-21          3.468303380830e-22           0.000000000000e+00         6.866726439479e-21         4.439065723784e-22         6.485337388553e-24          0.000000000000e+00           0.000000000000e+00           8.100434869751e-21           2.511588256895e-22            0.000000000000e+00      5.166464225020e-01    3.783642527584e-09       8.006576141396e-02     1.029865625126e-01     1.505711654806e-10     2.631844013582e-10       1.742093040007e-10     1.328672468551e-08       1.147837499643e-02   2.410893528268e-02   1.295486869458e-02   6.120652841016e-03    3.136211309887e-02   6.216389711271e-02   3.264291057258e-02   1.540002615739e-02    2.330478424170e-02   4.651811694356e-02   2.352243573931e-02   1.072409370476e-02    1.389752130812e-11   4.105298090847e-11   2.591820014912e-11   1.340338996993e-11    5.518100322100e-11     6.819542962102e-11     4.340586298520e-11     2.626939257941e-11      4.655108374894e-11   1.223260196616e-10   7.292857137159e-11   3.687225922526e-11    8.334537289019e-11     1.004073375200e-10     6.108485201977e-11     3.386545137935e-11      3.245983033556e-09     6.439460663087e-09     3.381739367158e-09     1.595497431115e-09      4.468814139432e-11   1.084084894774e-10   5.949541712771e-11   2.832056067885e-11    2.412183790639e-09     4.818973681744e-09     2.436945907255e-09     1.111070400410e-09      
1.386811737607e+03   2.311352896012e+01   7.411352896012e+02   7.600000000000e+02   5.339256983019e+02   8.742911627845e-01   2.037306731347e-03   -2.059289727160e+03  7.411352896012e+02   0.000000000000e+00      4.742674084952e-01    3.470058530666e-09       7.370995609293e-02     9.446660656904e-02     1.385077836012e-10     2.419676086309e-10       1.596742029624e-10     1.217175398619e-08       4.257647411089e-03   1.672135459741e-02   1.345112067970e-02   8.461974702559e-03    1.153083027814e-02   4.291279926719e-02   3.378671426898e-02   2.124036969352e-02    8.492557181035e-03   3.196353968038e-02   2.427157997526e-02   1.475666731860e-02    5.135353555495e-12   2.842246575070e-11   2.688351201607e-11   1.851864512056e-11    2.041387272585e-11     4.719344060118e-11     4.500464952442e-11     3.628840581296e-11      1.705011198008e-11   8.429350589572e-11   7.540722288846e-11   5.082328604094e-11    3.056257936814e-11     6.916220037958e-11     6.313894142953e-11     4.667266338770e-11      1.188357326158e-09     4.435649160349e-09     3.495455995102e-09     2.198452106189e-09      1.622315398379e-11   7.435815902573e-11   6.132832321843e-11   3.894523549032e-11    8.752488767892e-10     3.304010204596e-09     2.511111825315e-09     1.527384231909e-09      0.000000000000e+00           0.000000000000e+00         1.114334602098e-20            0.000000000000e+00          0.000000000000e+00          2.740162798685e-21          4.125162830019e-21            3.141294992332e-21          0.000000000000e+00            1.300039223367e-04        4.850346745502e-05        2.353116237453e-06        7.506230798178e-08         3.498355794432e-04        1.182231113592e-04        5.636521850540e-06        1.806193145994e-07         2.560329102857e-04        8.361301097470e-05        3.859653810402e-06        1.201908018528e-07         4.696153587074e-21        4.611113333933e-21        1.847590996868e-22        2.873035047424e-24         0.000000000000e+00          5.811550144883e-21          3.066417233891e-22          5.629076167404e-24           0.000000000000e+00        7.074445676010e-21        5.245480064702e-22        8.175266256073e-24         0.000000000000e+00          6.694913209267e-21          4.418374300789e-22          7.507872930638e-24           0.000000000000e+00          0.000000000000e+00          9.141478586489e-21          3.473583453799e-22           0.000000000000e+00         6.883946318583e-21         4.449521603422e-22         6.497695672730e-24          0.000000000000e+00           0.000000000000e+00           8.118669282948e-21           2.515558567627e-22            0.000000000000e+00      5.162062249400e-01    3.783708613284e-09       8.008415240396e-02     1.030052115214e-01     1.507558369327e-10     2.633644723879e-10       1.744206795493e-10     1.329585845547e-08       1.148222224104e-02   2.415096656159e-02   1.297242133876e-02   6.125497449553e-03    3.137621446089e-02   6.227669233162e-02   3.268837961877e-02   1.541241763532e-02    2.331831680983e-02   4.661000626564e-02   2.355780208837e-02   1.073343009492e-02    1.391118473059e-11   4.114919923201e-11   2.596811686405e-11   1.342140765078e-11    5.529924113057e-11     6.832525744866e-11     4.347222184278e-11     2.630006051966e-11      4.660388882359e-11   1.226236837158e-10   7.307258458816e-11   3.692256814391e-11    8.353816401316e-11     1.006118288036e-10     6.118413411459e-11     3.390718563538e-11      3.248194074951e-09     6.452639903077e-09     3.387235255356e-09     1.597151700040e-09      4.474728873355e-11   1.086924782261e-10   5.962029566720e-11   2.836131035739e-11    2.414143035475e-09     4.829612001253e-09     2.441175979090e-09     1.112295706799e-09      
1.387001226296e+03   2.311668710493e+01   7.411668710493e+02   7.600000000000e+02   5.338947365931e+02   8.739045302341e-01   2.043433034429e-03   -2.062522908103e+03  7.411668710493e+02   0.000000000000e+00      4.736809766571e-01    3.468787270534e-09       7.369848818002e-02     9.444731204761e-02     1.386244393323e-10     2.420401352770e-10       1.598065805314e-10     1.217544172279e-08       4.257418476926e-03   1.674404772860e-02   1.346415668678e-02   8.465407897315e-03    1.153153106885e-02   4.297409246803e-02   3.382074364782e-02   2.124926606869e-02    8.494184099252e-03   3.201433743988e-02   2.429871024070e-02   1.476382092473e-02    5.138408641814e-12   2.847812355663e-11   2.692493708807e-11   1.853640858990e-11    2.044975782964e-11     4.726512605285e-11     4.505613392600e-11     3.631680644218e-11      1.706283434590e-11   8.446613251583e-11   7.552709880223e-11   5.087306057913e-11    3.062151351930e-11     6.927644307669e-11     6.321726094915e-11     4.671221789442e-11      1.188705623003e-09     4.443017929155e-09     3.499791095812e-09     2.199885107084e-09      1.623832442956e-11   7.452429133066e-11   6.143343715154e-11   3.898627557880e-11    8.756198987403e-10     3.310031006410e-09     2.514503977904e-09     1.528480545496e-09      0.000000000000e+00           0.000000000000e+00         1.116748326396e-20            0.000000000000e+00          0.000000000000e+00          2.744637982814e-21          4.130847995830e-21            3.146494552914e-21          0.000000000000e+00            1.304429316309e-04        4.876288165631e-05        2.365072552270e-06        7.540160606967e-08         3.510574138404e-04        1.188649476814e-04        5.665481977365e-06        1.814447437538e-07         2.569609040212e-04        8.408118424251e-05        3.879980784091e-06        1.207521710264e-07         4.707006789404e-21        4.622252435858e-21        1.851628189899e-22        2.878243698009e-24         0.000000000000e+00          5.824627450013e-21          3.071932650669e-22          5.638287316846e-24           0.000000000000e+00        7.091810357016e-21        5.257211659816e-22        8.190237050502e-24         0.000000000000e+00          6.710560506763e-21          4.426753807671e-22          7.520630842268e-24           0.000000000000e+00          0.000000000000e+00          9.161971423466e-21          3.478864354485e-22           0.000000000000e+00         6.901195810640e-21         4.459994819772e-22         6.510064665075e-24          0.000000000000e+00           0.000000000000e+00           8.136928985105e-21           2.519529933130e-22            0.000000000000e+00      5.157661227414e-01    3.783776391536e-09       8.010247275957e-02     1.030237606686e-01     1.509408085083e-10     2.635446814872e-10       1.746323864591e-10     1.330499931339e-08       1.148601842947e-02   2.419303903404e-02   1.298998491876e-02   6.130338316597e-03    3.139018327601e-02   6.238961704278e-02   3.273388101384e-02   1.542480011011e-02    2.333174929687e-02   4.670202639061e-02   2.359320037206e-02   1.074276133849e-02    1.392481138234e-11   4.124562788743e-11   2.601812905583e-11   1.343944595193e-11    5.541774515071e-11     6.845534599047e-11     4.353868324405e-11     2.633076169849e-11      4.665659162166e-11   1.229220413102e-10   7.321688323162e-11   3.697293593613e-11    8.373142598378e-11     1.008167598546e-10     6.128357750450e-11     3.394896670229e-11      3.250395080120e-09     6.465843968021e-09     3.392739825319e-09     1.598807113335e-09      4.480634958051e-11   1.089771961753e-10   5.974543975294e-11   2.840211093870e-11    2.416094804166e-09     4.840272774034e-09     2.445413326781e-09     1.113521960647e-09      
1.387190714984e+03   2.311984524974e+01   7.411984524974e+02   7.600000000000e+02   5.338638282826e+02   8.735167355597e-01   2.049572494644e-03   -2.065759100255e+03  7.411984524974e+02   0.000000000000e+00      4.730942458369e-01    3.467512396590e-09       7.368683362071e-02     9.442777361993e-02     1.387410357018e-10     2.421123041556e-10       1.599388767226e-10     1.217911154147e-08       4.257163271750e-03   1.676672217506e-02   1.347717012420e-02   8.468818272821e-03    1.153216223244e-02   4.303535143634e-02   3.385472030501e-02   2.125810551596e-02    8.495758281343e-03   3.206512901429e-02   2.432580945219e-02   1.477093577061e-02    5.141438691586e-12   2.853383344925e-11   2.696638150853e-11   1.855415399088e-11    2.048567744127e-11     4.733685287152e-11     4.510760510514e-11     3.634516673845e-11      1.707547922452e-11   8.463895384308e-11   7.564704349499e-11   5.092278769837e-11    3.068052057945e-11     6.939077780625e-11     6.329557475904e-11     4.675172363849e-11      1.189047876035e-09     4.450390225560e-09     3.504125624161e-09     2.201314681047e-09      1.625342297638e-11   7.469066327003e-11   6.153863483237e-11   3.902728490020e-11    8.759863724996e-10     3.316056682096e-09     2.517896555237e-09     1.529574607128e-09      0.000000000000e+00           0.000000000000e+00         1.119164501592e-20            0.000000000000e+00          0.000000000000e+00          2.749116209682e-21          4.136531489205e-21            3.151697526932e-21          0.000000000000e+00            1.308824723147e-04        4.902347361391e-05        2.377079295892e-06        7.574203501894e-08         3.522810031129e-04        1.195097740747e-04        5.694566666598e-06        1.822729915929e-07         2.578903712043e-04        8.455164060195e-05        3.900398555606e-06        1.213155363584e-07         4.717873263740e-21        4.633409024370e-21        1.855671019174e-22        2.883456097011e-24         0.000000000000e+00          5.837723278804e-21          3.077452824169e-22          5.647503349603e-24           0.000000000000e+00        7.109203439168e-21        5.268960606306e-22        8.205219086209e-24         0.000000000000e+00          6.726231728567e-21          4.435141635185e-22          7.533396550417e-24           0.000000000000e+00          0.000000000000e+00          9.182491779266e-21          3.484146040835e-22           0.000000000000e+00         6.918474858475e-21         4.470485351265e-22         6.522444295784e-24          0.000000000000e+00           0.000000000000e+00           8.155213897794e-21           2.523502323056e-22            0.000000000000e+00      5.153261165038e-01    3.783845859684e-09       8.012072244237e-02     1.030422099146e-01     1.511260806004e-10     2.637250284827e-10       1.748444251317e-10     1.331414725250e-08       1.148976358183e-02   2.423515260461e-02   1.300755941026e-02   6.135175425079e-03    3.140401955017e-02   6.250267108009e-02   3.277941470766e-02   1.543717353878e-02    2.334508163860e-02   4.679417728507e-02   2.362863056963e-02   1.075208740395e-02    1.393840120009e-11   4.134226715502e-11   2.606823686753e-11   1.345750487143e-11    5.553651578092e-11     6.858569568554e-11     4.360524729786e-11     2.636149611975e-11      4.670919188852e-11   1.232210935898e-10   7.336146776664e-11   3.702336260093e-11    8.392515982374e-11     1.010221315139e-10     6.138318238126e-11     3.399079458766e-11      3.252586043184e-09     6.479072880692e-09     3.398253086311e-09     1.600463668995e-09      4.486532356208e-11   1.092626448209e-10   5.987084987649e-11   2.844296243105e-11    2.418039086000e-09     4.850956031171e-09     2.449657959976e-09     1.114749160678e-09      
1.387380203673e+03   2.312300339455e+01   7.412300339455e+02   7.600000000000e+02   5.338329733891e+02   8.731277762690e-01   2.055725101091e-03   -2.068998289063e+03  7.412300339455e+02   0.000000000000e+00      4.725072168340e-01    3.466233893786e-09       7.367499215710e-02     9.440799099465e-02     1.388575715758e-10     2.421841134909e-10       1.600710902062e-10     1.218276335438e-08       4.256881806574e-03   1.678937765737e-02   1.349016083201e-02   8.472205756223e-03    1.153272377185e-02   4.309657547791e-02   3.388864383878e-02   2.126688785053e-02    8.497279700336e-03   3.211591389892e-02   2.435287731466e-02   1.477801171955e-02    5.144443660113e-12   2.858959507078e-11   2.700784499914e-11   1.857188112101e-11    2.052163137468e-11     4.740862060894e-11     4.515906260909e-11     3.637348635555e-11      1.708804643153e-11   8.481196894270e-11   7.576705621383e-11   5.097246684090e-11    3.073960031550e-11     6.950520395963e-11     6.337388221643e-11     4.679118015846e-11      1.189384080364e-09     4.457765991544e-09     3.508459543456e-09     2.202740806694e-09      1.626844938366e-11   7.485727419601e-11   6.164391569149e-11   3.906826301758e-11    8.763482916725e-10     3.322087192599e-09     2.521289531560e-09     1.530666401426e-09      0.000000000000e+00           0.000000000000e+00         1.121583110347e-20            0.000000000000e+00          0.000000000000e+00          2.753597453435e-21          4.142213255224e-21            3.156903883154e-21          0.000000000000e+00            1.313225397000e-04        4.928524687390e-05        2.389136595160e-06        7.608359539766e-08         3.535063356194e-04        1.201576001758e-04        5.723776251579e-06        1.831040601275e-07         2.588213021581e-04        8.502438819664e-05        3.920907393472e-06        1.218808999051e-07         4.728752938120e-21        4.644583054856e-21        1.859719471254e-22        2.888672212290e-24         0.000000000000e+00          5.850837576197e-21          3.082977725621e-22          5.656724206682e-24           0.000000000000e+00        7.126624856732e-21        5.280726869572e-22        8.220212272562e-24         0.000000000000e+00          6.741926814257e-21          4.443537743365e-22          7.546169975982e-24           0.000000000000e+00          0.000000000000e+00          9.203039557415e-21          3.489428470556e-22           0.000000000000e+00         6.935783404429e-21         4.480993175902e-22         6.534834494476e-24          0.000000000000e+00           0.000000000000e+00           8.173523941594e-21           2.527475706873e-22            0.000000000000e+00      5.148862068221e-01    3.783917015036e-09       8.013890141359e-02     1.030605592197e-01     1.513116536003e-10     2.639055131971e-10       1.750567959662e-10     1.332330226580e-08       1.149345772016e-02   2.427730717687e-02   1.302514478874e-02   6.140008757866e-03    3.141772329429e-02   6.261585427493e-02   3.282498064951e-02   1.544953787816e-02    2.335831377465e-02   4.688645891373e-02   2.366409265990e-02   1.076140825965e-02    1.395195412237e-11   4.143911731357e-11   2.611844044174e-11   1.347558440702e-11    5.565555351994e-11     6.871630697199e-11     4.367191411228e-11     2.639226378675e-11      4.676168937522e-11   1.235208416962e-10   7.350633865678e-11   3.707384813645e-11    8.411936655435e-11     1.012279446213e-10     6.148294893560e-11     3.403266929839e-11      3.254766958684e-09     6.492326663612e-09     3.403775047523e-09     1.602121364975e-09      4.492421031042e-11   1.095488256569e-10   5.999652652882e-11   2.848386484202e-11    2.419975870584e-09     4.861661803584e-09     2.453909888271e-09     1.115977305590e-09      
1.387569692361e+03   2.312616153935e+01   7.412616153935e+02   7.600000000000e+02   5.338021719287e+02   8.727376498721e-01   2.061890840022e-03   -2.072240459505e+03  7.412616153935e+02   0.000000000000e+00      4.719198904525e-01    3.464951747030e-09       7.366296353208e-02     9.438796388164e-02     1.389740458137e-10     2.422555615002e-10       1.602032196447e-10     1.218639707334e-08       4.256574093294e-03   1.681201389506e-02   1.350312864981e-02   8.475570274654e-03    1.153321569234e-02   4.315776389563e-02   3.392251384624e-02   2.127561288753e-02    8.498748331037e-03   3.216669158659e-02   2.437991353216e-02   1.478504863480e-02    5.147423503465e-12   2.864540805995e-11   2.704932727943e-11   1.858958977680e-11    2.055761944187e-11     4.748042881309e-11     4.521050598234e-11     3.640176494567e-11      1.710053578480e-11   8.498517686961e-11   7.588713619958e-11   5.102209744624e-11    3.079875249125e-11     6.961972092229e-11     6.345218267448e-11     4.683058699072e-11      1.189714231278e-09     4.465145168633e-09     3.512792816768e-09     2.204163462549e-09      1.628340341293e-11   7.502412345123e-11   6.174927915411e-11   3.910920949172e-11    8.767056500023e-10     3.328122498503e-09     2.524682880936e-09     1.531755912946e-09      0.000000000000e+00           0.000000000000e+00         1.124004135228e-20            0.000000000000e+00          0.000000000000e+00          2.758081688006e-21          4.147893238655e-21            3.162113590086e-21          0.000000000000e+00            1.317631285984e-04        4.954820483042e-05        2.401244572060e-06        7.642628766575e-08         3.547333983440e-04        1.208084352731e-04        5.753111053883e-06        1.839379511006e-07         2.597536870912e-04        8.549943492453e-05        3.941507557827e-06        1.224482635340e-07         4.739645739572e-21        4.655774481981e-21        1.863773532510e-22        2.893892011436e-24         0.000000000000e+00          5.863970286370e-21          3.088507325986e-22          5.665949828643e-24           0.000000000000e+00        7.144074543066e-21        5.292510414452e-22        8.235216518162e-24         0.000000000000e+00          6.757645702555e-21          4.451942091841e-22          7.558951039237e-24           0.000000000000e+00          0.000000000000e+00          9.223614660322e-21          3.494711601083e-22           0.000000000000e+00         6.953121389485e-21         4.491518271197e-22         6.547235190135e-24          0.000000000000e+00           0.000000000000e+00           8.191859036092e-21           2.531450053846e-22            0.000000000000e+00      5.144463942878e-01    3.783989854824e-09       8.015700963411e-02     1.030788085438e-01     1.514975278959e-10     2.640861354466e-10       1.752694993580e-10     1.333246434596e-08       1.149710086837e-02   2.431950265336e-02   1.304274102938e-02   6.144838297756e-03    3.143129452428e-02   6.272916645619e-02   3.287057878808e-02   1.546189308495e-02    2.337144564853e-02   4.697887123948e-02   2.369958662124e-02   1.077072387383e-02    1.396547008944e-11   4.153617863993e-11   2.616873992040e-11   1.349368455598e-11    5.577485886526e-11     6.884718028639e-11     4.373868379424e-11     2.642306470211e-11      4.681408383808e-11   1.238212867663e-10   7.365149636389e-11   3.712439253957e-11    8.431404719583e-11     1.014342000151e-10     6.158287735670e-11     3.407459084045e-11      3.256937821557e-09     6.505605338996e-09     3.409305718044e-09     1.603780199183e-09      4.498300946256e-11   1.098357401747e-10   6.012247019980e-11   2.852481817824e-11    2.421905147827e-09     4.872390121997e-09     2.458169121201e-09     1.117206394046e-09      
1.387759181050e+03   2.312931968416e+01   7.412931968416e+02   7.600000000000e+02   5.337714239139e+02   8.723463538821e-01   2.068069697535e-03   -2.075485596724e+03  7.412931968416e+02   0.000000000000e+00      4.713322675011e-01    3.463665941203e-09       7.365074748932e-02     9.436769199192e-02     1.390904572687e-10     2.423266463959e-10       1.603352636938e-10     1.219001260986e-08       4.256240144683e-03   1.683463060661e-02   1.351607341682e-02   8.478911755236e-03    1.153363800144e-02   4.321891598951e-02   3.395632992338e-02   2.128428044205e-02    8.500164150030e-03   3.221746156763e-02   2.440691780775e-02   1.479204637951e-02    5.150378178508e-12   2.870127205222e-11   2.709082806683e-11   1.860727975384e-11    2.059364145297e-11     4.755227702834e-11     4.526193476693e-11     3.643000215959e-11      1.711294710463e-11   8.515857666876e-11   7.600728268718e-11   5.107167895136e-11    3.085797686755e-11     6.973432807417e-11     6.353047548262e-11     4.686994366976e-11      1.190038324253e-09     4.472527697916e-09     3.517125406946e-09     2.205582627063e-09      1.629828482800e-11   7.519121036913e-11   6.185472464035e-11   3.915012388137e-11    8.770584413751e-10     3.334162560042e-09     2.528076577258e-09     1.532843126185e-09      0.000000000000e+00           0.000000000000e+00         1.126427558723e-20            0.000000000000e+00          0.000000000000e+00          2.762568887171e-21          4.153571384112e-21            3.167326616055e-21          0.000000000000e+00            1.322042338119e-04        4.981235087357e-05        2.413403348269e-06        7.677011225886e-08         3.559621782388e-04        1.214622886509e-04        5.782571394473e-06        1.847746661988e-07         2.606875161794e-04        8.597678868749e-05        3.962199308568e-06        1.230176290771e-07         4.750551594741e-21        4.666983259914e-21        1.867833189122e-22        2.899115461786e-24         0.000000000000e+00          5.877121353052e-21          3.094041595977e-22          5.675180155629e-24           0.000000000000e+00        7.161552430885e-21        5.304311205260e-22        8.250231730881e-24         0.000000000000e+00          6.773388331663e-21          4.460354639871e-22          7.571739659877e-24           0.000000000000e+00          0.000000000000e+00          9.244216989688e-21          3.499995389597e-22           0.000000000000e+00         6.970488753980e-21         4.502060614212e-22         6.559646311142e-24          0.000000000000e+00           0.000000000000e+00           8.210219100230e-21           2.535425333047e-22            0.000000000000e+00      5.140066794896e-01    3.784064376230e-09       8.017504706450e-02     1.030969578463e-01     1.516837038729e-10     2.642668950424e-10       1.754825356994e-10     1.334163348540e-08       1.150069305227e-02   2.436173893562e-02   1.306034810718e-02   6.149664027484e-03    3.144473326103e-02   6.284260745025e-02   3.291620907142e-02   1.547423911564e-02    2.338447720757e-02   4.707141422332e-02   2.373511243161e-02   1.078003421458e-02    1.397894904331e-11   4.163345140928e-11   2.621913544490e-11   1.351180531523e-11    5.589443231343e-11     6.897831606410e-11     4.380555644976e-11     2.645389886785e-11      4.686637503896e-11   1.241224299331e-10   7.379694134843e-11   3.717499580618e-11    8.450920276772e-11     1.016408985320e-10     6.168296783250e-11     3.411655921904e-11      3.259098627151e-09     6.518908928785e-09     3.414845106879e-09     1.605440169480e-09      4.504172066074e-11   1.101233898636e-10   6.024868137844e-11   2.856582244552e-11    2.423826907952e-09     4.883141016956e-09     2.462435668239e-09     1.118436424674e-09      
1.387948669738e+03   2.313247782897e+01   7.413247782897e+02   7.600000000000e+02   5.337407293545e+02   8.719538858144e-01   2.074261649254e-03   -2.078733685685e+03  7.413247782897e+02   0.000000000000e+00      4.707443487935e-01    3.462376461135e-09       7.363834377329e-02     9.434717503776e-02     1.392068047872e-10     2.423973663831e-10       1.604672210012e-10     1.219360987512e-08       4.255879974391e-03   1.685722750943e-02   1.352899497184e-02   8.482230125081e-03    1.153399070899e-02   4.328003105666e-02   3.399009166514e-02   2.129289032915e-02    8.501527135675e-03   3.226822332980e-02   2.443388984361e-02   1.479900481681e-02    5.153307642865e-12   2.875718667952e-11   2.713234707653e-11   1.862495084672e-11    2.062969721608e-11     4.762416479515e-11     4.531334850202e-11     3.645819764643e-11      1.712528021360e-11   8.533216737459e-11   7.612749490514e-11   5.112121079036e-11    3.091727320208e-11     6.984902478912e-11     6.360875998603e-11     4.690924972778e-11      1.190356354945e-09     4.479913520022e-09     3.521457276601e-09     2.206998278598e-09      1.631309339474e-11   7.535853427339e-11   6.196025156483e-11   3.919100574289e-11    8.774066598137e-10     3.340207337078e-09     2.531470594234e-09     1.533928025574e-09      0.000000000000e+00           0.000000000000e+00         1.128853363185e-20            0.000000000000e+00          0.000000000000e+00          2.767059024376e-21          4.159247635509e-21            3.172542928926e-21          0.000000000000e+00            1.326458482990e-04        5.007768779999e-05        2.425613027494e-06        7.711506926233e-08         3.571926571745e-04        1.221191682003e-04        5.812157549986e-06        1.856142062333e-07         2.616227792416e-04        8.645645637179e-05        3.982982873365e-06        1.235889977391e-07         4.761470427482e-21        4.678209341467e-21        1.871898427066e-22        2.904342530402e-24         0.000000000000e+00          5.890290718387e-21          3.099580506018e-22          5.684415127318e-24           0.000000000000e+00        7.179058451263e-21        5.316129205698e-22        8.265257817801e-24         0.000000000000e+00          6.789154638030e-21          4.468775346267e-22          7.584535756951e-24           0.000000000000e+00          0.000000000000e+00          9.264846445026e-21          3.505279792986e-22           0.000000000000e+00         6.987885434913e-21         4.512620181489e-22         6.572067785226e-24          0.000000000000e+00           0.000000000000e+00           8.228604051042e-21           2.539401513329e-22            0.000000000000e+00      5.135670630131e-01    3.784140576361e-09       8.019301366500e-02     1.031150070863e-01     1.518701819134e-10     2.644477917887e-10       1.756959053789e-10     1.335080967614e-08       1.150423429958e-02   2.440401592418e-02   1.307796599684e-02   6.154485929719e-03    3.145803953046e-02   6.295617708098e-02   3.296187144702e-02   1.548657592659e-02    2.339740840301e-02   4.716408782436e-02   2.377067006851e-02   1.078933924987e-02    1.399239092767e-11   4.173093589481e-11   2.626962715587e-11   1.352994668120e-11    5.601427435959e-11     6.910971473874e-11     4.387253218360e-11     2.648476628521e-11      4.691856274488e-11   1.244242723248e-10   7.394267406901e-11   3.722565793085e-11    8.470483428824e-11     1.018480410070e-10     6.178322054919e-11     3.415857443831e-11      3.261249371201e-09     6.532237454604e-09     3.420393222923e-09     1.607101273676e-09      4.510034355195e-11   1.104117762098e-10   6.037516055254e-11   2.860687764867e-11    2.425741141476e-09     4.893914518797e-09     2.466709538791e-09     1.119667396069e-09      
1.388138158427e+03   2.313563597378e+01   7.413563597378e+02   7.600000000000e+02   5.337100882572e+02   8.715602431872e-01   2.080466701536e-03   -2.081984710840e+03  7.413563597378e+02   0.000000000000e+00      4.701561351477e-01    3.461083291660e-09       7.362575212926e-02     9.432641273259e-02     1.393230872108e-10     2.424677196641e-10       1.605990902097e-10     1.219718878012e-08       4.255493596935e-03   1.687980431991e-02   1.354189315325e-02   8.485525311292e-03    1.153427382707e-02   4.334110839130e-02   3.402379866532e-02   2.130144236385e-02    8.502837268095e-03   3.231897635839e-02   2.446082934095e-02   1.480592380973e-02    5.156211855018e-12   2.881315157065e-11   2.717388402191e-11   1.864260284930e-11    2.066578653763e-11     4.769609165086e-11     4.536474672480e-11     3.648635105430e-11      1.713753493693e-11   8.550594801216e-11   7.624777207667e-11   5.117069239536e-11    3.097664124980e-11     6.996381043613e-11     6.368703552689e-11     4.694850469560e-11      1.190668319204e-09     4.487302575170e-09     3.525788388147e-09     2.208410395456e-09      1.632782888155e-11   7.552609447894e-11   6.206585933759e-11   3.923185463099e-11    8.777502994920e-10     3.346256789144e-09     2.534864905420e-09     1.535010595503e-09      0.000000000000e+00           0.000000000000e+00         1.131281531045e-20            0.000000000000e+00          0.000000000000e+00          2.771552073388e-21          4.164921938194e-21            3.177762497189e-21          0.000000000000e+00            1.330879705131e-04        5.034422016825e-05        2.437873766122e-06        7.746115972004e-08         3.584248321336e-04        1.227790859702e-04        5.841869927689e-06        1.864565744277e-07         2.625594670239e-04        8.693844792212e-05        4.003858575669e-06        1.241623724673e-07         4.772402168438e-21        4.689452681483e-21        1.875969232166e-22        2.909573184121e-24         0.000000000000e+00          5.903478327397e-21          3.105124026370e-22          5.693654683032e-24           0.000000000000e+00        7.196592537533e-21        5.327964379126e-22        8.280294685357e-24         0.000000000000e+00          6.804944561189e-21          4.477204169632e-22          7.597339249012e-24           0.000000000000e+00          0.000000000000e+00          9.285502929463e-21          3.510564767975e-22           0.000000000000e+00         7.005311376634e-21         4.523196949249e-22         6.584499539576e-24          0.000000000000e+00           0.000000000000e+00           8.247013808589e-21           2.543378563406e-22            0.000000000000e+00      5.131275454410e-01    3.784218452299e-09       8.021090939552e-02     1.031329562227e-01     1.520569623989e-10     2.646288254875e-10       1.759096087837e-10     1.335999291011e-08       1.150772463990e-02   2.444633351851e-02   1.309559467286e-02   6.159303987065e-03    3.147121336336e-02   6.306987516969e-02   3.300756586174e-02   1.549890347396e-02    2.341023918987e-02   4.725689199984e-02   2.380625950900e-02   1.079863894755e-02    1.400579568816e-11   4.182863236830e-11   2.632021519365e-11   1.354810865010e-11    5.613438549845e-11     6.924137674344e-11     4.393961110010e-11     2.651566695516e-11      4.697064672903e-11   1.247268150663e-10   7.408869498350e-11   3.727637890748e-11    8.490094277567e-11     1.020556282747e-10     6.188363569246e-11     3.420063650206e-11      3.263390049887e-09     6.545590937840e-09     3.425950075015e-09     1.608763509554e-09      4.515887778905e-11   1.107009006982e-10   6.050190820956e-11   2.864798379197e-11    2.427647839257e-09     4.904710657707e-09     2.470990742224e-09     1.120899306803e-09      
1.388327647115e+03   2.313879411859e+01   7.413879411859e+02   7.600000000000e+02   5.336795006256e+02   8.711654235214e-01   2.086684829735e-03   -2.085238656770e+03  7.413879411859e+02   0.000000000000e+00      4.695676273869e-01    3.459786417550e-09       7.361297230331e-02     9.430540479108e-02     1.394393033736e-10     2.425377044333e-10       1.607308699528e-10     1.220074923543e-08       4.255081027711e-03   1.690236075335e-02   1.355476779905e-02   8.488797240964e-03    1.153448737011e-02   4.340214728477e-02   3.405745051664e-02   2.130993636114e-02    8.504094529204e-03   3.236972013613e-02   2.448773600008e-02   1.481280322126e-02    5.159090774176e-12   2.886916635080e-11   2.721543861395e-11   1.866023555433e-11    2.070190922192e-11     4.776805712866e-11     4.541612896937e-11     3.651446202947e-11      1.714971110203e-11   8.567991759567e-11   7.636811341828e-11   5.122012319537e-11    3.103608076236e-11     7.007868437773e-11     6.376530144276e-11     4.698770810151e-11      1.190974213056e-09     4.494694803105e-09     3.530118703748e-09     2.209818955845e-09      1.634249105883e-11   7.569389029066e-11   6.217154736291e-11   3.927267009784e-11    8.780893547177e-10     3.352310875391e-09     2.538259484180e-09     1.536090820284e-09      0.000000000000e+00           0.000000000000e+00         1.133712044503e-20            0.000000000000e+00          0.000000000000e+00          2.776048007329e-21          4.170594235769e-21            3.182985288339e-21          0.000000000000e+00            1.335305933977e-04        5.061195076834e-05        2.450185667263e-06        7.780838367039e-08         3.596586849365e-04        1.234420498489e-04        5.871708803069e-06        1.873017714825e-07         2.634975693003e-04        8.742277023683e-05        4.024826642743e-06        1.247377543959e-07         4.783346740714e-21        4.700713231777e-21        1.880045590017e-22        2.914807389488e-24         0.000000000000e+00          5.916684121314e-21          3.110672126951e-22          5.702898761597e-24           0.000000000000e+00        7.214154619483e-21        5.339816688173e-22        8.295342239152e-24         0.000000000000e+00          6.820758036544e-21          4.485641068019e-22          7.610150053927e-24           0.000000000000e+00          0.000000000000e+00          9.306186341087e-21          3.515850270941e-22           0.000000000000e+00         7.022766514849e-21         4.533790893107e-22         6.596941500691e-24          0.000000000000e+00           0.000000000000e+00           8.265448288603e-21           2.547356451742e-22            0.000000000000e+00      5.126881273532e-01    3.784298001043e-09       8.022873421566e-02     1.031508052139e-01     1.522440457062e-10     2.648099959327e-10       1.761236462960e-10     1.336918317880e-08       1.151116410470e-02   2.448869161708e-02   1.311323410948e-02   6.164118182061e-03    3.148425479557e-02   6.318370153515e-02   3.305329226183e-02   1.551122171376e-02    2.342296952712e-02   4.734982670508e-02   2.384188072969e-02   1.080793327532e-02    1.401916327202e-11   4.192654109940e-11   2.637089969772e-11   1.356629121759e-11    5.625476622305e-11     6.937330250924e-11     4.400679330209e-11     2.654660087773e-11      4.702262676948e-11   1.250300592773e-10   7.423500454757e-11   3.732715872851e-11    8.509752924663e-11     1.022636611671e-10     6.198421344591e-11     3.424274541285e-11      3.265520659762e-09     6.558969399547e-09     3.431515671873e-09     1.610426874833e-09      4.521732302942e-11   1.109907648105e-10   6.062892483551e-11   2.868914087855e-11    2.429546992440e-09     4.915529463652e-09     2.475279287824e-09     1.122132155404e-09      
1.388517135804e+03   2.314195226339e+01   7.414195226339e+02   7.600000000000e+02   5.336489664604e+02   8.707694243406e-01   2.092916019315e-03   -2.088495508059e+03  7.414195226339e+02   0.000000000000e+00      4.689788263386e-01    3.458485823554e-09       7.360000404238e-02     9.428415092916e-02     1.395554521036e-10     2.426073188800e-10       1.608625588578e-10     1.220429115137e-08       4.254642282982e-03   1.692489652404e-02   1.356761874681e-02   8.492045841186e-03    1.153463135476e-02   4.346314702549e-02   3.409104681075e-02   2.131837213597e-02    8.505298902682e-03   3.242045414324e-02   2.451460952037e-02   1.481964291433e-02    5.161944360352e-12   2.892523064176e-11   2.725701056157e-11   1.867784875367e-11    2.073806507137e-11     4.784006075810e-11     4.546749476734e-11     3.654253021680e-11      1.716180853875e-11   8.585407512912e-11   7.648851814046e-11   5.126950261688e-11    3.109559148838e-11     7.019364597086e-11     6.384355706750e-11     4.702685947193e-11      1.191274032714e-09     4.502090143127e-09     3.534448185345e-09     2.211223937893e-09      1.635707969929e-11   7.586192100398e-11   6.227731503989e-11   3.931345169356e-11    8.784238199419e-10     3.358369554613e-09     2.541654303706e-09     1.537168684176e-09      0.000000000000e+00           0.000000000000e+00         1.136144885725e-20            0.000000000000e+00          0.000000000000e+00          2.780546799313e-21          4.176264472198e-21            3.188211269953e-21          0.000000000000e+00            1.339737117221e-04        5.088088297318e-05        2.462548851340e-06        7.815674145464e-08         3.608942024166e-04        1.241080691026e-04        5.901674494734e-06        1.881497988649e-07         2.644370761230e-04        8.790943123316e-05        4.045887333560e-06        1.253151452165e-07         4.794304069406e-21        4.711990944492e-21        1.884127486031e-22        2.920045112795e-24         0.000000000000e+00          5.929908042009e-21          3.116224777447e-22          5.712147301423e-24           0.000000000000e+00        7.231744627197e-21        5.351686094981e-22        8.310400384051e-24         0.000000000000e+00          6.836595000151e-21          4.494085999145e-22          7.622968088975e-24           0.000000000000e+00          0.000000000000e+00          9.326896578688e-21          3.521136258026e-22           0.000000000000e+00         7.040250787257e-21         4.544401988241e-22         6.609393594465e-24          0.000000000000e+00           0.000000000000e+00           8.283907407362e-21           2.551335146619e-22            0.000000000000e+00      5.122488093265e-01    3.784379219538e-09       8.024648808470e-02     1.031685540181e-01     1.524314322103e-10     2.649913029132e-10       1.763380182952e-10     1.337838047343e-08       1.151455272737e-02   2.453109011731e-02   1.313088428068e-02   6.168928497179e-03    3.149716386785e-02   6.329765599357e-02   3.309905059294e-02   1.552353060185e-02    2.343559937752e-02   4.744289189348e-02   2.387753370676e-02   1.081722220077e-02    1.403249362828e-11   4.202466235593e-11   2.642168080701e-11   1.358449437895e-11    5.637541702541e-11     6.950549246593e-11     4.407407889150e-11     2.657756805237e-11      4.707450264996e-11   1.253340060732e-10   7.438160321548e-11   3.737799738534e-11    8.529459471692e-11     1.024721405149e-10     6.208495399190e-11     3.428490117249e-11      3.267641197791e-09     6.572372860486e-09     3.437090022128e-09     1.612091367193e-09      4.527567893577e-11   1.112813700257e-10   6.075621091547e-11   2.873034891073e-11    2.431438592486e-09     4.926370966406e-09     2.479575184821e-09     1.123365940373e-09      
1.388706624492e+03   2.314511040820e+01   7.414511040820e+02   7.600000000000e+02   5.336184857591e+02   8.703722431713e-01   2.099160255594e-03   -2.091755248789e+03  7.414511040820e+02   0.000000000000e+00      4.683897328356e-01    3.457181494389e-09       7.358684709418e-02     9.426265086396e-02     1.396715322225e-10     2.426765611880e-10       1.609941555445e-10     1.220781443795e-08       4.254177379876e-03   1.694741134518e-02   1.358044583371e-02   8.495271039043e-03    1.153470579997e-02   4.352410689898e-02   3.412458713816e-02   2.132674950329e-02    8.506450373980e-03   3.247117785740e-02   2.454144960025e-02   1.482644275180e-02    5.164772574352e-12   2.898134406194e-11   2.729859957155e-11   1.869544223827e-11    2.077425388643e-11     4.791210206507e-11     4.551884364779e-11     3.657055525976e-11      1.717382707936e-11   8.602841960626e-11   7.660898544763e-11   5.131883008384e-11    3.115517317343e-11     7.030869456671e-11     6.392180173112e-11     4.706595833133e-11      1.191567774574e-09     4.509488534092e-09     3.538776794651e-09     2.212625319655e-09      1.637159457789e-11   7.603018590476e-11   6.238316176242e-11   3.935419896615e-11    8.787536897577e-10     3.364432785244e-09     2.545049337015e-09     1.538244171380e-09      0.000000000000e+00           0.000000000000e+00         1.138580036805e-20            0.000000000000e+00          0.000000000000e+00          2.785048422289e-21          4.181932591289e-21            3.193440409418e-21          0.000000000000e+00            1.344173202486e-04        5.115102015129e-05        2.474963438470e-06        7.850623339073e-08         3.621313713816e-04        1.247771529939e-04        5.931767320621e-06        1.890006579867e-07         2.653779775166e-04        8.839843883185e-05        4.067040906884e-06        1.258945465840e-07         4.805274079236e-21        4.723285771263e-21        1.888214905426e-22        2.925286320070e-24         0.000000000000e+00          5.943150030896e-21          3.121781947288e-22          5.721400240485e-24           0.000000000000e+00        7.249362490111e-21        5.363572561144e-22        8.325469024175e-24         0.000000000000e+00          6.852455387542e-21          4.502538920344e-22          7.635793270841e-24           0.000000000000e+00          0.000000000000e+00          9.347633540335e-21          3.526422685116e-22           0.000000000000e+00         7.057764130904e-21         4.555030209361e-22         6.621855746166e-24          0.000000000000e+00           0.000000000000e+00           8.302391080491e-21           2.555314616122e-22            0.000000000000e+00      5.118095919352e-01    3.784462104673e-09       8.026417096160e-02     1.031862025930e-01     1.526191222831e-10     2.651727462127e-10       1.765527251573e-10     1.338758478496e-08       1.151789054315e-02   2.457352891556e-02   1.314854516022e-02   6.173734914830e-03    3.150994062593e-02   6.341173835857e-02   3.314484080009e-02   1.553583009389e-02    2.344812870773e-02   4.753608751651e-02   2.391321841592e-02   1.082650569136e-02    1.404578670775e-11   4.212299640390e-11   2.647255865982e-11   1.360271812907e-11    5.649633839647e-11     6.963794704197e-11     4.414146796926e-11     2.660856847794e-11      4.712627415972e-11   1.256386565649e-10   7.452849143995e-11   3.742889486828e-11    8.549214020147e-11     1.026810671476e-10     6.218585751146e-11     3.432710378199e-11      3.269751661349e-09     6.585801341126e-09     3.442673134320e-09     1.613756984268e-09      4.533394517602e-11   1.115727178203e-10   6.088376693362e-11   2.877160788998e-11    2.433322631168e-09     4.937235195554e-09     2.483878442383e-09     1.124600660175e-09      
1.388896113181e+03   2.314826855301e+01   7.414826855301e+02   7.600000000000e+02   5.335880585164e+02   8.699738775427e-01   2.105417523737e-03   -2.095017863199e+03  7.414826855301e+02   0.000000000000e+00      4.678003477151e-01    3.455873414747e-09       7.357350120731e-02     9.424090431388e-02     1.397875425461e-10     2.427454295358e-10       1.611256586261e-10     1.221131900491e-08       4.253686336387e-03   1.696990492895e-02   1.359324889651e-02   8.498472761613e-03    1.153471072696e-02   4.358502618788e-02   3.415807108833e-02   2.133506827802e-02    8.507548930322e-03   3.252189075374e-02   2.456825593723e-02   1.483320259649e-02    5.167575377779e-12   2.903750622628e-11   2.734020534856e-11   1.871301579815e-11    2.081047546567e-11     4.798418057177e-11     4.557017513723e-11     3.659853680039e-11      1.718576655857e-11   8.620295001057e-11   7.672951453816e-11   5.136810501765e-11    3.121482556001e-11     7.042382951076e-11     6.400003475983e-11     4.710500420222e-11      1.191855435219e-09     4.516889914407e-09     3.543104493159e-09     2.214023079109e-09      1.638603547190e-11   7.619868426930e-11   6.248908691913e-11   3.939491146152e-11    8.790789589016e-10     3.370500525357e-09     2.548444556950e-09     1.539317266037e-09      0.000000000000e+00           0.000000000000e+00         1.141017479756e-20            0.000000000000e+00          0.000000000000e+00          2.789552849045e-21          4.187598536697e-21            3.198672673940e-21          0.000000000000e+00            1.348614137328e-04        5.142236566672e-05        2.487429548451e-06        7.885685977265e-08         3.633701786134e-04        1.254493107794e-04        5.961987598117e-06        1.898543502043e-07         2.663202634773e-04        8.888980095712e-05        4.088287621220e-06        1.264759601186e-07         4.816256694553e-21        4.734597663226e-21        1.892307833229e-22        2.930530977083e-24         0.000000000000e+00          5.956410028930e-21          3.127343605650e-22          5.730657516333e-24           0.000000000000e+00        7.267008137013e-21        5.375476047713e-22        8.340548062894e-24         0.000000000000e+00          6.868339133722e-21          4.510999788566e-22          7.648625515611e-24           0.000000000000e+00          0.000000000000e+00          9.368397123388e-21          3.531709507840e-22           0.000000000000e+00         7.075306482188e-21         4.565675530703e-22         6.634327880448e-24          0.000000000000e+00           0.000000000000e+00           8.320899222957e-21           2.559294828142e-22            0.000000000000e+00      5.113704757504e-01    3.784546653287e-09       8.028178280502e-02     1.032037508960e-01     1.528071162942e-10     2.653543256098e-10       1.767677672557e-10     1.339679610405e-08       1.152117758915e-02   2.461600790719e-02   1.316621672160e-02   6.178537417357e-03    3.152258512045e-02   6.352594844119e-02   3.319066282770e-02   1.554812014539e-02    2.346055748826e-02   4.762941352372e-02   2.394893483244e-02   1.083578371441e-02    1.405904246301e-11   4.222154350749e-11   2.652353339389e-11   1.362096246247e-11    5.661753082605e-11     6.977066666449e-11     4.420896063537e-11     2.663960215267e-11      4.717794109361e-11   1.259440118589e-10   7.467566967225e-11   3.747985116658e-11    8.569016671431e-11     1.028904418928e-10     6.228692418432e-11     3.436935324155e-11      3.271852048218e-09     6.599254861644e-09     3.448265016897e-09     1.615423723648e-09      4.539212142338e-11   1.118648096686e-10   6.101159337317e-11   2.881291781693e-11    2.435199100578e-09     4.948122180487e-09     2.488189069620e-09     1.125836313246e-09      
1.389085601869e+03   2.315142669782e+01   7.415142669782e+02   7.600000000000e+02   5.335576847239e+02   8.695743249869e-01   2.111687808909e-03   -2.098283335205e+03  7.415142669782e+02   0.000000000000e+00      4.672106718193e-01    3.454561569296e-09       7.355996613118e-02     9.421891099859e-02     1.399034818837e-10     2.428139220968e-10       1.612570667085e-10     1.221480476171e-08       4.253169171371e-03   1.699237698645e-02   1.360602777158e-02   8.501650935976e-03    1.153464615920e-02   4.364590417191e-02   3.419149824962e-02   2.134332827503e-02    8.508594560698e-03   3.257259230485e-02   2.459502822791e-02   1.483992231116e-02    5.170352733026e-12   2.909371674635e-11   2.738182759516e-11   1.873056922245e-11    2.084672960571e-11     4.805629579671e-11     4.562148875961e-11     3.662647447930e-11      1.719762681349e-11   8.637766531525e-11   7.685010460432e-11   5.141732683716e-11    3.127454838755e-11     7.053905014274e-11     6.407825547596e-11     4.714399660517e-11      1.192137011417e-09     4.524294222038e-09     3.547431242138e-09     2.215417194156e-09      1.640040216081e-11   7.636741536432e-11   6.259508989345e-11   3.943558872346e-11    8.793996222531e-10     3.376572732668e-09     2.551839936184e-09     1.540387952232e-09      0.000000000000e+00           0.000000000000e+00         1.143457196516e-20            0.000000000000e+00          0.000000000000e+00          2.794060052202e-21          4.193262251918e-21            3.203908030534e-21          0.000000000000e+00            1.353059869708e-04        5.169492286426e-05        2.499947300539e-06        7.920862086832e-08         3.646106109850e-04        1.261245516690e-04        5.992335643366e-06        1.907108768127e-07         2.672639240593e-04        8.938352549827e-05        4.109627734361e-06        1.270593873994e-07         4.827251839318e-21        4.745926571002e-21        1.896406254270e-22        2.935779049343e-24         0.000000000000e+00          5.969687976600e-21          3.132909721450e-22          5.739919066084e-24           0.000000000000e+00        7.284681496034e-21        5.387396515192e-22        8.355637402831e-24         0.000000000000e+00          6.884246173157e-21          4.519468560373e-22          7.661464738768e-24           0.000000000000e+00          0.000000000000e+00          9.389187224482e-21          3.536996681572e-22           0.000000000000e+00         7.092877776844e-21         4.576337926029e-22         6.646809921336e-24          0.000000000000e+00           0.000000000000e+00           8.339431749068e-21           2.563275750374e-22            0.000000000000e+00      5.109314613408e-01    3.784632862168e-09       8.029932357332e-02     1.032211988845e-01     1.529954146106e-10     2.655360408779e-10       1.769831449603e-10     1.340601442112e-08       1.152441390438e-02   2.465852698647e-02   1.318389893808e-02   6.183335987040e-03    3.153509740701e-02   6.364028604985e-02   3.323651661958e-02   1.556040071170e-02    2.347288569346e-02   4.772286986266e-02   2.398468293116e-02   1.084505623712e-02    1.407226084843e-11   4.232030392902e-11   2.657460514633e-11   1.363922737325e-11    5.673899480286e-11     6.990365175926e-11     4.427655698879e-11     2.667066907421e-11      4.722950325197e-11   1.262500730575e-10   7.482313836212e-11   3.753086626839e-11    8.588867526858e-11     1.031002655770e-10     6.238815418881e-11     3.441164955055e-11      3.273942356590e-09     6.612733441928e-09     3.453865678221e-09     1.617091582880e-09      4.545020735624e-11   1.121576470419e-10   6.113969071643e-11   2.885427869136e-11    2.437067993119e-09     4.959031950407e-09     2.492507075583e-09     1.127072897991e-09      
1.389275090558e+03   2.315458484263e+01   7.415458484263e+02   7.600000000000e+02   5.335273643702e+02   8.691735830387e-01   2.117971095677e-03   -2.101551648645e+03  7.415458484263e+02   0.000000000000e+00      4.666207059952e-01    3.453245942657e-09       7.354624161607e-02     9.419667063902e-02     1.400193490381e-10     2.428820370381e-10       1.613883783903e-10     1.221827161746e-08       4.252625904541e-03   1.701482722774e-02   1.361878229487e-02   8.504805489208e-03    1.153451212241e-02   4.370674012788e-02   3.422486820931e-02   2.135152930923e-02    8.509587255867e-03   3.262328198078e-02   2.462176616793e-02   1.484660175852e-02    5.173104603282e-12   2.914997523008e-11   2.742346601163e-11   1.874810229931e-11    2.088301610110e-11     4.812844725452e-11     4.567278403620e-11     3.665436793556e-11      1.720940768365e-11   8.655256448259e-11   7.697075483192e-11   5.146649495847e-11    3.133434139223e-11     7.065435579631e-11     6.415646319786e-11     4.718293505868e-11      1.192412500113e-09     4.531701394470e-09     3.551757002610e-09     2.216807642612e-09      1.641469442648e-11   7.653637844636e-11   6.270117006317e-11   3.947623029352e-11    8.797156748303e-10     3.382649364503e-09     2.555235447200e-09     1.541456213987e-09      0.000000000000e+00           0.000000000000e+00         1.145899168945e-20            0.000000000000e+00          0.000000000000e+00          2.798570004214e-21          4.198923680284e-21            3.209146446027e-21          0.000000000000e+00            1.357510346132e-04        5.196869512738e-05        2.512516814287e-06        7.956151692774e-08         3.658526550003e-04        1.268028849931e-04        6.022811773598e-06        1.915702390663e-07         2.682089490378e-04        8.987962046148e-05        4.131061505240e-06        1.276448299826e-07         4.838259437151e-21        4.757272444704e-21        1.900510153178e-22        2.941030502084e-24         0.000000000000e+00          5.982983813947e-21          3.138480263339e-22          5.749184826405e-24           0.000000000000e+00        7.302382494665e-21        5.399333923507e-22        8.370736945819e-24         0.000000000000e+00          6.900176439805e-21          4.527945191931e-22          7.674310855174e-24           0.000000000000e+00          0.000000000000e+00          9.410003739527e-21          3.542284161410e-22           0.000000000000e+00         7.110477949961e-21         4.587017368598e-22         6.659301792208e-24          0.000000000000e+00           0.000000000000e+00           8.357988572459e-21           2.567257350303e-22            0.000000000000e+00      5.104925492722e-01    3.784720728030e-09       8.031679322455e-02     1.032385465151e-01     1.531840175961e-10     2.657178917844e-10       1.771988586375e-10     1.341523972625e-08       1.152759952969e-02   2.470108604663e-02   1.320159178266e-02   6.188130606094e-03    3.154747754613e-02   6.375475099038e-02   3.328240211889e-02   1.557267174800e-02    2.348511330155e-02   4.781645647895e-02   2.402046268643e-02   1.085432322658e-02    1.408544182014e-11   4.241927792871e-11   2.662577405354e-11   1.365751285507e-11    5.686073081424e-11     7.003690275043e-11     4.434425712740e-11     2.670176923948e-11      4.728096044078e-11   1.265568412575e-10   7.497089795739e-11   3.758194016065e-11    8.608766687604e-11     1.033105390247e-10     6.248954770180e-11     3.445399270749e-11      3.276022585049e-09     6.626237101519e-09     3.459475126541e-09     1.618760559458e-09      4.550820265838e-11   1.124512314083e-10   6.126805944440e-11   2.889569051209e-11    2.438929301501e-09     4.969964534285e-09     2.496832469246e-09     1.128310412776e-09      
1.389464579246e+03   2.315774298743e+01   7.415774298743e+02   7.600000000000e+02   5.334970974410e+02   8.687716492358e-01   2.124267384160e-03   -2.104822786821e+03  7.415774298743e+02   0.000000000000e+00      4.660304510946e-01    3.451926519439e-09       7.353232741313e-02     9.417418295739e-02     1.401351428062e-10     2.429497725221e-10       1.615195922633e-10     1.222171948104e-08       4.252056556465e-03   1.703725536185e-02   1.363151230197e-02   8.507936348386e-03    1.153430864455e-02   4.376753332972e-02   3.425818055358e-02   2.135967119546e-02    8.510527008342e-03   3.267395924902e-02   2.464846945204e-02   1.485324080126e-02    5.175830952519e-12   2.920628128208e-11   2.746512029622e-11   1.876561481599e-11    2.091933474454e-11     4.820063445621e-11     4.572406048579e-11     3.668221680691e-11      1.722110901098e-11   8.672764646487e-11   7.709146440089e-11   5.151560879527e-11    3.139420430722e-11     7.076974579953e-11     6.423465724007e-11     4.722181907935e-11      1.192681898443e-09     4.539111368762e-09     3.556081735389e-09     2.218194402224e-09      1.642891205297e-11   7.670557276260e-11   6.280732680105e-11   3.951683571123e-11    8.800271117967e-10     3.388730377847e-09     2.558631062315e-09     1.542522035270e-09      0.000000000000e+00           0.000000000000e+00         1.148343379803e-20            0.000000000000e+00          0.000000000000e+00          2.803082677665e-21          4.204582765463e-21            3.214387887417e-21          0.000000000000e+00            1.361965520746e-04        5.224368625512e-05        2.525138225021e-06        7.991554848334e-08         3.670963035747e-04        1.274843212006e-04        6.053416345111e-06        1.924324389476e-07         2.691553341442e-04        9.037809473988e-05        4.152589220210e-06        1.282322899454e-07         4.849279418284e-21        4.768635234863e-21        1.904619514401e-22        2.946285300285e-24         0.000000000000e+00          5.996297482219e-21          3.144055199752e-22          5.758454733541e-24           0.000000000000e+00        7.320111062976e-21        5.411288232129e-22        8.385846592961e-24         0.000000000000e+00          6.916129870060e-21          4.536429639073e-22          7.687163779100e-24           0.000000000000e+00          0.000000000000e+00          9.430846567314e-21          3.547571902230e-22           0.000000000000e+00         7.128106939418e-21         4.597713831264e-22         6.671803415831e-24          0.000000000000e+00           0.000000000000e+00           8.376569608952e-21           2.571239595243e-22            0.000000000000e+00      5.100537401078e-01    3.784810247552e-09       8.033419171647e-02     1.032557937444e-01     1.533729256124e-10     2.658998780920e-10       1.774149086508e-10     1.342447200925e-08       1.153073450778e-02   2.474368497986e-02   1.321929522812e-02   6.192921256673e-03    3.155972560320e-02   6.386934306597e-02   3.332831926822e-02   1.558493320930e-02    2.349724029459e-02   4.791017331624e-02   2.405627407218e-02   1.086358464971e-02    1.409858533605e-11   4.251846576508e-11   2.667704025140e-11   1.367581890123e-11    5.698273934655e-11     7.017042006093e-11     4.441206114815e-11     2.673290264486e-11      4.733231247146e-11   1.268643175517e-10   7.511894890464e-11   3.763307282929e-11    8.628714254781e-11     1.035212630589e-10     6.259110489887e-11     3.449638271009e-11      3.278092732595e-09     6.639765859697e-09     3.465093370030e-09     1.620430650838e-09      4.556610701873e-11   1.127455642340e-10   6.139670003736e-11   2.893715327714e-11    2.440783018755e-09     4.980919960921e-09     2.501165259538e-09     1.129548855940e-09      
1.389654067935e+03   2.316090113224e+01   7.416090113224e+02   7.600000000000e+02   5.334668839189e+02   8.683685211190e-01   2.130576628462e-03   -2.108096733835e+03  7.416090113224e+02   0.000000000000e+00      4.654399079742e-01    3.450603284217e-09       7.351822327436e-02     9.415144767723e-02     1.402508619783e-10     2.430171267054e-10       1.616507069117e-10     1.222514826101e-08       4.251461148573e-03   1.705966109673e-02   1.364421762801e-02   8.511043440589e-03    1.153403575588e-02   4.382828304841e-02   3.429143486754e-02   2.136775374860e-02    8.511413812419e-03   3.272462357451e-02   2.467513777402e-02   1.485983930198e-02    5.178531745512e-12   2.926263450337e-11   2.750679014492e-11   1.878310655883e-11    2.095568532667e-11     4.827285690894e-11     4.577531762447e-11     3.671002072956e-11      1.723273063986e-11   8.690291020354e-11   7.721223248477e-11   5.156466775853e-11    3.145413686245e-11     7.088521947441e-11     6.431283691316e-11     4.726064818174e-11      1.192945203722e-09     4.546524081504e-09     3.560405401051e-09     2.219577450658e-09      1.644305482668e-11   7.687499755015e-11   6.291355947431e-11   3.955740451393e-11    8.803339284576e-10     3.394815729300e-09     2.562026753665e-09     1.543585399987e-09      0.000000000000e+00           0.000000000000e+00         1.150789808845e-20            0.000000000000e+00          0.000000000000e+00          2.807598044085e-21          4.210239449498e-21            3.219632320433e-21          0.000000000000e+00            1.366425328324e-04        5.251989866682e-05        2.537811617784e-06        8.027071510774e-08         3.683415312278e-04        1.281688670312e-04        6.084149589917e-06        1.932974759880e-07         2.701030578195e-04        9.087895427895e-05        4.174211078658e-06        1.288217676228e-07         4.860311691554e-21        4.780014888704e-21        1.908734322152e-22        2.951543408652e-24         0.000000000000e+00          6.009628917156e-21          3.149634498748e-22          5.767728723287e-24           0.000000000000e+00        7.337867120660e-21        5.423259399714e-22        8.400966244573e-24         0.000000000000e+00          6.932106390827e-21          4.544921857075e-22          7.700023424187e-24           0.000000000000e+00          0.000000000000e+00          9.451715595122e-21          3.552859858567e-22           0.000000000000e+00         7.145764672078e-21         4.608427286205e-22         6.684314714319e-24          0.000000000000e+00           0.000000000000e+00           8.395174765187e-21           2.575222452259e-22            0.000000000000e+00      5.096150344080e-01    3.784901417347e-09       8.035151900655e-02     1.032729405286e-01     1.535621390180e-10     2.660819995576e-10       1.776312953601e-10     1.343371125966e-08       1.153381888325e-02   2.478632367726e-02   1.323700924695e-02   6.197707920861e-03    3.157184164857e-02   6.398406207717e-02   3.337426800949e-02   1.559718505046e-02    2.350926665852e-02   4.800402031615e-02   2.409211706185e-02   1.087284047335e-02    1.411169135584e-11   4.261786769454e-11   2.672840387505e-11   1.369414550461e-11    5.710502088481e-11     7.030420411211e-11     4.447996914688e-11     2.676406928605e-11      4.738355916106e-11   1.271725030280e-10   7.526729164861e-11   3.768426425904e-11    8.648710329368e-11     1.037324385010e-10     6.269282595406e-11     3.453881955518e-11      3.280152798634e-09     6.653319735412e-09     3.470720416755e-09     1.622101854427e-09      4.562392013158e-11   1.130406469816e-10   6.152561297437e-11   2.897866698362e-11    2.442629138225e-09     4.991898258896e-09     2.505505455312e-09     1.130788225786e-09      
1.389843556623e+03   2.316405927705e+01   7.416405927705e+02   7.600000000000e+02   5.334367237837e+02   8.679641962319e-01   2.136898828244e-03   -2.111373472637e+03  7.416405927705e+02   0.000000000000e+00      4.648490774956e-01    3.449276221550e-09       7.350392895266e-02     9.412846452335e-02     1.403665053389e-10     2.430840977403e-10       1.617817209133e-10     1.222855786569e-08       4.250839703135e-03   1.708204413928e-02   1.365689810776e-02   8.514126692900e-03    1.153369348883e-02   4.388898855204e-02   3.432463073522e-02   2.137577678350e-02    8.512247664142e-03   3.277527441961e-02   2.470177082676e-02   1.486639712327e-02    5.181206947832e-12   2.931903449156e-11   2.754847525170e-11   1.880057731327e-11    2.099206763625e-11     4.834511411627e-11     4.582655496593e-11     3.673777933845e-11      1.724427241713e-11   8.707835462984e-11   7.733305825114e-11   5.161367125685e-11    3.151413878483e-11     7.100077613736e-11     6.439100152403e-11     4.729942187864e-11      1.193202413453e-09     4.553939468845e-09     3.564727959954e-09     2.220956765509e-09      1.645712253635e-11   7.704465203650e-11   6.301986744503e-11   3.959793623693e-11    8.806361202630e-10     3.400905375109e-09     2.565422493218e-09     1.544646291992e-09      0.000000000000e+00           0.000000000000e+00         1.153238438682e-20            0.000000000000e+00          0.000000000000e+00          2.812116075725e-21          4.215893675759e-21            3.224879711701e-21          0.000000000000e+00            1.370889722420e-04        5.279733616392e-05        2.550537127409e-06        8.062701728642e-08         3.695883307151e-04        1.288565329582e-04        6.115011863505e-06        1.941653520605e-07         2.710521156594e-04        9.138220801079e-05        4.195927366796e-06        1.294132650228e-07         4.871356186474e-21        4.791411355742e-21        1.912854560484e-22        2.956804791636e-24         0.000000000000e+00          6.022978059098e-21          3.155218128240e-22          5.777006731021e-24           0.000000000000e+00        7.355650596495e-21        5.435247384614e-22        8.416095800241e-24         0.000000000000e+00          6.948105937460e-21          4.553421800993e-22          7.712889703502e-24           0.000000000000e+00          0.000000000000e+00          9.472610720315e-21          3.558147984781e-22           0.000000000000e+00         7.163451084517e-21         4.619157705301e-22         6.696835609181e-24          0.000000000000e+00           0.000000000000e+00           8.413803955672e-21           2.579205888269e-22            0.000000000000e+00      5.091764327309e-01    3.784994233990e-09       8.036877505195e-02     1.032899868237e-01     1.537516581692e-10     2.662642559341e-10       1.778480191227e-10     1.344295746677e-08       1.153685270250e-02   2.482900202887e-02   1.325473381142e-02   6.202490580684e-03    3.158382575745e-02   6.409890782185e-02   3.342024828402e-02   1.560942722616e-02    2.352119238312e-02   4.809799741831e-02   2.412799162846e-02   1.088209066419e-02    1.412475984100e-11   4.271748397174e-11   2.677986505914e-11   1.371249265770e-11    5.722757591301e-11     7.043825532413e-11     4.454798121857e-11     2.679526915821e-11      4.743470033233e-11   1.274813987697e-10   7.541592663271e-11   3.773551443367e-11    8.668755012273e-11     1.039440661712e-10     6.279471104030e-11     3.458130323889e-11      3.282202782980e-09     6.666898747329e-09     3.476356274705e-09     1.623774167591e-09      4.568164169668e-11   1.133364811114e-10   6.165479873368e-11   2.902023162785e-11    2.444467653574e-09     5.002899456604e-09     2.509853065372e-09     1.132028520590e-09      
1.390033045312e+03   2.316721742186e+01   7.416721742186e+02   7.600000000000e+02   5.334066170121e+02   8.675586721212e-01   2.143233967801e-03   -2.114652986546e+03  7.416721742186e+02   0.000000000000e+00      4.642579605253e-01    3.447945315966e-09       7.348944420181e-02     9.410523322188e-02     1.404820716659e-10     2.431506837734e-10       1.619126328387e-10     1.223194820308e-08       4.250192243272e-03   1.710440419536e-02   1.366955357559e-02   8.517186032404e-03    1.153328187809e-02   4.394964910580e-02   3.435776773957e-02   2.138374011501e-02    8.513028561311e-03   3.282591124413e-02   2.472836830222e-02   1.487291412767e-02    5.183856525845e-12   2.937548084072e-11   2.759017530828e-11   1.881802686384e-11    2.102848146000e-11     4.841740557791e-11     4.587777202119e-11     3.676549226702e-11      1.725573419202e-11   8.725397866422e-11   7.745394086128e-11   5.166261869619e-11    3.157420979801e-11     7.111641509877e-11     6.446915037560e-11     4.733813968079e-11      1.193453525321e-09     4.561357466474e-09     3.569049372226e-09     2.222332324296e-09      1.647111497303e-11   7.721453543907e-11   6.312625006980e-11   3.963843041341e-11    8.809336828042e-10     3.406999271143e-09     2.568818252760e-09     1.545704695081e-09      0.000000000000e+00           0.000000000000e+00         1.155689250872e-20            0.000000000000e+00          0.000000000000e+00          2.816636744380e-21          4.221545386959e-21            3.230130027297e-21          0.000000000000e+00            1.375358650286e-04        5.307600208134e-05        2.563314871694e-06        8.098445516843e-08         3.708366886900e-04        1.295473282049e-04        6.146003479354e-06        1.950360681828e-07         2.720024975129e-04        9.188786387705e-05        4.217738341579e-06        1.300067835467e-07         4.882412825180e-21        4.802824584041e-21        1.916980213237e-22        2.962069413418e-24         0.000000000000e+00          6.036344846237e-21          3.160806055844e-22          5.786288691677e-24           0.000000000000e+00        7.373461415366e-21        5.447252144530e-22        8.431235158771e-24         0.000000000000e+00          6.964128441791e-21          4.561929425431e-22          7.725762529486e-24           0.000000000000e+00          0.000000000000e+00          9.493531835941e-21          3.563436234941e-22           0.000000000000e+00         7.181166109202e-21         4.629905059876e-22         6.709366021276e-24          0.000000000000e+00           0.000000000000e+00           8.432457091409e-21           2.583189869973e-22            0.000000000000e+00      5.087379356318e-01    3.785088693998e-09       8.038595980958e-02     1.033069325853e-01     1.539414834195e-10     2.664466469683e-10       1.780650802925e-10     1.345221061957e-08       1.153983601380e-02   2.487171992365e-02   1.327246889355e-02   6.207269218101e-03    3.159567800992e-02   6.421388009525e-02   3.346626003252e-02   1.562165969093e-02    2.353301746199e-02   4.819210456036e-02   2.416389774453e-02   1.089133518878e-02    1.413779075480e-11   4.281731484925e-11   2.683142393760e-11   1.373086035261e-11    5.735040491387e-11     7.057257411559e-11     4.461609745713e-11     2.682650225584e-11      4.748573581355e-11   1.277910058553e-10   7.556485429862e-11   3.778682333576e-11    8.688848404280e-11     1.041561468878e-10     6.289676032900e-11     3.462383375648e-11      3.284242685852e-09     6.680502913792e-09     3.482000951764e-09     1.625447587652e-09      4.573927141908e-11   1.136330680806e-10   6.178425779243e-11   2.906184720523e-11    2.446298558779e-09     5.013923582224e-09     2.514208098452e-09     1.133269738593e-09      
1.392471452355e+03   2.320785753925e+01   7.420785753925e+02   7.600000000000e+02   5.330239343612e+02   8.622322332934e-01   2.225904830152e-03   -2.157062330068e+03  7.420785753925e+02   0.000000000000e+00      4.566261049132e-01    3.430468925038e-09       7.328596177441e-02     9.378403895420e-02     1.419618127160e-10     2.439723692055e-10       1.635875221658e-10     1.227381731127e-08       4.239552424448e-03   1.738995981644e-02   1.383010446972e-02   8.554390226500e-03    1.152182079815e-02   4.472591262938e-02   3.477875156699e-02   2.148080963504e-02    8.518357451870e-03   3.347603038961e-02   2.506732395794e-02   1.495307687834e-02    5.215653883340e-12   3.010580470097e-11   2.812798218019e-11   1.904058737549e-11    2.149978309080e-11     4.935051074813e-11     4.653482558262e-11     3.711787548603e-11      1.739603255288e-11   8.952950298215e-11   7.901419630617e-11   5.228722897250e-11    3.235326367816e-11     7.261153233163e-11     6.547308390700e-11     4.783117256476e-11      1.196140451247e-09     4.657018602603e-09     3.624538678611e-09     2.239688536896e-09      1.664437486972e-11   7.942071644175e-11   6.450158966100e-11   4.015596836011e-11    8.843483224250e-10     3.485776668693e-09     2.612505178640e-09     1.559095427249e-09      0.000000000000e+00           0.000000000000e+00         8.951671022849e-20            0.000000000000e+00          0.000000000000e+00          2.875033244379e-21          4.294023759294e-21            3.297939031549e-21          3.261603144923e-19            1.433248356452e-04        5.677306757197e-05        2.732456642010e-06        8.568548409429e-08         3.870343407542e-04        1.387200598290e-04        6.556495223483e-06        2.064945909929e-07         2.843461171848e-04        9.861270496234e-05        4.506973024327e-06        1.378253382772e-07         5.711493218278e-20        4.256115746539e-21        1.970546343907e-22        3.030089506300e-24         2.354371437679e-19          0.000000000000e+00          3.233082595954e-22          5.906056070153e-24           1.975571683103e-19        2.937458664647e-20        5.603211157759e-22        8.626883491215e-24         0.000000000000e+00          2.382380865482e-20          4.672073676545e-22          7.891959925506e-24           0.000000000000e+00          0.000000000000e+00          0.000000000000e+00          3.631478030967e-22           1.960251289948e-19         2.702346711984e-20         4.769703671120e-22         6.871425760368e-24          0.000000000000e+00           1.186060456438e-18           0.000000000000e+00           2.634491079023e-22            0.000000000000e+00      5.031047445651e-01    3.786448842408e-09       8.060072406672e-02     1.035160129691e-01     1.564116916575e-10     2.688056052192e-10       1.808885643992e-10     1.357189817254e-08       1.157374703036e-02   2.542490617525e-02   1.350161618936e-02   6.268395915258e-03    3.173648334605e-02   6.570457713428e-02   3.406113712950e-02   1.577818573840e-02    2.367621633565e-02   4.941467777513e-02   2.462875254438e-02   1.100977725100e-02    1.430211457198e-11   4.412122856602e-11   2.750367656529e-11   1.396905156379e-11    5.895566843871e-11     7.232509431968e-11     4.550197677344e-11     2.723138243466e-11      4.813299149278e-11   1.318390714160e-10   7.750761431247e-11   3.845231631947e-11    8.951807606995e-11     1.069260598778e-10     6.422469344177e-11     3.517530788175e-11      3.309594758978e-09     6.857817676667e-09     3.555428759584e-09     1.647079292022e-09      4.647256516280e-11   1.175174564709e-10   6.347477547341e-11   2.960191328592e-11    2.469178648174e-09     5.157843271670e-09     2.570916166699e-09     1.149323737583e-09      
1.421422617926e+03   2.369037696543e+01   7.469037696543e+02   7.600000000000e+02   5.290663135464e+02   7.820579919994e-01   3.355309769007e-03   -2.677747130332e+03  7.469037696543e+02   0.000000000000e+00      3.632225466800e-01    3.162527068259e-09       6.831050099652e-02     8.667596768117e-02     1.574261353766e-10     2.473404693756e-10       1.808696041305e-10     1.245072135196e-08       3.823370703203e-03   2.023162330668e-02   1.528193674516e-02   8.639676739297e-03    1.059302539330e-02   5.271747653370e-02   3.868211323687e-02   2.174061106849e-02    7.958461194780e-03   4.051770531519e-02   2.837789990586e-02   1.528503561576e-02    5.266083031602e-12   3.892848786887e-11   3.439442947597e-11   2.122392474360e-11    2.726085885098e-11     6.035275827724e-11     5.362664256801e-11     4.040572144599e-11      1.800562529800e-11   1.176100412211e-10   9.740707803896e-11   5.846615653285e-11    4.215008337449e-11     9.067307284746e-11     7.653943986459e-11     5.255078688883e-11      1.154168854648e-09     5.761120720637e-09     4.231228796605e-09     2.379211366903e-09      1.766241233957e-11   1.075410435396e-10   8.109792138032e-11   4.540654395815e-11    8.671279821907e-10     4.428099220838e-09     3.104192309896e-09     1.672758374885e-09      0.000000000000e+00           0.000000000000e+00         8.990806727279e-20            0.000000000000e+00          0.000000000000e+00          4.395490868705e-21          6.905986556813e-21            5.235568680478e-21          3.604066425261e-19            2.139590498463e-04        1.184617300336e-04        5.475835165381e-06        1.550866683456e-07         5.891141663368e-04        2.937598026579e-04        1.327374088505e-05        3.771282685492e-07         4.398802465087e-04        2.147891825272e-04        9.318966422944e-06        2.558991723060e-07         5.969086703417e-20        1.313708457715e-20        2.655434157375e-22        3.842330851525e-24         3.090008818977e-19          2.036707134948e-20          4.111943883156e-22          7.314075596008e-24           2.115904778506e-19        4.114751277858e-20        7.614172533244e-22        1.097067051802e-23         4.953205531632e-19          3.172323880619e-20          6.028728423028e-22          9.861084152289e-24           0.000000000000e+00          0.000000000000e+00          3.428968793408e-20          4.397581123411e-22           2.151818600012e-19         3.900687494963e-20         6.603552334332e-22         8.833785772928e-24          0.000000000000e+00           1.606143169963e-18           2.608034707550e-20           3.218696438841e-22            0.000000000000e+00      4.379445956330e-01    3.819984060238e-09       8.221561644662e-02     1.046950137663e-01     1.898117994869e-10     2.982232871677e-10       2.188644480297e-10     1.506621452161e-08       1.142218208640e-02   3.236981416645e-02   1.632628564201e-02   6.928090466152e-03    3.193054963688e-02   8.475000301006e-02   4.145758900484e-02   1.747538932670e-02    2.420662474760e-02   6.545088921019e-02   3.051148810067e-02   1.231581386900e-02    1.580257598390e-11   6.243291127765e-11   3.680348791316e-11   1.703966182193e-11    8.180497549963e-11     9.679282728825e-11     5.738276580382e-11     3.243979788981e-11      5.451920897816e-11   1.895269874689e-10   1.045631008024e-10   4.705222013600e-11    1.276261815910e-10     1.461184280092e-10     8.216241906689e-11     4.229166648955e-11      3.494706345446e-09     9.283967961325e-09     4.542076531650e-09     1.914734670864e-09      5.396694965021e-11   1.741371869308e-10   8.733517073832e-11   3.662999182243e-11    2.649482486055e-09     7.170255340540e-09     3.342936055265e-09     1.349433809572e-09      
1.438307627767e+03   2.397179379612e+01   7.497179379612e+02   7.600000000000e+02   5.271085234847e+02   7.191012462532e-01   4.108915051696e-03   -2.960952984828e+03  7.497179379612e+02   0.000000000000e+00      3.077064559226e-01    2.943046236042e-09       6.315419679766e-02     7.968319584911e-02     1.629864745593e-10     2.421100446971e-10       1.868167298807e-10     1.218946813252e-08       3.401024480088e-03   2.106425588554e-02   1.556538320532e-02   8.331962501797e-03    9.535600498445e-03   5.539707630888e-02   3.957148433418e-02   2.099329636982e-02    7.213088519513e-03   4.329421930569e-02   2.934696921754e-02   1.484299521429e-02    5.041062702079e-12   4.343490236497e-11   3.744991771597e-11   2.184743597101e-11    3.034144640135e-11     6.585981862076e-11     5.650131656578e-11     4.114502610932e-11      1.749831087525e-11   1.326524155761e-10   1.066193284098e-10   6.029654956398e-11    4.769338000091e-11     1.002017057857e-10     8.129840522306e-11     5.377402361656e-11      1.076385159882e-09     6.272151870610e-09     4.484611362492e-09     2.380304521016e-09      1.737198656457e-11   1.236064761763e-10   8.983885056131e-11   4.712593655925e-11    8.142250073532e-10     4.902090852483e-09     3.325972792086e-09     1.682980402385e-09      0.000000000000e+00           0.000000000000e+00         2.109374385127e-20            0.000000000000e+00          0.000000000000e+00          3.942472420801e-21          5.396578938410e-21            4.531088508427e-21          2.205019116062e-19            2.526738546973e-04        1.709613294803e-04        7.733526293941e-06        2.039949238575e-07         7.041234077756e-04        4.284463052040e-04        1.888045302894e-05        4.991582770359e-07         5.294197610663e-04        3.189354472333e-04        1.343474899903e-05        3.422304730152e-07         3.704269834505e-20        8.002419497291e-21        3.057866454900e-22        4.260379166445e-24         0.000000000000e+00          9.800592894186e-21          4.585275380693e-22          8.022628471572e-24           0.000000000000e+00        1.193610893523e-20        8.815144063830e-22        1.218507853059e-23         0.000000000000e+00          1.154217296527e-20          6.777869600735e-22          1.086739399893e-23           0.000000000000e+00          0.000000000000e+00          1.532668063967e-20          4.744171797638e-22           0.000000000000e+00         1.190054718743e-20         7.732686019245e-22         9.872244865357e-24          0.000000000000e+00           0.000000000000e+00           1.349841949738e-20           3.489995877925e-22            0.000000000000e+00      4.019960875350e-01    3.851795577743e-09       8.235840151433e-02     1.042876519007e-01     2.129299656633e-10     3.162991508557e-10       2.449425556049e-10     1.598207761024e-08       1.100908626789e-02   3.651694551866e-02   1.801804452312e-02   7.239393929080e-03    3.114391995106e-02   9.649633065720e-02   4.595312353810e-02   1.828414244094e-02    2.377197377591e-02   7.577735954450e-02   3.418890876423e-02   1.295856928030e-02    1.639083694337e-11   7.547858464878e-11   4.342007636983e-11   1.900529413179e-11    9.865413901425e-11     1.144472676133e-10     6.550859467538e-11     3.579245291325e-11      5.740851481971e-11   2.316224579505e-10   1.240117186355e-10   5.257834135229e-11    1.564725951038e-10     1.749607444699e-10     9.456029318889e-11     4.689072575533e-11      3.531407908074e-09     1.095171336761e-08     5.216168313659e-09     2.075615678399e-09      5.751302127093e-11   2.168689363355e-10   1.048292510983e-10   4.119241120596e-11    2.695635297274e-09     8.600772887352e-09     3.880940537297e-09     1.471079958262e-09      
1.463891345920e+03   2.439818909867e+01   7.539818909867e+02   7.600000000000e+02   5.245370420628e+02   5.993353211533e-01   5.225774199741e-03   -3.254266461326e+03  7.539818909867e+02   0.000000000000e+00      2.258153466268e-01    2.511581578510e-09       5.246191607748e-02     6.558459247121e-02     1.625436118973e-10     2.215758870069e-10       1.855027459020e-10     1.113840030755e-08       2.641704460595e-03   2.042737576214e-02   1.487555577715e-02   7.319032238315e-03    7.541003722223e-03   5.461056345690e-02   3.809579099226e-02   1.847784248471e-02    5.754764261448e-03   4.382082167285e-02   2.873836017979e-02   1.317061015343e-02    4.411379918489e-12   4.716102857748e-11   3.992580862158e-11   2.136139568641e-11    3.336126453900e-11     7.062082737955e-11     5.758664281986e-11     3.982518213545e-11      1.566545676891e-11   1.467565668879e-10   1.146565640779e-10   5.912343442786e-11    5.378775095307e-11     1.095528733747e-10     8.385212644973e-11     5.239317139778e-11      9.061206019593e-10     6.581946731024e-09     4.596001217538e-09     2.230340690034e-09      1.581379199771e-11   1.408617759230e-10   9.843938217155e-11   4.663306098483e-11    6.914901918344e-10     5.281793537134e-09     3.467203892679e-09     1.589760245896e-09      0.000000000000e+00           0.000000000000e+00         0.000000000000e+00            0.000000000000e+00          0.000000000000e+00          4.311694198132e-21          5.553905465048e-21            4.950728664506e-21          0.000000000000e+00            2.975568585328e-04        2.665353595180e-04        1.175900786730e-05        2.742508298975e-07         8.444560786621e-04        6.807311648063e-04        2.907132484433e-05        6.781899895115e-07         6.407096122590e-04        5.215254206777e-04        2.114682030162e-05        4.726638753325e-07         0.000000000000e+00        1.032690480741e-21        3.545557001657e-22        4.656544709179e-24         0.000000000000e+00          0.000000000000e+00          5.087549274155e-22          8.680577293442e-24           0.000000000000e+00        0.000000000000e+00        1.031153109836e-21        1.335286940463e-23         0.000000000000e+00          0.000000000000e+00          7.611019253409e-22          1.183330430391e-23           0.000000000000e+00          0.000000000000e+00          0.000000000000e+00          4.976545537506e-22           0.000000000000e+00         0.000000000000e+00         9.207995418448e-22         1.091464591715e-23          0.000000000000e+00           0.000000000000e+00           0.000000000000e+00           3.687729401349e-22            0.000000000000e+00      3.522369922472e-01    3.924729470680e-09       8.168571849262e-02     1.024859336033e-01     2.535428783692e-10     3.456240913636e-10       2.903989982420e-10     1.743683240700e-08       1.020991293664e-02   4.228216257746e-02   2.055972643185e-02   7.592850604928e-03    2.940699679317e-02   1.135787028610e-01   5.282092268686e-02   1.921504969217e-02    2.264476461518e-02   9.157698991891e-02   3.997424395350e-02   1.372896173919e-02    1.712575728578e-11   9.785081762285e-11   5.527003354044e-11   2.218707426331e-11    1.295143310707e-10     1.465257630872e-10     7.971825217873e-11     4.136453846747e-11      6.136483041978e-11   3.059562568943e-10   1.592289381858e-10   6.155599662964e-11    2.106977322517e-10     2.283944615259e-10     1.164493735408e-10     5.454882506721e-11      3.549461589237e-09     1.372196030206e-08     6.382682052745e-09     2.322105360206e-09      6.250992993299e-11   2.950839413655e-10   1.371461018546e-10   4.866844110261e-11    2.733373718787e-09     1.106455207031e-08     4.830520953367e-09     1.659148064928e-09      
1.494913008558e+03   2.491521680930e+01   7.591521680930e+02   7.600000000000e+02   5.224369891206e+02   4.230257503151e-01   5.955003607270e-03   -3.181252915227e+03  7.591521680930e+02   0.000000000000e+00      1.374764657992e-01    1.854664801968e-09       3.653836980533e-02     4.516136308463e-02     1.422255164800e-10     1.766021049910e-10       1.613617938525e-10     8.798512897114e-09       1.701668986932e-03   1.620804611583e-02   1.208057906986e-02   5.378428090675e-03    4.958199803473e-03   4.431990949402e-02   3.123889002160e-02   1.360992262821e-02    3.825147612577e-03   3.667871171444e-02   2.406505438286e-02   9.784959201035e-03    3.314169382751e-12   4.332373797796e-11   3.737955984728e-11   1.804969440169e-11    3.209698975887e-11     6.675807479618e-11     5.170928364211e-11     3.368779072404e-11      1.208268513429e-11   1.382766449059e-10   1.085587768052e-10   5.012338885370e-11    5.328115178398e-11     1.059502032730e-10     7.633424983335e-11     4.461891016009e-11      6.513538149985e-10     5.840225110144e-09     4.120621292159e-09     1.796178626336e-09      1.244959015297e-11   1.374163806281e-10   9.537015419579e-11   3.992594467355e-11    5.025054788904e-10     4.833570064910e-09     3.174458397031e-09     1.291394208651e-09      0.000000000000e+00           0.000000000000e+00         0.000000000000e+00            0.000000000000e+00          0.000000000000e+00          4.193219117334e-21          5.029150968524e-21            4.802442497173e-21          0.000000000000e+00            3.060683307720e-04        3.578636915782e-04        1.567361181712e-05        3.106308375745e-07         8.869884259126e-04        9.386587622702e-04        3.943433686557e-05        7.784293787849e-07         6.806271864190e-04        7.445289999701e-04        2.951388238038e-05        5.531964020116e-07         0.000000000000e+00        1.260297562130e-21        3.669622239684e-22        4.495180438943e-24         0.000000000000e+00          0.000000000000e+00          5.054415249177e-22          8.389007339363e-24           0.000000000000e+00        0.000000000000e+00        1.079336599735e-21        1.292911449608e-23         0.000000000000e+00          0.000000000000e+00          7.665637009160e-22          1.150963767983e-23           0.000000000000e+00          0.000000000000e+00          0.000000000000e+00          4.585147859789e-22           0.000000000000e+00         0.000000000000e+00         9.851615015321e-22         1.066946135138e-23          0.000000000000e+00           0.000000000000e+00           0.000000000000e+00           3.424316738250e-22            0.000000000000e+00      3.026012327592e-01    4.089674005456e-09       8.028085251178e-02     9.958416877386e-02     3.130544298361e-10     3.887211848769e-10       3.564563109772e-10     1.943635711101e-08       9.280550040147e-03   4.734085544365e-02   2.356094507357e-02   7.873491898711e-03    2.728389481201e-02   1.300708371740e-01   6.112028993866e-02   1.997131819914e-02    2.123974487164e-02   1.081635032047e-01   4.723522040242e-02   1.439301051338e-02    1.815561009528e-11   1.268434175341e-10   7.301818175369e-11   2.645459329892e-11    1.758330260146e-10     1.954545648728e-10     1.010102282306e-10     4.937462003014e-11      6.678835668794e-11   4.067911092924e-10   2.127398461575e-10   7.363969194149e-11    2.945173635282e-10     3.116911084192e-10     1.495902684611e-10     6.555268656203e-11      3.600429080347e-09     1.718114908479e-08     8.075075692318e-09     2.638888625455e-09      6.944306294193e-11   4.062110614215e-10   1.874942257023e-10   5.879894536299e-11    2.802945251249e-09     1.428832296083e-08     6.240868793750e-09     1.901836465923e-09      
1.503976884911e+03   2.506628141518e+01   7.606628141518e+02   7.600000000000e+02   5.220970838476e+02   3.691236103066e-01   5.916304308214e-03   -3.046966185343e+03  7.606628141518e+02   0.000000000000e+00      1.152648793850e-01    1.647452075286e-09       3.174962411833e-02     3.911982222450e-02     1.320117277396e-10     1.602099971149e-10       1.495235287692e-10     7.943955567435e-09       1.450463964343e-03   1.444427452301e-02   1.093406996899e-02   4.734832996343e-03    4.249430973957e-03   3.976040616771e-02   2.835557336379e-02   1.198885265840e-02    3.288845031086e-03   3.316870960677e-02   2.197519700956e-02   8.638596650093e-03    2.958280210124e-12   4.034714794549e-11   3.531194242146e-11   1.657266735895e-11    3.048590277327e-11     6.327397470445e-11     4.841903878004e-11     3.103251087124e-11      1.086265505034e-11   1.297387976141e-10   1.028955127992e-10   4.606390063920e-11    5.099527076714e-11     1.010441784905e-10     7.175225324010e-11     4.117507739606e-11      5.743817070100e-10     5.390941411342e-09     3.848490667130e-09     1.628019063811e-09      1.126014241721e-11   1.301095784810e-10   9.099077736811e-11   3.678661242683e-11    4.445416370433e-10     4.497439512959e-09     2.982640165833e-09     1.173089254588e-09      0.000000000000e+00           0.000000000000e+00         2.362911043166e-20            0.000000000000e+00          0.000000000000e+00          4.008786892130e-21          4.721108193362e-21            4.587120474862e-21          2.914902601610e-19            2.958924492800e-04        3.668559019130e-04        1.612425829808e-05        3.048292086179e-07         8.623307143864e-04        9.699992403664e-04        4.078583298021e-05        7.667149879132e-07         6.639214008008e-04        7.765580116672e-04        3.078254789819e-05        5.477575594237e-07         3.689685293863e-20        9.193254086440e-21        3.568549367653e-22        4.289449818653e-24         3.802323636610e-19          1.190357451325e-20          4.872727701752e-22          8.031331602014e-24           1.403402846541e-19        3.705468852831e-20        1.053034731399e-21        1.234761085593e-23         6.588343993533e-19          3.867350939535e-20          7.418089852573e-22          1.103748623629e-23           0.000000000000e+00          0.000000000000e+00          1.064305178497e-20          4.320425164525e-22           1.506907497337e-19         4.383402886920e-20         9.672012433381e-22         1.021480620141e-23          5.949153224878e-18           1.947580571794e-18           1.542104630924e-20           3.233097903772e-22            0.000000000000e+00      2.905705954149e-01    4.160527337449e-09       7.989391917291e-02     9.879443065009e-02     3.327876325878e-10     4.038724935254e-10       3.782922655503e-10     2.009808739650e-08       9.059785294576e-03   4.831850634639e-02   2.442300691331e-02   7.938327519410e-03    2.678091745868e-02   1.336423833028e-01   6.353902905771e-02   2.014842146703e-02    2.091495024800e-02   1.120230974174e-01   4.939968789278e-02   1.455285322173e-02    1.856041933044e-11   1.352904633015e-10   7.900066879083e-11   2.781864539173e-11    1.912702986021e-10     2.121677934773e-10     1.083241584441e-10     5.209073451147e-11      6.876787703486e-11   4.371241661854e-10   2.309365452663e-10   7.750765131795e-11    3.228341959882e-10     3.404444397728e-10     1.610392623308e-10     6.928166085631e-11      3.636220649158e-09     1.816350091664e-08     8.637472276276e-09     2.739323682663e-09      7.193330693272e-11   4.404887679404e-10   2.048731839544e-10   6.204638191467e-11    2.839870832623e-09     1.522617791156e-08     6.715658499018e-09     1.978598710466e-09      
1.505469241072e+03   2.509115401786e+01   7.609115401786e+02   7.600000000000e+02   5.220530311238e+02   3.603084344287e-01   5.896841029803e-03   -3.019990108559e+03  7.609115401786e+02   0.000000000000e+00      1.117949583422e-01    1.613183763930e-09       3.097054440744e-02     3.814079092061e-02     1.301691410126e-10     1.574151021186e-10       1.473970664342e-10     7.798456648510e-09       1.410712925567e-03   1.414144213114e-02   1.073558434841e-02   4.628116076689e-03    4.136569639045e-03   3.896876782141e-02   2.785397533807e-02   1.171982768858e-02    3.203159099325e-03   3.254871403542e-02   2.160752397443e-02   8.447716517131e-03    2.899233748320e-12   3.978999894472e-11   3.491742341988e-11   1.631234669110e-11    3.016930465268e-11     6.260283267935e-11     4.781585534794e-11     3.056523858832e-11      1.065806484473e-11   1.281019722038e-10   1.018014413603e-10   4.534707021210e-11    5.052662994894e-11     1.000714472580e-10     7.090269106824e-11     4.056670552735e-11      5.618073408613e-10     5.308952013345e-09     3.798549184802e-09     1.599124107412e-09      1.105896063819e-11   1.286514325460e-10   9.011962285125e-11   3.622895043757e-11    4.350355277550e-10     4.434542955915e-09     2.946807156737e-09     1.152673426226e-09      0.000000000000e+00           0.000000000000e+00         0.000000000000e+00            0.000000000000e+00          0.000000000000e+00          3.971888250255e-21          4.664367342872e-21            4.544225936550e-21          0.000000000000e+00            2.936592161339e-04        3.673062639893e-04        1.615691657684e-05        3.031132317630e-07         8.565893645340e-04        9.724647759768e-04        4.090455239623e-05        7.628513182107e-07         6.598600134542e-04        7.796722680281e-04        3.091460137715e-05        5.454582979668e-07         0.000000000000e+00        9.115175978455e-21        3.545502476062e-22        4.248868309266e-24         0.000000000000e+00          1.600983206856e-20          4.835079115538e-22          7.960606828687e-24           0.000000000000e+00        0.000000000000e+00        1.046789626105e-21        1.223243271814e-23         0.000000000000e+00          6.759553139631e-22          7.365286776905e-22          1.094326027845e-23           0.000000000000e+00          0.000000000000e+00          2.182116620044e-20          4.270871346196e-22           0.000000000000e+00         0.000000000000e+00         9.624475135313e-22         1.012350195236e-23          0.000000000000e+00           0.000000000000e+00           1.592840428769e-20           3.197032911288e-22            0.000000000000e+00      2.886939163878e-01    4.173305552010e-09       7.983341878265e-02     9.867020612659e-02     3.361425208169e-10     4.065011786140e-10       3.820036518356e-10     2.021097834903e-08       9.026312353219e-03   4.845875119039e-02   2.456426210456e-02   7.948576180732e-03    2.670519554763e-02   1.341747590529e-01   6.393667952721e-02   2.017647906476e-02    2.086664783475e-02   1.126091254992e-01   4.975734306096e-02   1.457823795422e-02    1.863341504147e-11   1.366749807492e-10   8.002249722397e-11   2.804921805536e-11    1.938985345461e-10     2.150349630113e-10     1.095826603764e-10     5.255718618006e-11      6.911761399581e-11   4.421315581328e-10   2.340512184008e-10   7.816167360811e-11    3.276654961473e-10     3.453869143435e-10     1.630120459070e-10     6.992208277084e-11      3.643323951519e-09     1.832333402313e-08     8.733226690887e-09     2.756301916701e-09      7.237043875345e-11   4.461705963597e-10   2.078585328758e-10   6.259550796645e-11    2.846896109590e-09     1.537925102012e-08     6.796732974332e-09     1.991561382889e-09      
1.506744450379e+03   2.511240750631e+01   7.611240750631e+02   7.600000000000e+02   5.220179610779e+02   3.528009329506e-01   5.877243295075e-03   -2.995880139159e+03  7.611240750631e+02   0.000000000000e+00      1.088734501147e-01    1.583906164409e-09       3.030791697204e-02     3.730892576462e-02     1.285615673072e-10     1.550090422690e-10       1.455437439106e-10     7.673266660767e-09       1.377135530883e-03   1.388069910653e-02   1.056418260873e-02   4.536933343255e-03    4.041086243189e-03   3.828528577647e-02   2.742030297482e-02   1.148991533682e-02    3.130603712577e-03   3.201123706389e-02   2.128877201913e-02   8.284455655052e-03    2.848748963096e-12   3.930042704463e-11   3.456881064440e-11   1.608651791223e-11    2.988786169315e-11     6.200854178683e-11     4.728753781279e-11     3.015990358435e-11      1.048267359923e-11   1.266558831110e-10   1.008319879351e-10   4.472493768581e-11    5.010630814199e-11     9.920468055365e-11     7.015662113419e-11     4.003849537059e-11      5.510976001304e-10     5.237310037777e-09     3.754803982548e-09     1.574210010464e-09      1.088611584347e-11   1.273520395715e-10   8.934275232285e-11   3.574428001278e-11    4.269308971434e-10     4.379269879343e-09     2.915290462529e-09     1.135052191431e-09      0.000000000000e+00           0.000000000000e+00         4.172562558469e-20            0.000000000000e+00          0.000000000000e+00          3.938941791730e-21          4.614617463438e-21            4.505962511317e-21          0.000000000000e+00            2.916297075912e-04        3.674531683050e-04        1.617508662367e-05        3.014804887053e-07         8.513148605255e-04        9.739412317144e-04        4.098147041986e-05        7.591242496115e-07         6.561006299737e-04        7.818209671940e-04        3.100905441376e-05        5.431826037179e-07         2.179738639447e-20        9.044517577198e-21        3.524387117352e-22        4.212744378524e-24         0.000000000000e+00          1.141421345287e-20          4.801205506502e-22          7.897591062551e-24           0.000000000000e+00        3.583100540129e-20        1.041026221521e-21        1.212981619587e-23         0.000000000000e+00          3.112036556105e-20          7.317501263305e-22          1.085914142991e-23           0.000000000000e+00          2.202316274716e-18          1.754736633801e-20          4.227266275111e-22           0.000000000000e+00         3.650237874170e-20         9.579812425386e-22         1.004191937354e-23          0.000000000000e+00           0.000000000000e+00           1.583303408964e-20           3.165243993407e-22            0.000000000000e+00      2.871130464333e-01    4.184478278870e-09       7.978247507224e-02     9.856542829246e-02     3.390330994834e-10     4.087784331598e-10       3.852013007300e-10     2.030834317682e-08       8.998371601425e-03   4.857416965777e-02   2.468479142185e-02   7.957250401075e-03    2.664213775167e-02   1.346175156726e-01   6.427627029717e-02   2.020023915926e-02    2.082657238577e-02   1.130987322315e-01   5.006316675474e-02   1.459974292503e-02    1.869730163269e-11   1.378567041670e-10   8.090397806333e-11   2.824762183910e-11    1.961641311580e-10     2.175114583673e-10     1.106705683695e-10     5.296022146014e-11      6.942213577316e-11   4.464127542856e-10   2.367395603887e-10   7.872449597608e-11    3.318320363595e-10     3.496579361036e-10     1.647180422185e-10     7.047545576996e-11      3.649676970131e-09     1.845948203576e-08     8.815760379004e-09     2.770912516523e-09      7.275039787448e-11   4.510324119591e-10   2.104376035540e-10   6.306806363790e-11    2.853119797612e-09     1.550970571767e-08     6.866664868141e-09     2.002713268135e-09      
1.507952156146e+03   2.513253593577e+01   7.613253593577e+02   7.600000000000e+02   5.219868972206e+02   3.457154350389e-01   5.856163750508e-03   -2.972159700731e+03  7.613253593577e+02   0.000000000000e+00      1.061439750058e-01    1.556193443927e-09       2.968327113301e-02     3.652543182715e-02     1.270119282902e-10     1.527162946763e-10       1.437588150870e-10     7.554035075003e-09       1.345674115473e-03   1.363231506852e-02   1.040044098993e-02   4.450632246308e-03    3.951494994522e-03   3.763263642312e-02   2.700557729113e-02   1.127227211539e-02    3.062472712264e-03   3.149619333541e-02   2.098321978550e-02   8.129797685084e-03    2.800931329696e-12   3.882579027296e-11   3.422909440579e-11   1.586990491886e-11    2.961224982921e-11     6.142839419544e-11     4.677651047330e-11     2.977109526496e-11      1.031615801047e-11   1.252474502604e-10   9.988504935800e-11   4.412796078038e-11    4.969164970926e-11     9.835407871278e-11     6.943334446889e-11     3.953142502542e-11      5.409880888525e-10     5.168181970884e-09     3.712491043117e-09     1.550438897001e-09      1.072170155262e-11   1.260773162791e-10   8.857984433437e-11   3.527864427360e-11    4.192736139733e-10     4.325676521878e-09     2.884697847971e-09     1.118224360147e-09      0.000000000000e+00           0.000000000000e+00         0.000000000000e+00            0.000000000000e+00          0.000000000000e+00          3.906553436868e-21          4.566453574827e-21            4.468377773965e-21          0.000000000000e+00            2.896060372998e-04        3.673891452068e-04        1.618393538905e-05        2.997945042037e-07         8.460098011005e-04        9.747990775466e-04        4.103320200074e-05        7.552367294766e-07         6.522969193320e-04        7.834145773501e-04        3.108261391946e-05        5.407653273926e-07         8.809446453418e-21        8.974310351662e-21        3.503189279406e-22        4.177322913946e-24         0.000000000000e+00          1.134512671304e-20          4.767691028260e-22          7.835743950447e-24           0.000000000000e+00        1.031382161728e-20        1.035206909396e-21        1.202912172191e-23         0.000000000000e+00          3.369184203638e-21          7.269997058765e-22          1.077644903681e-23           0.000000000000e+00          1.184920869377e-18          1.743768090466e-20          4.184922445061e-22           0.000000000000e+00         6.845854768998e-21         9.534086168150e-22         9.961672068973e-24          0.000000000000e+00           0.000000000000e+00           1.573715729849e-20           3.134330601698e-22            0.000000000000e+00      2.856349853904e-01    4.195276224515e-09       7.973486919172e-02     9.846737006415e-02     3.417909521439e-10     4.109617771176e-10       3.882520860230e-10     2.040132199189e-08       8.972474855698e-03   4.867979838901e-02   2.479878636097e-02   7.965397382973e-03    2.658382670727e-02   1.350266315707e-01   6.459769111478e-02   2.022256581729e-02    2.078964352040e-02   1.135529594698e-01   5.035295316206e-02   1.461995648092e-02    1.875911415725e-11   1.389747932953e-10   8.174589605505e-11   2.843670542285e-11    1.983267383636e-10     2.198795781298e-10     1.117116251349e-10     5.334574280650e-11      6.971544494739e-11   4.504693334525e-10   2.393084900519e-10   7.926092088969e-11    3.358106250538e-10     3.537436984784e-10     1.663511099098e-10     7.100480276419e-11      3.655937150952e-09     1.858806293259e-08     8.894530578597e-09     2.784837834929e-09      7.311580167232e-11   4.556421724711e-10   2.129041091077e-10   6.351845727631e-11    2.859203481394e-09     1.563295211227e-08     6.933451170324e-09     2.013339449626e-09      
1.509857803169e+03   2.516429671948e+01   7.616429671948e+02   7.600000000000e+02   5.219420472895e+02   3.345911178915e-01   5.817933068428e-03   -2.933004008449e+03  7.616429671948e+02   0.000000000000e+00      1.019119213633e-01    1.512520029255e-09       2.870398902846e-02     3.529844951114e-02     1.245151943869e-10     1.490732134343e-10       1.408861089767e-10     7.364718225273e-09       1.296716395512e-03   1.323804346942e-02   1.013952905646e-02   4.314673428180e-03    3.811839483688e-03   3.659361436152e-02   2.634389017264e-02   1.092932054363e-02    2.956166683694e-03   3.067274695712e-02   2.049430287326e-02   7.885884922368e-03    2.725513079513e-12   3.805622444613e-11   3.367464296237e-11   1.552300332970e-11    2.915989978135e-11     6.047956549244e-11     4.594969200463e-11     2.914832161195e-11      1.005276936962e-11   1.229513463709e-10   9.833523903067e-11   4.317146349050e-11    4.900525449281e-11     9.695432941800e-11     6.825996660640e-11     3.871845812295e-11      5.251098843405e-10     5.056723580376e-09     3.644037625882e-09     1.512613662241e-09      1.046101700000e-11   1.239816037467e-10   8.732334741261e-11   3.453150052629e-11    4.072334698222e-10     4.238764920209e-09     2.834995861004e-09     1.091418526624e-09      0.000000000000e+00           3.670433714348e-12         5.544070759360e-20            1.015779437270e-12          1.293848002012e-12          3.853144659831e-21          4.488446015354e-21            4.406459591598e-21          2.747381691187e-19            2.862154090985e-04        3.668851743545e-04        1.618120884438e-05        2.968622529344e-07         8.370348694404e-04        9.750757698780e-04        4.107255401761e-05        7.484047312944e-07         6.458194907870e-04        7.850454028544e-04        3.116672006564e-05        5.364385527102e-07         3.422091441921e-20        0.000000000000e+00        3.467387902804e-22        4.119085062016e-24         0.000000000000e+00          0.000000000000e+00          4.712004403362e-22          7.733932229273e-24           1.307373704324e-19        5.204215038034e-20        1.025315560652e-21        1.186342541321e-23         6.373187202644e-19          4.103828010452e-20          7.190635275572e-22          1.064006666154e-23           6.829111754438e-18          2.140381352213e-18          0.000000000000e+00          4.116094105928e-22           1.409153827052e-19         5.435627195332e-20         9.455179474739e-22         9.829253883947e-24          0.000000000000e+00           1.858368110964e-18           0.000000000000e+00           3.083997565308e-22            0.000000000000e+00      2.833401287381e-01    4.212744874605e-09       7.966101348314e-02     9.831497063400e-02     3.461827697437e-10     4.144600839709e-10       3.931103996525e-10     2.054955840496e-08       8.932733929666e-03   4.883936445046e-02   2.497833592828e-02   7.978122712132e-03    2.649462093318e-02   1.356522935425e-01   6.510442117841e-02   2.025746054976e-02    2.073341201117e-02   1.142510254204e-01   5.081044659728e-02   1.465155845004e-02    1.885928312429e-11   1.407370609366e-10   8.308843792331e-11   2.873741832558e-11    2.017729468943e-10     2.236616064260e-10     1.133757568265e-10     5.396169116632e-11      7.018814782408e-11   4.568742393777e-10   2.434074355172e-10   8.011412091859e-11    3.421532833422e-10     3.602720654527e-10     1.689626585946e-10     7.185059261487e-11      3.666302173146e-09     1.879025165417e-08     9.020020312021e-09     2.806986468424e-09      7.370356328958e-11   4.629256584290e-10   2.168435712432e-10   6.423482566207e-11    2.869181630875e-09     1.582680802889e-08     7.039934280749e-09     2.030235515792e-09      
1.512807901144e+03   2.521346501907e+01   7.621346501907e+02   7.600000000000e+02   5.218823491243e+02   3.175289659424e-01   5.746848883080e-03   -2.868343384097e+03  7.621346501907e+02   0.000000000000e+00      9.554356249642e-02    1.445125857169e-09       2.720529428104e-02     3.342378161930e-02     1.205333235445e-10     1.433806792589e-10       1.363119943836e-10     7.069274566651e-09       1.222629769523e-03   1.262371407821e-02   9.730335853639e-03   4.105076392656e-03    3.599943356198e-03   3.496751598810e-02   2.530414623728e-02   1.040044225819e-02    2.794629153838e-03   2.937591180808e-02   1.972270289527e-02   7.509251171746e-03    2.608986401637e-12   3.681883783702e-11   3.277365833537e-11   1.497471590063e-11    2.841920216116e-11     5.893312022405e-11     4.462264297162e-11     2.816351333122e-11      9.644027215269e-12   1.192300893978e-10   9.580665255688e-11   4.165864010681e-11    4.786779303009e-11     9.465289375858e-11     6.636926634682e-11     3.743109633857e-11      5.007325570917e-10     4.878940601934e-09     3.534205487660e-09     1.453399024712e-09      1.005499722542e-11   1.205442993251e-10   8.525482925925e-11   3.334726252625e-11    3.887166900687e-10     4.098970113298e-09     2.754755127805e-09     1.049387138908e-09      0.000000000000e+00           0.000000000000e+00         0.000000000000e+00            0.000000000000e+00          0.000000000000e+00          3.765066154371e-21          4.363056255572e-21            4.304489231576e-21          0.000000000000e+00            2.805027777621e-04        3.651332284516e-04        1.613635711407e-05        2.916834576210e-07         8.217163667289e-04        9.728907544916e-04        4.103014673897e-05        7.361827513137e-07         6.346670850371e-04        7.854114216527e-04        3.121832608337e-05        5.285273318867e-07         0.000000000000e+00        1.514019641339e-20        3.406372348231e-22        4.023438269512e-24         3.580171001577e-19          2.423376368900e-20          4.619157732031e-22          7.566369003845e-24           0.000000000000e+00        0.000000000000e+00        1.008313856586e-21        1.159096912606e-23         0.000000000000e+00          0.000000000000e+00          7.057318508010e-22          1.041501440620e-23           0.000000000000e+00          0.000000000000e+00          3.847875542257e-20          4.004886542044e-22           0.000000000000e+00         0.000000000000e+00         9.316857629912e-22         9.610665163810e-24          5.253395695441e-18           0.000000000000e+00           3.106488402191e-20           3.002476866758e-22            0.000000000000e+00      2.798761626576e-01    4.240832104371e-09       7.954967007667e-02     9.808463770644e-02     3.530787756348e-10     4.200056315853e-10       4.007391872212e-10     2.078272977293e-08       8.873924820563e-03   4.906985030204e-02   2.525543954444e-02   7.997521346991e-03    2.636332333629e-02   1.365739904285e-01   6.588759363953e-02   2.031070639828e-02    2.065130153190e-02   1.152869562264e-01   5.151902996914e-02   1.469979913864e-02    1.902085820749e-11   1.434611263750e-10   8.520084442012e-11   2.920868289295e-11    2.071906600732e-10     2.296273403729e-10     1.160043478374e-10     5.493387223517e-11      7.094435963325e-11   4.667997714670e-10   2.498628630627e-10   8.145144097230e-11    3.521298569336e-10     3.705771705647e-10     1.730904323052e-10     7.318569992042e-11      3.683539025496e-09     1.910162417463e-08     9.217175198500e-09     2.841702095099e-09      7.464108002012e-11   4.742223985327e-10   2.230573546816e-10   6.535768644207e-11    2.885553612607e-09     1.612538667964e-08     7.207432082647e-09     2.056706019784e-09      
1.515757999119e+03   2.526263331865e+01   7.626263331865e+02   7.600000000000e+02   5.218339073710e+02   3.006975706731e-01   5.661548163686e-03   -2.798965986358e+03  7.626263331865e+02   0.000000000000e+00      8.940146731558e-02    1.378126374749e-09       2.573066903276e-02     3.158282930594e-02     1.164224853620e-10     1.376376229966e-10       1.315983661147e-10     6.771731593984e-09       1.150684114483e-03   1.200718797674e-02   9.316096869134e-03   3.897095878752e-03    3.393525358837e-03   3.332721791620e-02   2.424921279814e-02   9.875439391694e-03    2.636984190893e-03   2.805841144406e-02   1.893590410534e-02   7.134817473247e-03    2.492962586585e-12   3.553165721946e-11   3.182393475297e-11   1.441449182749e-11    2.763234519994e-11     5.729770074193e-11     4.324234892191e-11     2.715629627699e-11      9.234950115390e-12   1.153249310612e-10   9.312945271426e-11   4.011165772576e-11    4.664398677140e-11     9.219591270262e-11     6.439402192129e-11     3.611235095036e-11      4.766418195103e-10     4.695620820311e-09     3.420040289277e-09     1.393554635242e-09      9.646892561508e-12   1.168903992164e-10   8.304326878377e-11   3.213335197690e-11    3.703798074849e-10     3.953480306056e-09     2.670768268520e-09     1.006830833076e-09      0.000000000000e+00           3.273716416658e-12         5.135795776813e-20            9.258170959411e-13          1.176981765543e-12          3.670718741619e-21          4.232418874911e-21            4.195427603470e-21          2.568270299259e-19            2.742501595652e-04        3.622106878543e-04        1.604192781221e-05        2.857588443557e-07         8.047287029914e-04        9.675324273358e-04        4.086102813745e-05        7.220345542292e-07         6.221915407659e-04        7.831350617905e-04        3.117281001509e-05        5.191891792460e-07         3.150874960939e-20        0.000000000000e+00        3.338736024690e-22        3.921424875000e-24         0.000000000000e+00          0.000000000000e+00          4.518486206365e-22          7.387153999008e-24           1.208974787014e-19        4.942369559207e-20        9.893058122253e-22        1.130000570771e-23         6.106303040927e-19          3.951151483309e-20          6.911629806666e-22          1.017363565305e-23           6.239859826248e-18          2.012357015117e-18          0.000000000000e+00          3.888370045724e-22           1.308021002282e-19         5.188423745829e-20         9.159211928611e-22         9.376257759108e-24          5.021975355511e-18           1.754834548955e-18           0.000000000000e+00           2.916838710639e-22            0.000000000000e+00      2.765172587709e-01    4.270193622122e-09       7.944181344004e-02     9.786097903784e-02     3.600928203780e-10     4.257108899613e-10       4.084993353459e-10     2.102038146029e-08       8.818404429252e-03   4.928128340673e-02   2.553137546216e-02   8.016565977587e-03    2.624029442612e-02   1.374407112450e-01   6.666881231004e-02   2.036304706357e-02    2.057519143836e-02   1.162692879752e-01   5.222764053463e-02   1.474724015719e-02    1.919053884943e-11   1.461816097191e-10   8.735463804208e-11   2.968696731368e-11    2.127106106260e-10     2.357297909277e-10     1.186974447844e-10     5.592899767707e-11      7.173103801858e-11   4.767394431175e-10   2.564520721016e-10   8.280897515177e-11    3.622999092179e-10     3.811268532755e-10     1.773228540636e-10     7.455256008030e-11      3.702241165284e-09     1.941113369301e-08     9.417819962360e-09     2.876939964720e-09      7.561300838150e-11   4.855426046670e-10   2.294114607277e-10   6.649754761421e-11    2.903062443075e-09     1.642207690427e-08     7.378139838664e-09     2.083560448659e-09      
1.518708097094e+03   2.531180161824e+01   7.631180161824e+02   7.600000000000e+02   5.217959978990e+02   2.841383196419e-01   5.562427270131e-03   -2.725134040399e+03  7.631180161824e+02   0.000000000000e+00      8.348918997181e-02    1.311672607559e-09       2.428344171472e-02     2.977949794437e-02     1.121981924320e-10     1.318598737735e-10       1.267628946343e-10     6.472986636008e-09       1.080951381918e-03   1.139136631906e-02   8.898390340553e-03   3.691340674146e-03    3.192847869262e-03   3.168077961407e-02   2.318316372607e-02   9.355862517228e-03    2.483451610907e-03   2.672724071779e-02   1.813704019258e-02   6.763728647029e-03    2.377696787889e-12   3.420188636923e-11   3.082930241996e-11   1.384437344580e-11    2.680298855276e-11     5.557990506009e-11     4.181363711848e-11     2.612993670862e-11      8.826531385737e-12   1.112581062547e-10   9.031438298455e-11   3.853619277643e-11    4.533969360918e-11     8.959341949384e-11     6.234118267792e-11     3.476655189274e-11      4.528814423078e-10     4.507725447088e-09     3.301977576025e-09     1.333276714906e-09      9.237740251292e-12   1.130416981849e-10   8.069744747081e-11   3.089432217079e-11    3.522578090540e-10     3.803103629056e-09     2.583357684011e-09     9.638927754497e-10      0.000000000000e+00           0.000000000000e+00         0.000000000000e+00            0.000000000000e+00          0.000000000000e+00          3.570475056292e-21          4.096991526989e-21            4.079710048645e-21          0.000000000000e+00            2.674875777646e-04        3.581404530922e-04        1.589812616443e-05        2.791292774163e-07         7.861533765914e-04        9.590346722494e-04        4.056501041342e-05        7.060578336700e-07         6.084515489303e-04        7.782214516308e-04        3.102919626445e-05        5.084886139885e-07         0.000000000000e+00        1.424031283968e-20        3.264722164597e-22        3.813429928999e-24         3.399111632759e-19          2.314127434700e-20          4.410315739556e-22          7.196858602530e-24           0.000000000000e+00        0.000000000000e+00        9.683576458100e-22        1.099163588389e-23         0.000000000000e+00          0.000000000000e+00          6.754030613855e-22          9.916700684682e-24           0.000000000000e+00          0.000000000000e+00          3.662545990892e-20          3.766971906243e-22           0.000000000000e+00         0.000000000000e+00         8.982742958953e-22         9.126926170429e-24          0.000000000000e+00           0.000000000000e+00           2.967735411223e-20           2.827401161886e-22            0.000000000000e+00      2.732602139900e-01    4.300832537946e-09       7.933720034292e-02     9.764375118058e-02     3.672248117822e-10     4.315775172354e-10       4.163912217734e-10     2.126249027103e-08       8.766144324910e-03   4.947491743993e-02   2.580597248927e-02   8.035260651345e-03    2.612548679316e-02   1.382549704081e-01   6.744757450119e-02   2.041449912563e-02    2.050504002983e-02   1.171991924355e-01   5.293578243523e-02   1.479389806396e-02    1.936852016939e-11   1.489004109912e-10   8.954974462192e-11   3.017229632028e-11    2.183349142869e-10     2.419711771730e-10     1.214558952605e-10     5.694733649660e-11      7.254896015175e-11   4.866963678221e-10   2.631750059534e-10   8.418683168067e-11    3.726659410355e-10     3.919246274836e-10     1.816614428425e-10     7.595160916107e-11      3.722422350930e-09     1.971895510439e-08     9.621922217826e-09     2.912699317048e-09      7.662021790050e-11   4.968848273321e-10   2.359060249940e-10   6.765452194122e-11    2.921717795984e-09     1.671687988055e-08     7.552031216266e-09     2.110799018834e-09      
1.521658195069e+03   2.536096991782e+01   7.636096991782e+02   7.600000000000e+02   5.217678200258e+02   2.678912416111e-01   5.450010053220e-03   -2.647143217004e+03  7.636096991782e+02   0.000000000000e+00      7.780961730372e-02    1.245915574480e-09       2.286680097187e-02     2.801750167732e-02     1.078768533270e-10     1.260636657289e-10       1.218241870652e-10     6.173951282827e-09       1.013494908399e-03   1.077904431564e-02   8.478809683084e-03   3.488400507124e-03    2.998149256772e-03   3.003606799600e-02   2.211013164099e-02   8.843214617611e-03    2.334234288513e-03   2.538933116798e-02   1.732932072872e-02   6.397097262865e-03    2.263441002021e-12   3.283690439382e-11   2.979393298281e-11   1.326646599062e-11    2.593509244612e-11     5.378693645528e-11     4.034169687650e-11     2.508784767904e-11      8.419763960085e-12   1.070527681821e-10   8.737325118392e-11   3.693810254316e-11    4.396138861698e-11     8.685655881844e-11     6.021827621227e-11     3.339822971091e-11      4.294941371623e-10     4.316232236556e-09     3.180482589196e-09     1.272764229611e-09      8.828589238774e-12   1.090213814362e-10   7.822720724533e-11   2.963488616070e-11    3.343851389017e-10     3.648676193250e-09     2.492872494727e-09     9.207184698335e-10      0.000000000000e+00           2.896761027017e-12         4.720384675583e-20            8.365182376427e-13          1.061495564183e-12          3.464753859239e-21          3.957264534517e-21            3.957823094840e-21          2.380462601297e-19            2.602486433945e-04        3.529572537779e-04        1.570563929905e-05        2.718411930138e-07         7.660835648209e-04        9.474646918228e-04        4.014314880038e-05        6.883651409544e-07         5.935154770530e-04        7.707050638078e-04        3.078747242576e-05        4.965016098380e-07         2.865250782906e-20        0.000000000000e+00        3.184623343328e-22        3.699880713648e-24         0.000000000000e+00          0.000000000000e+00          4.295027429887e-22          6.996133736771e-24           1.109539823397e-19        4.644984240108e-20        9.455507300710e-22        1.066708332802e-23         5.793144747716e-19          3.768677388851e-20          6.585070018329e-22          9.645090252354e-24           5.659788699020e-18          1.872798906176e-18          0.000000000000e+00          3.641152904821e-22           1.204905718748e-19         4.899105578352e-20         8.788100070100e-22         8.863670819870e-24          0.000000000000e+00           1.639609556995e-18           0.000000000000e+00           2.734508418602e-22            0.000000000000e+00      2.701016737037e-01    4.332749071149e-09       7.923551452925e-02     9.743260848068e-02     3.744745141694e-10     4.376066646579e-10       4.244150530260e-10     2.150901166842e-08       8.717096748210e-03   4.965206977697e-02   2.607903418933e-02   8.053599365714e-03    2.601879948550e-02   1.390195285763e-01   6.822331244999e-02   2.046505433739e-02    2.044076770475e-02   1.180781645872e-01   5.364290642800e-02   1.483977237109e-02    1.955496249478e-11   1.516197878415e-10   9.178597585550e-11   3.066465945313e-11    2.240658182076e-10     2.483536144633e-10     1.242804035846e-10     5.798909114410e-11      7.339878624152e-11   4.966748655641e-10   2.700312692874e-10   8.558502494059e-11    3.832307629139e-10     4.029738829466e-10     1.861075024628e-10     7.738319312530e-11      3.744089325426e-09     2.002530249558e-08     9.829435655303e-09     2.948975470722e-09      7.766346927302e-11   5.082490582001e-10   2.425408528541e-10   6.882865154183e-11    2.941524320375e-09     1.700983985405e-08     7.729068213204e-09     2.138419239563e-09      
1.524918097598e+03   2.541530162663e+01   7.641530162663e+02   7.600000000000e+02   5.217469556496e+02   2.503470896448e-01   5.311102654486e-03   -2.556522354359e+03  7.641530162663e+02   0.000000000000e+00      7.180686630278e-02    1.174243759926e-09       2.134060263025e-02     2.612274779232e-02     1.030095134298e-10     1.196572178429e-10       1.162701209991e-10     5.844281390635e-09       9.416676725547e-04   1.010968828741e-02   8.014907153676e-03   3.268103965221e-03    2.790215253231e-03   2.822977014487e-02   2.092129673044e-02   8.286527315077e-03    2.174588566912e-03   2.391124420300e-02   1.643040165263e-02   5.998437935145e-03    2.138659849509e-12   3.129661153645e-11   2.860785791161e-11   1.262140265878e-11    2.493631844558e-11     5.172759378929e-11     3.867155571027e-11     2.392229158445e-11      7.973390643754e-12   1.022733434344e-10   8.399205559167e-11   3.515309323389e-11    4.236073080870e-11     8.369068192359e-11     5.780065696445e-11     3.186568270440e-11      4.041346886079e-10     4.101627826379e-09     3.042829249879e-09     1.205865369588e-09      8.377744551259e-12   1.044085051443e-10   7.536591679392e-11   2.822528221595e-11    3.149662049621e-10     3.474347989290e-09     2.389759134593e-09     8.729121801527e-10      0.000000000000e+00           0.000000000000e+00         1.335572403358e-20            0.000000000000e+00          0.000000000000e+00          3.342116458095e-21          3.798490279064e-21            3.816604665710e-21          0.000000000000e+00            2.517400020576e-04        3.459907644181e-04        1.543773046215e-05        2.630839027940e-07         7.422935885354e-04        9.312266828821e-04        3.953342589547e-05        6.669707016560e-07         5.757132190361e-04        7.594488477801e-04        3.040744773802e-05        4.818639408706e-07         0.000000000000e+00        7.690040587872e-21        3.089447094522e-22        3.568510508044e-24         0.000000000000e+00          5.073375402286e-21          4.159878770502e-22          6.763078457414e-24           0.000000000000e+00        2.548182016373e-21        9.183031175597e-22        1.029124205163e-23         0.000000000000e+00          8.606892746828e-21          6.385919025643e-22          9.329080980441e-24           0.000000000000e+00          0.000000000000e+00          6.992522262354e-21          3.497571871854e-22           0.000000000000e+00         0.000000000000e+00         8.552842348531e-22         8.557902975482e-24          0.000000000000e+00           0.000000000000e+00           7.751338337176e-21           2.628285914476e-22            0.000000000000e+00      2.667218357319e-01    4.369500419093e-09       7.912609827498e-02     9.720584543165e-02     3.826219961194e-10     4.444587884823e-10       4.334350048038e-10     2.178647541482e-08       8.666556197421e-03   4.983029589592e-02   2.637871973167e-02   8.073431143262e-03    2.591017310555e-02   1.398101417132e-01   6.907623750143e-02   2.051983690065e-02    2.037644704288e-02   1.189923686407e-01   5.442238146878e-02   1.488953230474e-02    1.977097677738e-11   1.546285191328e-10   9.430450383233e-11   3.121685315290e-11    2.305253792528e-10     2.555727547892e-10     1.274790263902e-10     5.916764433095e-11      7.437562103205e-11   5.077329356225e-10   2.777617073487e-10   8.715360306891e-11    3.951400103213e-10     4.154798717866e-10     1.911467584789e-10     7.900326277012e-11      3.769759916297e-09     2.036240790792e-08     1.006263558694e-08     2.989651894256e-09      7.885898644912e-11   5.208340644047e-10   2.500349174068e-10   7.014599696946e-11    2.964749705254e-09     1.733152660233e-08     7.928295086940e-09     2.169377605337e-09      
1.528458577836e+03   2.547430963060e+01   7.647430963060e+02   7.600000000000e+02   5.217350999908e+02   2.318343456631e-01   5.143943202603e-03   -2.453357371389e+03  7.647430963060e+02   0.000000000000e+00      6.561459789495e-02    1.097805895067e-09       1.973398128767e-02     2.413201786291e-02     9.764071172485e-11     1.127230493541e-10       1.101534975226e-10     5.488551561577e-09       8.669548586403e-04   9.395153982473e-03   7.513178022518e-03   3.034369170656e-03    2.573246605609e-03   2.629220868266e-02   1.963274028036e-02   7.695665356137e-03    2.007689357347e-03   2.231627710180e-02   1.545152266684e-02   5.574719853243e-03    2.005261087402e-12   2.959708463076e-11   2.727705474344e-11   1.191645736809e-11    2.381111091626e-11     4.941074059189e-11     3.681467092271e-11     2.264528411317e-11      7.493791243679e-12   9.696176658404e-11   8.018472530617e-11   3.320101845196e-11    4.054148299466e-11     8.010395299742e-11     5.510265833732e-11     3.018420813865e-11      3.772291974056e-10     3.866468762499e-09     2.890070808352e-09     1.133475890577e-09      7.891224172950e-12   9.923417363763e-11   7.211980251058e-11   2.668056465544e-11    2.943193046625e-10     3.281945048262e-09     2.274657206654e-09     8.210985991118e-10      0.000000000000e+00           2.489618309071e-12         4.238892637516e-20            7.357875731889e-13          9.317952591363e-13          3.202776377085e-21          3.621684551301e-21            3.656347169734e-21          2.156647507105e-19            2.419541285687e-04        3.370376952834e-04        1.508364761339e-05        2.528213123950e-07         7.147131312119e-04        9.096845564624e-04        3.870601751033e-05        6.417535096735e-07         5.549670345619e-04        7.438557583817e-04        2.986351254674e-05        4.644581924075e-07         1.048445584802e-20        7.364948162309e-21        2.978746210167e-22        3.419592728869e-24         0.000000000000e+00          9.154344731409e-21          4.004625196623e-22          6.497814807532e-24           9.950179269799e-20        4.267383924103e-20        8.864475744877e-22        9.864806915178e-24         5.383056593692e-19          3.525454757283e-20          6.155929247208e-22          8.968668352970e-24           5.008810651290e-18          1.701671413529e-18          1.518727842609e-20          3.337017062988e-22           1.085082649126e-19         4.522843667958e-20         8.274793182355e-22         8.209966404738e-24          4.047037111010e-18           1.495827882270e-18           1.337085855890e-20           2.509266360161e-22            0.000000000000e+00      2.631770238464e-01    4.411171931143e-09       7.901011362717e-02     9.696657698513e-02     3.916322395075e-10     4.521267766570e-10       4.434136433121e-10     2.209370287063e-08       8.615892732394e-03   5.000512366518e-02   2.670138566873e-02   8.094417506575e-03    2.580292362575e-02   1.406090606550e-01   6.999643131860e-02   2.057796455791e-02    2.031434290159e-02   1.199205419458e-01   5.526568376834e-02   1.494241646870e-02    2.001761068012e-11   1.579050843882e-10   9.709558261600e-11   3.182611042032e-11    2.376955056762e-10     2.636140437541e-10     1.310457435994e-10     6.048033324190e-11      7.548211420173e-11   5.197904597833e-10   2.863391365370e-10   8.888492466053e-11    4.083589667502e-10     4.294194714666e-10     1.967712372769e-10     8.080839659253e-11      3.799686491509e-09     2.072727887084e-08     1.032042420342e-08     3.034512910629e-09      8.020904772225e-11   5.345393274829e-10   2.583658484683e-10   7.160024659871e-11    2.991560071779e-09     1.767867494257e-08     8.148853972328e-09     2.203508918852e-09      
1.531999058073e+03   2.553331763456e+01   7.653331763456e+02   7.600000000000e+02   5.217328556618e+02   2.139413235596e-01   4.961292788403e-03   -2.345914646366e+03  7.653331763456e+02   0.000000000000e+00      5.976393283114e-02    1.023069517064e-09       1.818475499227e-02     2.221610349580e-02     9.221665931748e-11     1.058418299555e-10       1.039832685828e-10     5.136762556395e-09       7.957360846083e-04   8.697405068050e-03   7.016246038670e-03   2.807229918135e-03    2.365775469693e-03   2.439113859353e-02   1.835375638120e-02   7.121267363702e-03    1.847789952384e-03   2.074248556005e-02   1.447543222337e-02   5.162248268182e-03    1.874469876815e-12   2.788214813770e-11   2.591031040012e-11   1.121066673270e-11    2.265156961745e-11     4.702497436907e-11     3.492328085546e-11     2.136294899843e-11      7.021223004620e-12   9.156499321835e-11   7.626118580664e-11   3.124526967078e-11    3.865146296327e-11     7.638632456817e-11     5.234456501556e-11     2.849335966596e-11      3.510513549649e-10     3.630745994659e-09     2.734820824432e-09     1.061698094322e-09      7.409736228864e-12   9.393150408759e-11   6.875077897395e-11   2.512985294620e-11    2.741877107675e-10     3.087781902843e-09     2.157012743010e-09     7.696420872892e-10      0.000000000000e+00           0.000000000000e+00         1.429741124493e-20            0.000000000000e+00          0.000000000000e+00          3.057945003548e-21          3.441297001300e-21            3.489964994357e-21          0.000000000000e+00            2.316729546773e-04        3.267526108838e-04        1.466748089166e-05        2.418772668395e-07         6.855270188203e-04        8.843459485137e-04        3.771489214412e-05        6.147251319673e-07         5.329098668402e-04        7.249581007065e-04        2.918816177607e-05        4.456592763346e-07         1.509885621631e-21        7.025942814614e-21        2.861146820073e-22        3.265090661761e-24         0.000000000000e+00          1.516202060133e-20          3.841466306024e-22          6.221389096537e-24           0.000000000000e+00        6.822655441312e-21        8.524488060708e-22        9.422000290263e-24         0.000000000000e+00          1.033726698282e-20          5.913043731694e-22          8.592372337811e-24           0.000000000000e+00          0.000000000000e+00          5.048987812288e-21          3.172577074531e-22           0.000000000000e+00         4.846851784431e-21         7.975127941424e-22         7.847699446373e-24          0.000000000000e+00           0.000000000000e+00           1.663986735963e-20           2.387134972527e-22            0.000000000000e+00      2.597573817945e-01    4.454662449482e-09       7.889630388048e-02     9.673364357537e-02     4.008095994925e-10     4.600299098667e-10       4.535816274524e-10     2.240688479907e-08       8.569472328297e-03   5.016277226491e-02   2.702067288019e-02   8.114773408467e-03    2.570645926438e-02   1.413512130122e-01   7.090896878699e-02   2.063453856783e-02    2.026003041210e-02   1.207852390231e-01   5.610441445342e-02   1.499401378803e-02    2.027687422548e-11   1.611961405919e-10   9.994379635643e-11   3.244509673534e-11    2.450308931735e-10     2.718673016975e-10     1.347095120057e-10     6.182709408217e-11      7.663664111483e-11   5.319104000785e-10   2.951031523573e-10   9.064465690471e-11    4.218806743113e-10     4.437359632047e-10     2.025544971728e-10     8.266117841826e-11      3.831725140423e-09     2.109137440765e-08     1.058276550365e-08     3.080058533988e-09      8.161367929973e-11   5.482907404252e-10   2.668943811757e-10   7.307867731882e-11    3.020008702514e-09     1.802379555428e-08     8.373644485566e-09     2.238151805679e-09      
1.535539538311e+03   2.559232563852e+01   7.659232563852e+02   7.600000000000e+02   5.217384827761e+02   1.967199225359e-01   4.764842452229e-03   -2.234890956753e+03  7.659232563852e+02   0.000000000000e+00      5.425435147354e-02    9.502719308541e-10       1.669693587652e-02     2.037950086176e-02     8.676926780460e-11     9.904244312540e-11       9.779509378614e-11     4.790452643463e-09       7.280580642790e-04   8.019983276933e-03   6.526704763101e-03   2.587484094034e-03    2.168028940287e-03   2.253715735513e-02   1.709120278645e-02   6.565372207941e-03    1.695103955740e-03   1.919980225276e-02   1.350766599758e-02   4.762550664380e-03    1.746680624359e-12   2.616411453118e-11   2.451666332319e-11   1.050780745160e-11    2.146593540242e-11     4.458597028244e-11     3.300829477927e-11     2.008179084139e-11      6.557315402366e-12   8.612407888861e-11   7.224775436701e-11   2.929639031578e-11    3.670497637355e-11     7.256327469788e-11     4.954261328886e-11     2.680182264403e-11      3.256642851357e-10     3.396049691345e-09     2.578027799412e-09     9.908671583351e-10      6.935082367429e-12   8.854455274778e-11   6.528210309965e-11   2.358172217725e-11    2.546241391797e-10     2.893300878382e-09     2.037570661481e-09     7.187897744024e-10      0.000000000000e+00           2.099572500801e-12         3.742168821064e-20            6.349710182240e-13          8.025443058723e-13          2.908611612996e-21          3.258351835605e-21            3.318589640812e-21          1.919690436505e-19            2.209745566608e-04        3.152657106061e-04        1.419378158403e-05        2.303611145492e-07         6.549643512363e-04        8.555361056499e-04        3.657078561678e-05        5.861598009707e-07         5.097173357604e-04        7.030082791140e-04        2.838855969877e-05        4.256620941000e-07         1.391560035500e-22        6.675827291154e-21        2.737483166364e-22        3.105998478044e-24         2.774156746802e-19          1.978847172687e-21          3.671432006697e-22          5.935453831271e-24           8.775373371462e-20        3.846745047869e-20        8.165498242318e-22        8.965682431822e-24         4.912069231143e-19          3.241049671629e-20          5.658811039462e-22          8.202452967306e-24           4.358225158401e-18          1.516850746165e-18          1.557166109595e-20          3.005235265899e-22           9.610577962562e-20         4.095331035386e-20         7.656006817681e-22         7.473478169595e-24          3.528559591779e-18           1.338199190604e-18           8.101365159445e-21           2.262633644980e-22            0.000000000000e+00      2.564568616399e-01    4.499959189384e-09       7.878381384359e-02     9.650597813143e-02     4.101527988739e-10     4.681673164129e-10       4.639381380851e-10     2.272581981314e-08       8.527113865723e-03   5.030559766543e-02   2.733608618854e-02   8.134429882679e-03    2.562033656608e-02   1.420422752855e-01   7.181246782514e-02   2.068939733209e-02    2.021318945700e-02   1.215908347360e-01   5.693729423188e-02   1.504421893448e-02    2.054882823750e-11   1.645074113398e-10   1.028479422712e-10   3.307354556013e-11    2.525360465961e-10     2.803352104463e-10     1.384705231368e-10     6.320786019166e-11      7.783963410893e-11   5.441073868340e-10   3.040504602134e-10   9.243215167345e-11    4.357121406519e-10     4.584340905062e-10     2.084971983230e-10     8.456161694513e-11      3.865848634972e-09     2.145527414588e-08     1.084947962358e-08     3.126254889434e-09      8.307356535544e-11   5.620985968037e-10   2.756176098313e-10   7.458083942792e-11    3.050076977682e-09     1.836725482709e-08     8.602516293364e-09     2.273283704396e-09      
1.539080018549e+03   2.565133364248e+01   7.665133364248e+02   7.600000000000e+02   5.217502130748e+02   1.802157897726e-01   4.556427486300e-03   -2.121039380620e+03  7.665133364248e+02   0.000000000000e+00      4.908377848385e-02    8.796373026998e-10       1.527402346669e-02     1.862607291418e-02     8.133041362019e-11     9.235326419347e-11       9.162448734522e-11     4.451107123402e-09       6.639508619972e-04   7.365995682005e-03   6.047028309744e-03   2.375850910770e-03    1.980182435158e-03   2.073974552122e-02   1.585165574201e-02   6.029819389434e-03    1.549804907895e-03   1.769726427740e-02   1.255358737982e-02   4.377010863839e-03    1.622270474626e-12   2.445475390117e-11   2.310538631703e-11   9.811591907481e-12    2.026256290159e-11     4.210982617170e-11     3.108086407911e-11     1.880830971223e-11      6.103645231061e-12   8.067885090829e-11   6.817158952353e-11   2.736475253487e-11    3.471668202375e-11     6.866120824743e-11     4.671349656802e-11     2.511829250063e-11      3.011271614013e-10     3.163888871053e-09     2.420652270211e-09     9.213072175166e-10      6.469025812947e-12   8.311666686246e-11   6.173805854727e-11   2.204462942292e-11    2.356784476820e-10     2.699888363009e-09     1.917092905513e-09     6.687811414537e-10      0.000000000000e+00           0.000000000000e+00         0.000000000000e+00            0.000000000000e+00          0.000000000000e+00          2.755807746204e-21          3.073896260092e-21            3.143397636894e-21          0.000000000000e+00            2.099400481757e-04        3.027193523456e-04        1.366784742408e-05        2.183860136031e-07         6.232654643759e-04        8.236198026033e-04        3.528647750430e-05        5.563429658646e-07         4.855750107314e-04        6.782973208417e-04        2.747359685349e-05        4.046712562054e-07         1.100258250959e-23        6.318844362535e-21        2.608657908733e-22        2.943355490855e-24         0.000000000000e+00          0.000000000000e+00          3.495630486147e-22          5.641769656500e-24           0.000000000000e+00        0.000000000000e+00        7.790154197862e-22        8.498845809157e-24         0.000000000000e+00          0.000000000000e+00          5.394909597241e-22          7.801323723471e-24           0.000000000000e+00          0.000000000000e+00          2.861924589782e-20          2.836001881374e-22           0.000000000000e+00         0.000000000000e+00         7.319820988044e-22         7.089795516547e-24          0.000000000000e+00           0.000000000000e+00           0.000000000000e+00           2.136525979771e-22            0.000000000000e+00      2.532695645827e-01    4.547048447447e-09       7.867177419339e-02     9.628247422717e-02     4.196604067817e-10     4.765377021201e-10       4.744821018614e-10     2.305028627952e-08       8.488623161179e-03   5.043587733226e-02   2.764710351702e-02   8.153308684500e-03    2.554407783173e-02   1.426879098001e-01   7.270547662165e-02   2.074235492114e-02    2.017347946751e-02   1.223419758158e-01   5.776298536347e-02   1.509290818893e-02    2.083349308606e-11   1.678448394686e-10   1.058065972241e-10   3.371113653588e-11    2.602155255358e-10     2.890201652572e-10     1.423287376317e-10     6.462248967314e-11      7.909140027202e-11   5.563972891212e-10   3.131771028394e-10   9.424661140400e-11    4.498608438256e-10     4.735182728381e-10     2.145996245785e-10     8.650960572080e-11      3.902023783094e-09     2.181958680765e-08     1.112036363336e-08     3.173062983206e-09      8.458929004727e-11   5.759755403714e-10   2.845319648398e-10   7.610616191086e-11    3.081742621735e-09     1.870948051129e-08     8.835299068701e-09     2.308878269529e-09      
1.540769132770e+03   2.567948554617e+01   7.667948554617e+02   7.600000000000e+02   5.217574447826e+02   1.726062202894e-01   4.453342579855e-03   -2.065950477982e+03  7.667948554617e+02   0.000000000000e+00      4.673542375569e-02    8.467618986726e-10       1.461892219739e-02     1.781979910982e-02     7.874778499442e-11     8.920883115123e-11       8.869695385439e-11     4.292078586062e-09       6.346289313896e-04   7.063035029248e-03   5.822339933388e-03   2.277930047680e-03    1.894089539678e-03   1.990461702431e-02   1.527021474229e-02   5.781963261151e-03    1.483127616223e-03   1.699695057783e-02   1.210473338964e-02   4.198427138649e-03    1.564211397477e-12   2.364555300009e-11   2.242860181744e-11   9.482831715879e-12    1.968463395161e-11     4.092014756744e-11     3.016020214949e-11     1.820532628386e-11      5.891254767912e-12   7.809064227004e-11   6.621283206011e-11   2.645221599691e-11    3.375766779096e-11     6.677957804581e-11     4.535911685173e-11     2.432043319590e-11      2.897364102475e-10     3.054435961500e-09     2.345644891351e-09     8.886596338961e-10      6.250205210509e-12   8.052495126265e-11   6.002793452770e-11   2.131760038301e-11    2.268710977318e-10     2.608375150947e-09     1.859473310233e-09     6.452870985335e-10      0.000000000000e+00           0.000000000000e+00         1.259761836430e-20            0.000000000000e+00          0.000000000000e+00          2.681991797879e-21          2.985670536532e-21            3.058821118299e-21          1.794861785968e-20            2.045813321093e-04        2.964041265083e-04        1.340023351315e-05        2.125446198275e-07         6.078140177384e-04        8.074125969654e-04        3.462853091403e-05        5.417616169058e-07         4.737782770234e-04        6.656279445943e-04        2.699941798203e-05        3.943679008074e-07         3.332321886326e-24        6.146318788957e-21        2.545655662680e-22        2.864820553266e-24         0.000000000000e+00          8.178909654113e-21          3.410065111660e-22          5.499461592128e-24           7.253155187522e-21        1.055756111183e-20        7.606137728879e-22        8.273313973184e-24         0.000000000000e+00          1.004336113516e-20          5.266115696848e-22          7.606735410293e-24           0.000000000000e+00          0.000000000000e+00          1.253051695308e-20          2.754894457579e-22           7.205712786387e-21         1.072709560691e-20         7.154165467220e-22         6.904159990567e-24          0.000000000000e+00           0.000000000000e+00           1.134527450569e-20           2.076021333173e-22            0.000000000000e+00      2.517871821493e-01    4.570141720336e-09       7.861823002058e-02     9.617698610136e-02     4.242538376862e-10     4.806127432548e-10       4.795781615801e-10     2.320696560831e-08       8.471564041720e-03   5.049424656390e-02   2.779377971039e-02   8.162017101358e-03    2.551102726846e-02   1.429815481724e-01   7.312738688085e-02   2.076689186096e-02    2.015694527732e-02   1.226825464165e-01   5.815397771858e-02   1.511556352163e-02    2.097377917374e-11   1.694480549606e-10   1.072368702736e-10   3.401843875160e-11    2.639420517476e-10     2.932407380778e-10     1.442036249809e-10     6.530926580754e-11      7.970585090772e-11   5.622982248813e-10   3.175931758805e-10   9.512150124836e-11    4.567250512733e-10     4.808519574424e-10     2.175672830759e-10     8.745566408786e-11      3.919994640787e-09     2.199372254137e-08     1.125100357972e-08     3.195597619682e-09      8.533224839054e-11   5.826245882718e-10   2.888510238060e-10   7.684183921931e-11    3.097405639055e-09     1.887245474290e-08     8.947680336274e-09     2.326014494358e-09      
1.540870486668e+03   2.568117477779e+01   7.668117477779e+02   7.600000000000e+02   5.217579059231e+02   1.721551766354e-01   4.447089292248e-03   -2.062631674539e+03  7.668117477779e+02   0.000000000000e+00      4.659693156501e-02    8.448069026179e-10       1.458011129944e-02     1.777205174377e-02     7.859318041350e-11     8.902121550984e-11       8.852175245790e-11     4.282600212324e-09       6.328954676482e-04   7.045050952881e-03   5.808951325149e-03   2.272119152924e-03    1.888996436915e-03   1.985499405831e-02   1.523555180998e-02   5.767253579761e-03    1.479181429927e-03   1.695529593422e-02   1.207794837033e-02   4.187825551785e-03    1.560755511604e-12   2.359716652761e-11   2.238795468514e-11   9.463187469094e-12    1.964990789319e-11     4.084865038621e-11     3.010497713290e-11     1.816926222000e-11      5.878599113201e-12   7.793567254820e-11   6.609511059375e-11   2.639768168211e-11    3.369996289978e-11     6.666636070292e-11     4.527781535428e-11     2.427269923149e-11      2.890595971779e-10     3.047900172797e-09     2.341149156142e-09     8.867128144230e-10      6.237153758861e-12   8.036954367129e-11   5.992501522904e-11   2.127413470615e-11    2.263475405971e-10     2.602904258950e-09     1.856015798669e-09     6.438856652156e-10      0.000000000000e+00           0.000000000000e+00         1.262253324137e-20            0.000000000000e+00          0.000000000000e+00          2.677547645898e-21          2.980375929615e-21            3.053730190354e-21          1.803902270801e-20            2.042581571346e-04        2.960189825894e-04        1.338385522432e-05        2.121919001985e-07         6.068810429294e-04        8.064214479964e-04        3.458817842608e-05        5.408804331923e-07         4.730654147102e-04        6.648508720963e-04        2.697023216433e-05        3.937444996462e-07         3.103379385204e-24        6.133967401939e-21        2.541847191200e-22        2.860092795897e-24         0.000000000000e+00          8.197377316282e-21          3.404900469138e-22          5.490884369617e-24           7.300167971479e-21        1.057191546793e-20        7.595005015037e-22        8.259734859831e-24         0.000000000000e+00          1.006119215825e-20          5.258334896917e-22          7.595002815191e-24           0.000000000000e+00          0.000000000000e+00          1.249826764008e-20          2.750023887302e-22           7.300293015045e-21         1.074052005829e-20         7.144127042388e-22         6.892977554574e-24          0.000000000000e+00           0.000000000000e+00           1.136479331055e-20           2.072386674776e-22            0.000000000000e+00      2.516990009951e-01    4.571540309080e-09       7.861501228277e-02     9.617067600885e-02     4.245306360463e-10     4.808589376734e-10       4.798852889090e-10     2.321640481700e-08       8.470566516113e-03   5.049767870421e-02   2.780254361342e-02   8.162533181855e-03    2.550911079796e-02   1.429988914547e-01   7.315261215485e-02   2.076834841204e-02    2.015600145916e-02   1.227026336575e-01   5.817737291885e-02   1.511691059360e-02    2.098228890204e-11   1.695445016882e-10   1.073230704225e-10   3.403694072755e-11    2.641669635301e-10     2.934955799148e-10     1.443168268983e-10     6.535071858876e-11      7.974307582535e-11   5.626531379564e-10   3.178594092460e-10   9.517418428222e-11    4.571393022521e-10     4.812948399520e-10     2.177465097066e-10     8.751277394373e-11      3.921087478824e-09     2.200418037506e-08     1.125887045264e-08     3.196953801534e-09      8.537723834528e-11   5.830241989691e-10   2.891115247647e-10   7.688614377283e-11    3.098356825815e-09     1.888222952683e-08     8.954450082153e-09     2.327045800585e-09      
1.540971840565e+03   2.568286400942e+01   7.668286400942e+02   7.600000000000e+02   5.217583698898e+02   1.717047671547e-01   4.440828621210e-03   -2.059311502807e+03  7.668286400942e+02   0.000000000000e+00      4.645871234995e-02    8.428539318684e-10       1.454135709963e-02     1.772437631639e-02     7.843862139480e-11     8.883372388658e-11       8.834660828942e-11     4.273129270920e-09       6.311649427335e-04   7.027089251895e-03   5.795573629241e-03   2.266315667769e-03    1.883911586010e-03   1.980542739147e-02   1.520091529827e-02   5.752562518849e-03    1.475241450154e-03   1.691368387086e-02   1.205118081860e-02   4.177237043224e-03    1.557302829435e-12   2.354880066257e-11   2.234730468461e-11   9.443553080144e-12    1.961517758917e-11     4.077714290576e-11     3.004975580249e-11     1.813321232972e-11      5.865953691305e-12   7.778074575782e-11   6.597737185327e-11   2.634317383961e-11    3.364224200013e-11     6.655311195431e-11     4.519651252016e-11     2.422498239946e-11      2.883835468819e-10     3.041368175511e-09     2.336654125382e-09     8.847674141443e-10      6.224111441910e-12   8.021415387605e-11   5.982206508303e-11   2.123068816961e-11    2.258245462540e-10     2.597435839207e-09     1.852558386484e-09     6.424852030213e-10      0.000000000000e+00           0.000000000000e+00         1.260115120818e-20            0.000000000000e+00          0.000000000000e+00          2.673101961126e-21          2.975081390424e-21            3.048637625983e-21          1.801128438367e-20            2.039348094886e-04        2.956331588481e-04        1.336744159928e-05        2.118389467418e-07         6.059474445026e-04        8.054282477393e-04        3.454772942066e-05        5.399985849858e-07         4.723520132129e-04        6.640719408698e-04        2.694096504369e-05        3.931205453320e-07         2.890335360269e-24        6.123546963535e-21        2.538035684734e-22        2.855363456721e-24         0.000000000000e+00          8.184967159247e-21          3.399732561121e-22          5.482303094665e-24           7.288906646763e-21        1.055523295590e-20        7.583862428994e-22        8.246150953522e-24         0.000000000000e+00          1.004619102005e-20          5.250548402813e-22          7.583264191920e-24           0.000000000000e+00          0.000000000000e+00          1.247898564620e-20          2.745153033237e-22           7.289100828466e-21         1.072378037779e-20         7.134077871507e-22         6.881790562917e-24          0.000000000000e+00           0.000000000000e+00           1.134751676187e-20           2.068751659143e-22            0.000000000000e+00      2.516109056819e-01    4.572940350343e-09       7.861179386541e-02     9.616436796136e-02     4.248075672207e-10     4.811053210825e-10       4.801925682273e-10     2.322584826628e-08       8.469571909072e-03   5.050110320423e-02   2.781130324361e-02   8.163048520218e-03    2.550720179297e-02   1.430162043192e-01   7.317782697191e-02   2.076980315277e-02    2.015506305060e-02   1.227226822530e-01   5.820076051807e-02   1.511825625207e-02    2.099080902463e-11   1.696409773231e-10   1.074093131881e-10   3.405544973608e-11    2.643920238095e-10     2.937506021686e-10     1.444301081391e-10     6.539219886917e-11      7.978034095195e-11   5.630081480540e-10   3.181257837900e-10   9.522688824825e-11    4.575538230274e-10     4.817380438251e-10     2.179258670992e-10     8.756992250876e-11      3.922181951295e-09     2.201463932187e-08     1.126674046272e-08     3.198310430831e-09      8.542227468077e-11   5.834238848911e-10   2.893721770277e-10   7.693046644944e-11    3.099309290942e-09     1.889200390254e-08     8.961222796701e-09     2.328077449041e-09      
1.541073194462e+03   2.568455324104e+01   7.668455324104e+02   7.600000000000e+02   5.217588366418e+02   1.712549925932e-01   4.434560614123e-03   -2.055989981152e+03  7.668455324104e+02   0.000000000000e+00      4.632076598908e-02    8.409029909148e-10       1.450265965358e-02     1.767677288608e-02     7.828410865427e-11     8.864635690285e-11       8.817152214258e-11     4.263665793004e-09       6.294373565700e-04   7.009149977851e-03   5.782206896029e-03   2.260519604951e-03    1.878834988592e-03   1.975591718914e-02   1.516630534260e-02   5.737890111077e-03    1.471307679005e-03   1.687211455154e-02   1.202443084737e-02   4.166661637826e-03    1.553853358826e-12   2.350045564655e-11   2.230665203538e-11   9.423928630078e-12    1.958044323324e-11     4.070562550906e-11     2.999453842172e-11     1.809717676016e-11      5.853318535858e-12   7.762586273991e-11   6.585961648845e-11   2.628869269625e-11    3.358450543768e-11     6.643983243777e-11     4.511520874810e-11     2.417728289748e-11      2.877082605291e-10     3.034840000054e-09     2.332159821257e-09     8.828234398946e-10      6.211078298118e-12   8.005878281494e-11   5.971908468290e-11   2.118726095928e-11    2.253021157061e-10     2.591969920311e-09     1.849101091605e-09     6.410857170228e-10      0.000000000000e+00           0.000000000000e+00         1.257976324313e-20            0.000000000000e+00          0.000000000000e+00          2.668654768716e-21          2.969786943885e-21            3.043543453749e-21          1.798352662646e-20            2.036112911091e-04        2.952466589844e-04        1.335099279017e-05        2.114857621623e-07         6.050132283099e-04        8.044330060456e-04        3.450718427611e-05        5.391160791783e-07         4.716380771103e-04        6.632911590755e-04        2.691161689771e-05        3.924960428762e-07         2.692075200389e-24        6.113123573143e-21        2.534221166805e-22        2.850632561374e-24         0.000000000000e+00          8.172547647915e-21          3.394561416382e-22          5.473717812343e-24           7.277637678876e-21        1.053854023793e-20        7.572710040493e-22        8.232562328172e-24         0.000000000000e+00          1.003117781150e-20          5.242756258640e-22          7.571519602530e-24           0.000000000000e+00          0.000000000000e+00          1.245969063750e-20          2.740281919527e-22           7.277900786770e-21         1.070702937865e-20         7.124018019135e-22         6.870599077470e-24          0.000000000000e+00           0.000000000000e+00           1.133022648188e-20           2.065116304582e-22            0.000000000000e+00      2.515228960831e-01    4.574341844034e-09       7.860857474918e-02     9.615806193333e-02     4.250846311706e-10     4.813518934613e-10       4.804999995001e-10     2.323529595070e-08       8.468580215838e-03   5.050452011152e-02   2.782005858797e-02   8.163563114390e-03    2.550530024182e-02   1.430334868919e-01   7.320303129606e-02   2.077125607818e-02    2.015413004352e-02   1.227426923185e-01   5.822414048317e-02   1.511960049363e-02    2.099933954131e-11   1.697374820084e-10   1.074955985266e-10   3.407396576794e-11    2.646172326936e-10     2.940058048832e-10     1.445434686952e-10     6.543370664480e-11      7.981764629308e-11   5.633632555837e-10   3.183922993873e-10   9.527961312278e-11    4.579686137924e-10     4.821815691503e-10     2.181053552470e-10     8.762710977865e-11      3.923278057366e-09     2.202509939676e-08     1.127461360421e-08     3.199667506512e-09      8.546735741035e-11   5.838236464247e-10   2.896329804775e-10   7.697480723143e-11    3.100263033907e-09     1.890177788235e-08     8.967998475016e-09     2.329109438993e-09      
1.541174548360e+03   2.568624247266e+01   7.668624247266e+02   7.600000000000e+02   5.217593061382e+02   1.708058536921e-01   4.428285318870e-03   -2.052667127906e+03  7.668624247266e+02   0.000000000000e+00      4.618309235997e-02    8.389540841219e-10       1.446401901650e-02     1.762924151081e-02     7.812964290747e-11     8.845911516896e-11       8.799649481017e-11     4.254209809499e-09       6.277127090711e-04   6.991233182003e-03   5.768851175750e-03   2.254730977143e-03    1.873766646255e-03   1.970646361582e-02   1.513172207805e-02   5.723236388949e-03    1.467380118553e-03   1.683058813928e-02   1.199769856934e-02   4.156099360338e-03    1.550407107508e-12   2.345213172012e-11   2.226599695762e-11   9.404314199648e-12    1.954570501868e-11     4.063409857851e-11     2.993932525299e-11     1.806115565701e-11      5.840693680068e-12   7.747102433335e-11   6.574184515149e-11   2.623423847806e-11    3.352675355790e-11     6.632652279106e-11     4.503390443572e-11     2.412960092137e-11      2.870337392692e-10     3.028315676715e-09     2.327666265989e-09     8.808808984726e-10      6.198054365523e-12   7.990343142476e-11   5.961607462492e-11   2.114385326049e-11    2.247802499427e-10     2.586506530775e-09     1.845643932012e-09     6.396872122686e-10      0.000000000000e+00           0.000000000000e+00         1.255836951306e-20            0.000000000000e+00          0.000000000000e+00          2.664206093860e-21          2.964492614548e-21            3.038447702246e-21          1.795574962114e-20            2.032876040413e-04        2.948594866948e-04        1.333450894957e-05        2.111323491700e-07         6.040784004682e-04        8.034357327448e-04        3.446654337201e-05        5.382329226752e-07         4.709236111647e-04        6.625085348384e-04        2.688218800488e-05        3.918709973015e-07         2.507563059300e-24        6.102697041747e-21        2.530403661047e-22        2.845900135446e-24         0.000000000000e+00          8.160119195808e-21          3.389387063616e-22          5.465128567359e-24           7.266361143467e-21        1.052183742576e-20        7.561547919689e-22        8.218969057573e-24         0.000000000000e+00          1.001615263661e-20          5.234958508436e-22          7.559769108611e-24           0.000000000000e+00          0.000000000000e+00          1.244038262844e-20          2.735410570245e-22           7.266692966646e-21         1.069026717459e-20         7.113947550316e-22         6.859403160032e-24          0.000000000000e+00           0.000000000000e+00           1.131292348190e-20           2.061480629357e-22            0.000000000000e+00      2.514349720719e-01    4.575744789453e-09       7.860535491481e-02     9.615175789927e-02     4.253618278591e-10     4.815986547338e-10       4.808075826930e-10     2.324474786395e-08       8.467591431649e-03   5.050792947355e-02   2.782880963354e-02   8.164076962313e-03    2.550340613281e-02   1.430507392982e-01   7.322822509132e-02   2.077270718325e-02    2.015320242978e-02   1.227626639693e-01   5.824751278110e-02   1.512094331483e-02    2.100788045037e-11   1.698340158842e-10   1.075819263975e-10   3.409248881323e-11    2.648425902863e-10     2.942611880993e-10     1.446569085537e-10     6.547524190692e-11      7.985499184929e-11   5.637184609519e-10   3.186589559244e-10   9.533235888040e-11    4.583836747398e-10     4.826254160160e-10     2.182849741382e-10     8.768433574319e-11      3.924375795983e-09     2.203556061437e-08     1.128248987158e-08     3.201025027439e-09      8.551248654229e-11   5.842234839601e-10   2.898939350104e-10   7.701916609992e-11    3.101218054027e-09     1.891155147846e-08     8.974777112468e-09     2.330141769654e-09      
1.541275902257e+03   2.568793170428e+01   7.668793170428e+02   7.600000000000e+02   5.217597783380e+02   1.703573511876e-01   4.422002782923e-03   -2.049342961494e+03  7.668793170428e+02   0.000000000000e+00      4.604569133921e-02    8.370072159535e-10       1.442543524323e-02     1.758178224804e-02     7.797522486876e-11     8.827199930439e-11       8.782152708394e-11     4.244761351423e-09       6.259910001390e-04   6.973338915306e-03   5.755506518511e-03   2.248949796955e-03    1.868706560554e-03   1.965706683521e-02   1.509716563940e-02   5.708601384813e-03    1.463458770840e-03   1.678910479640e-02   1.197098409696e-02   4.145550235390e-03    1.546964083302e-12   2.340382912366e-11   2.222533967069e-11   9.384709869656e-12    1.951096313893e-11     4.056256249685e-11     2.988411655956e-11     1.802514916710e-11      5.828079157437e-12   7.731623137576e-11   6.562405849190e-11   2.617981141120e-11    3.346898670616e-11     6.621318365186e-11     4.495259998158e-11     2.408193666842e-11      2.863599842640e-10     3.021795235743e-09     2.323173481734e-09     8.789397966846e-10      6.185039682463e-12   7.974810064033e-11   5.951303550242e-11   2.110046525863e-11    2.242589499617e-10     2.581045699053e-09     1.842186925618e-09     6.382896938106e-10      0.000000000000e+00           0.000000000000e+00         1.253697014346e-20            0.000000000000e+00          0.000000000000e+00          2.659755961742e-21          2.959198427295e-21            3.033350400068e-21          1.792795354876e-20            2.029637502241e-04        2.944716456866e-04        1.331799023054e-05        2.107787104742e-07         6.031429668349e-04        8.024364377169e-04        3.442580708930e-05        5.373491223814e-07         4.702086199606e-04        6.617240763487e-04        2.685267864496e-05        3.912454136310e-07         2.335836278819e-24        6.092267435032e-21        2.526583191032e-22        2.841166204584e-24         0.000000000000e+00          8.147681881695e-21          3.384209531649e-22          5.456535404843e-24           7.255077113136e-21        1.050512463056e-20        7.550376136521e-22        8.205371215675e-24         0.000000000000e+00          1.000111559356e-20          5.227155196408e-22          7.548012772308e-24           0.000000000000e+00          0.000000000000e+00          1.242106174090e-20          2.730539009528e-22           7.255477439793e-21         1.067349387951e-20         7.103866529835e-22         6.848202872513e-24          0.000000000000e+00           0.000000000000e+00           1.129560787192e-20           2.057844651773e-22            0.000000000000e+00      2.513471335218e-01    4.577149186506e-09       7.860213434306e-02     9.614545583370e-02     4.256391572470e-10     4.818456048786e-10       4.811153177706e-10     2.325420400056e-08       8.466605551741e-03   5.051133133768e-02   2.783755636734e-02   8.164590061930e-03    2.550151945426e-02   1.430679616638e-01   7.325340832170e-02   2.077415646299e-02    2.015228020128e-02   1.227825973209e-01   5.827087737880e-02   1.512228471224e-02    2.101643175155e-11   1.699305790933e-10   1.076682967565e-10   3.411101886265e-11    2.650680966951e-10     2.945167518605e-10     1.447704277062e-10     6.551680465148e-11      7.989237762597e-11   5.640737645684e-10   3.189257532751e-10   9.538512549722e-11    4.587990060628e-10     4.830695845099e-10     2.184647237654e-10     8.774160039791e-11      3.925475166307e-09     2.204602298961e-08     1.129036925904e-08     3.202382992545e-09      8.555766208978e-11   5.846233978858e-10   2.901550405080e-10   7.706354303701e-11    3.102174350770e-09     1.892132470320e-08     8.981558704128e-09     2.331174440286e-09      
1.541377256154e+03   2.568962093591e+01   7.668962093591e+02   7.600000000000e+02   5.217602532002e+02   1.699094858111e-01   4.415713053942e-03   -2.046017500302e+03  7.668962093591e+02   0.000000000000e+00      4.590856280236e-02    8.350623908232e-10       1.438690838821e-02     1.753439515478e-02     7.782085525190e-11     8.808500992437e-11       8.764661975484e-11     4.235320449681e-09       6.242722296642e-04   6.955467228409e-03   5.742172974290e-03   2.243176076935e-03    1.863654733012e-03   1.960772701015e-02   1.506263616111e-02   5.693985130858e-03    1.459543637881e-03   1.674766468449e-02   1.194428754248e-02   4.135014287499e-03    1.543524293975e-12   2.335554809690e-11   2.218468039416e-11   9.365115720734e-12    1.947621778721e-11     4.049101764660e-11     2.982891260431e-11     1.798915743669e-11      5.815475001288e-12   7.716148470306e-11   6.550625716000e-11   2.612541172135e-11    3.341120522771e-11     6.609981565788e-11     4.487129578383e-11     2.403429033520e-11      2.856869966667e-10     3.015278707293e-09     2.318681490650e-09     8.770001413167e-10      6.172034287102e-12   7.959279139515e-11   5.940996790983e-11   2.105709713873e-11    2.237382167542e-10     2.575587453533e-09     1.838730090348e-09     6.368931666872e-10      0.000000000000e+00           0.000000000000e+00         1.251556525944e-20            0.000000000000e+00          0.000000000000e+00          2.655304397553e-21          2.953904406889e-21            3.028251575810e-21          1.790013859170e-20            2.026397316317e-04        2.940831396676e-04        1.330143678640e-05        2.104248487837e-07         6.022069333559e-04        8.014351308417e-04        3.438497580964e-05        5.364646852015e-07         4.694931081440e-04        6.609377917927e-04        2.682308909845e-05        3.906192968885e-07         2.176000171588e-24        6.081834818637e-21        2.522759780386e-22        2.836430794429e-24         0.000000000000e+00          8.135235784367e-21          3.379028849303e-22          5.447938369835e-24           7.243785661538e-21        1.048840196327e-20        7.539194761108e-22        8.191768876411e-24         0.000000000000e+00          9.986066780431e-21          5.219346366772e-22          7.536250655652e-24           0.000000000000e+00          0.000000000000e+00          1.240172809695e-20          2.725667261485e-22           7.244254279617e-21         1.065670960710e-20         7.093775022690e-22         6.836998276824e-24          0.000000000000e+00           0.000000000000e+00           1.127827976211e-20           2.054208390118e-22            0.000000000000e+00      2.512593803067e-01    4.578555034904e-09       7.859891301474e-02     9.613915571119e-02     4.259166192962e-10     4.820927438567e-10       4.814232046981e-10     2.326366435479e-08       8.465622571347e-03   5.051472575117e-02   2.784629877640e-02   8.165102411180e-03    2.549964019448e-02   1.430851541139e-01   7.327858095121e-02   2.077560391241e-02    2.015136334987e-02   1.228024924886e-01   5.829423424319e-02   1.512362468242e-02    2.102499344411e-11   1.700271717778e-10   1.077547095608e-10   3.412955590670e-11    2.652937520261e-10     2.947724962091e-10     1.448840261425e-10     6.555839487287e-11      7.992980362688e-11   5.644291668425e-10   3.191926913170e-10   9.543791294884e-11    4.592146079550e-10     4.835140747200e-10     2.186446041199e-10     8.779890373646e-11      3.926576167427e-09     2.205648653735e-08     1.129825176089e-08     3.203741400742e-09      8.560288406439e-11   5.850233885926e-10   2.904162968564e-10   7.710793802448e-11    3.103131923555e-09     1.893109756890e-08     8.988343245160e-09     2.332207450133e-09      
1.541478610052e+03   2.569131016753e+01   7.669131016753e+02   7.600000000000e+02   5.217607306841e+02   1.694622582893e-01   4.409416179622e-03   -2.042690762670e+03  7.669131016753e+02   0.000000000000e+00      4.577170662398e-02    8.331196131318e-10       1.434843850547e-02     1.748708028755e-02     7.766653476995e-11     8.789814764328e-11       8.747177361296e-11     4.225887135109e-09       6.225563975264e-04   6.937618171662e-03   5.728850592936e-03   2.237409829570e-03    1.858611165112e-03   1.955844430265e-02   1.502813377729e-02   5.679387659113e-03    1.455634721659e-03   1.670626796441e-02   1.191760901789e-02   4.124491541066e-03    1.540087747280e-12   2.330728887898e-11   2.214401934751e-11   9.345531833402e-12    1.944146915666e-11     4.041946441023e-11     2.977371365003e-11     1.795318061193e-11      5.802881244886e-12   7.700678514952e-11   6.538844180601e-11   2.607103963391e-11    3.335340946768e-11     6.598641944685e-11     4.478999224061e-11     2.398666211811e-11      2.850147776266e-10     3.008766121441e-09     2.314190314884e-09     8.750619391421e-10      6.159038217547e-12   7.943750462117e-11   5.930687244170e-11   2.101374908559e-11    2.232180513086e-10     2.570131822534e-09     1.835273444124e-09     6.354976359271e-10      0.000000000000e+00           0.000000000000e+00         1.249415498609e-20            0.000000000000e+00          0.000000000000e+00          2.650851426487e-21          2.948610578088e-21            3.023151258074e-21          1.787230493243e-20            2.023155502387e-04        2.936939723478e-04        1.328484877078e-05        2.100707668067e-07         6.012703059784e-04        8.004318220095e-04        3.434404991561e-05        5.355796180391e-07         4.687770803628e-04        6.601496893682e-04        2.679341964659e-05        3.899926520980e-07         2.027223193322e-24        6.071399258158e-21        2.518933452758e-22        2.831693930628e-24         0.000000000000e+00          8.122780982661e-21          3.373845045427e-22          5.439337507411e-24           7.232486862348e-21        1.047166953488e-20        7.528003863654e-22        8.178162113740e-24         0.000000000000e+00          9.971006295355e-21          5.211532063799e-22          7.524482820729e-24           0.000000000000e+00          0.000000000000e+00          1.238238181877e-20          2.720795350225e-22           7.233023559547e-21         1.063991447106e-20         7.083673093979e-22         6.825789434896e-24          0.000000000000e+00           0.000000000000e+00           1.126093926268e-20           2.050571862682e-22            0.000000000000e+00      2.511717123005e-01    4.579962334361e-09       7.859569091066e-02     9.613285750631e-02     4.261942139687e-10     4.823400716293e-10       4.817312434409e-10     2.327312892093e-08       8.464642485699e-03   5.051811276118e-02   2.785503684773e-02   8.165614008005e-03    2.549776834176e-02   1.431023167736e-01   7.330374294383e-02   2.077704952649e-02    2.015045186743e-02   1.228223495879e-01   5.831758334119e-02   1.512496322193e-02    2.103356552730e-11   1.701237940797e-10   1.078411647671e-10   3.414809993588e-11    2.655195563862e-10     2.950284211880e-10     1.449977038528e-10     6.560001256556e-11      7.996726985582e-11   5.647846681846e-10   3.194597699279e-10   9.549072121091e-11    4.596304806107e-10     4.839588867347e-10     2.188246151928e-10     8.785624575252e-11      3.927678798433e-09     2.206695127245e-08     1.130613737142e-08     3.205100250940e-09      8.564815247775e-11   5.854234564731e-10   2.906777039419e-10   7.715235104411e-11    3.104090771803e-09     1.894087008793e-08     8.995130730725e-09     2.333240798443e-09      
1.541579963949e+03   2.569299939915e+01   7.669299939915e+02   7.600000000000e+02   5.217612107487e+02   1.690156693439e-01   4.403112207690e-03   -2.039362767042e+03  7.669299939915e+02   0.000000000000e+00      4.563512267764e-02    8.311788872656e-10       1.431002564866e-02     1.743983770240e-02     7.751226413503e-11     8.771141307434e-11       8.729698944730e-11     4.216461438474e-09       6.208435035935e-04   6.919791795110e-03   5.715539424167e-03   2.231651067282e-03    1.853575858302e-03   1.950921887392e-02   1.499365862175e-02   5.664809001453e-03    1.451732024130e-03   1.666491479630e-02   1.189094863496e-02   4.113982020377e-03    1.536654450946e-12   2.325905170844e-11   2.210335675015e-11   9.325958288041e-12    1.940671744026e-11     4.034790317002e-11     2.971851995938e-11     1.791721883876e-11      5.790297921422e-12   7.685213354763e-11   6.527061307995e-11   2.601669537388e-11    3.329559977098e-11     6.587299565633e-11     4.470868974985e-11     2.393905221333e-11      2.843433282890e-10     3.002257508176e-09     2.309699976562e-09     8.731251969184e-10      6.146051511836e-12   7.928224124864e-11   5.920374969250e-11   2.097042128371e-11    2.226984546103e-10     2.564678834303e-09     1.831817004853e-09     6.341031065483e-10      0.000000000000e+00           0.000000000000e+00         1.247273944840e-20            0.000000000000e+00          0.000000000000e+00          2.646397073735e-21          2.943316965638e-21            3.018049475453e-21          1.784445275343e-20            2.019912080196e-04        2.933041474400e-04        1.326822633758e-05        2.097164672506e-07         6.003330906507e-04        7.994265211217e-04        3.430302979063e-05        5.346939277969e-07         4.680605412663e-04        6.593597772861e-04        2.676367057145e-05        3.893654842839e-07         1.888732456439e-24        6.060960819137e-21        2.515104231818e-22        2.826955638831e-24         0.000000000000e+00          8.110317555438e-21          3.368658148893e-22          5.430732862666e-24           7.221180789256e-21        1.045492745632e-20        7.516803514426e-22        8.164551001624e-24         0.000000000000e+00          9.955934236498e-21          5.203712331795e-22          7.512709329658e-24           0.000000000000e+00          0.000000000000e+00          1.236302302854e-20          2.715923299848e-22           7.221785353035e-21         1.062310858510e-20         7.073560808877e-22         6.814576408674e-24          0.000000000000e+00           0.000000000000e+00           1.124358648392e-20           2.046935087747e-22            0.000000000000e+00      2.510841293774e-01    4.581371084586e-09       7.859246801170e-02     9.612656119369e-02     4.264719412260e-10     4.825875881567e-10       4.820394339635e-10     2.328259769322e-08       8.463665290026e-03   5.052149241477e-02   2.786377056835e-02   8.166124850345e-03    2.549590388440e-02   1.431194497681e-01   7.332889426354e-02   2.077849330024e-02    2.014954574585e-02   1.228421687343e-01   5.834092463969e-02   1.512630032732e-02    2.104214800030e-11   1.702204461409e-10   1.079276623322e-10   3.416665094061e-11    2.657455098813e-10     2.952845268389e-10     1.451114608267e-10     6.564165772386e-11      8.000477631639e-11   5.651402690039e-10   3.197269889846e-10   9.554355025881e-11    4.600466242233e-10     4.844040206410e-10     2.190047569747e-10     8.791362643961e-11      3.928783058409e-09     2.207741720974e-08     1.131402608490e-08     3.206459542043e-09      8.569346734129e-11   5.858236019195e-10   2.909392616495e-10   7.719678207748e-11    3.105050894929e-09     1.895064227267e-08     9.001921155961e-09     2.334274484456e-09      
1.541681317846e+03   2.569468863077e+01   7.669468863077e+02   7.600000000000e+02   5.217616933533e+02   1.685697196918e-01   4.396801185903e-03   -2.036033531816e+03  7.669468863077e+02   0.000000000000e+00      4.549881083589e-02    8.292402175974e-10       1.427166987104e-02     1.739266745491e-02     7.735804405850e-11     8.752480682992e-11       8.712226804598e-11     4.207043390475e-09       6.191335477226e-04   6.901988148497e-03   5.702239517570e-03   2.225899802433e-03    1.848548813992e-03   1.946005088429e-02   1.495921082795e-02   5.650249189590e-03    1.447835547220e-03   1.662360533957e-02   1.186430650520e-02   4.103485749603e-03    1.533224412687e-12   2.321083682325e-11   2.206269282139e-11   9.306395164914e-12    1.937196283086e-11     4.027633430816e-11     2.966333179490e-11     1.788127226301e-11      5.777725064025e-12   7.669753072823e-11   6.515277163168e-11   2.596237916594e-11    3.323777648241e-11     6.575954492386e-11     4.462738870944e-11     2.389146081686e-11      2.836726497956e-10     2.995752897408e-09     2.305210497795e-09     8.711899213895e-10      6.133074207949e-12   7.912700220625e-11   5.910060025680e-11   2.092711391734e-11    2.221794276416e-10     2.559228517021e-09     1.828360790439e-09     6.327095835587e-10      0.000000000000e+00           0.000000000000e+00         1.245131877134e-20            0.000000000000e+00          0.000000000000e+00          2.641941364493e-21          2.938023594276e-21            3.012946256544e-21          1.781658223718e-20            2.016667069479e-04        2.929136686589e-04        1.325156964103e-05        2.093619528221e-07         5.993952933200e-04        7.984192380898e-04        3.426191581900e-05        5.338076213768e-07         4.673434955036e-04        6.585680637683e-04        2.673384215588e-05        3.887377984706e-07         1.759809563828e-24        6.050519567068e-21        2.511272141256e-22        2.822215944693e-24         0.000000000000e+00          8.097845581601e-21          3.363468188596e-22          5.422124480734e-24           7.209867515933e-21        1.043817583853e-20        7.505593783769e-22        8.150935614048e-24         0.000000000000e+00          9.940850702078e-21          5.195887215117e-22          7.500930244611e-24           0.000000000000e+00          0.000000000000e+00          1.234365184851e-20          2.711051134450e-22           7.210539733510e-21         1.060629206290e-20         7.063438232652e-22         6.803359260121e-24          0.000000000000e+00           0.000000000000e+00           1.122622153618e-20           2.043298083592e-22            0.000000000000e+00      2.509966314119e-01    4.582781285290e-09       7.858924429876e-02     9.612026674797e-02     4.267498010295e-10     4.828352933997e-10       4.823477762305e-10     2.329207066590e-08       8.462690979556e-03   5.052486475889e-02   2.787249992527e-02   8.166634936140e-03    2.549404681070e-02   1.431365532220e-01   7.335403487434e-02   2.077993522864e-02    2.014864497698e-02   1.228619500434e-01   5.836425810560e-02   1.512763599514e-02    2.105074086232e-11   1.703171281031e-10   1.080142022127e-10   3.418520891132e-11    2.659716126175e-10     2.955408132038e-10     1.452252970539e-10     6.568333034211e-11      8.004232301218e-11   5.654959697104e-10   3.199943483636e-10   9.559640006792e-11    4.604630389870e-10     4.848494765262e-10     2.191850294562e-10     8.797104579121e-11      3.929888946437e-09     2.208788436405e-08     1.132191789557e-08     3.207819272956e-09      8.573882866648e-11   5.862238253256e-10   2.912009698643e-10   7.724123110617e-11    3.106012292349e-09     1.896041413550e-08     9.008714515996e-09     2.335308507412e-09      
1.541782671744e+03   2.569637786239e+01   7.669637786239e+02   7.600000000000e+02   5.217621784571e+02   1.681244100451e-01   4.390483162055e-03   -2.032703075345e+03  7.669637786239e+02   0.000000000000e+00      4.536277097029e-02    8.273036084896e-10       1.423337122547e-02     1.734556960018e-02     7.720387525096e-11     8.733832952162e-11       8.694761019622e-11     4.197633021751e-09       6.174265297593e-04   6.884207281267e-03   5.688950922602e-03   2.220156047321e-03    1.843530033559e-03   1.941094049331e-02   1.492479052905e-02   5.635708255080e-03    1.443945292826e-03   1.658233975290e-02   1.183768273991e-02   4.093002752800e-03    1.529797640202e-12   2.316264446084e-11   2.202202778047e-11   9.286842544173e-12    1.933720552122e-11     4.020475820678e-11     2.960814941909e-11     1.784534103038e-11      5.765162705770e-12   7.654297752052e-11   6.503491811097e-11   2.590809123446e-11    3.317993994663e-11     6.564606788696e-11     4.454608951722e-11     2.384388812457e-11      2.830027432847e-10     2.989252318968e-09     2.300721900682e-09     8.692561192868e-10      6.120106343817e-12   7.897178842117e-11   5.899742472918e-11   2.088382717049e-11    2.216609713823e-10     2.553780898802e-09     1.824904818774e-09     6.313170719574e-10      0.000000000000e+00           0.000000000000e+00         1.242989307986e-20            0.000000000000e+00          0.000000000000e+00          2.637484323957e-21          2.932730488742e-21            3.007841629943e-21          1.778869356631e-20            2.013420489971e-04        2.925225397227e-04        1.323487883564e-05        2.090072262273e-07         5.984569199344e-04        7.974099828387e-04        3.422070838593e-05        5.329207056798e-07         4.666259477256e-04        6.577745570515e-04        2.670393468359e-05        3.881095996830e-07         1.639786739760e-24        6.040075567408e-21        2.507437204786e-22        2.817474873880e-24         0.000000000000e+00          8.085365140096e-21          3.358275193465e-22          5.413512406787e-24           7.198547116117e-21        1.042141479246e-20        7.494374742103e-22        8.137316025025e-24         0.000000000000e+00          9.925755790381e-21          5.188056758173e-22          7.489145627820e-24           0.000000000000e+00          0.000000000000e+00          1.232426840101e-20          2.706178878125e-22           7.199286774478e-21         1.058946501819e-20         7.053305430660e-22         6.792138051228e-24          0.000000000000e+00           0.000000000000e+00           1.120884452988e-20           2.039660868499e-22            0.000000000000e+00      2.509092182784e-01    4.584192936199e-09       7.858601975277e-02     9.611397414386e-02     4.270277933411e-10     4.830831873204e-10       4.826562702068e-10     2.330154783326e-08       8.461719549518e-03   5.052822984041e-02   2.788122490550e-02   8.167144263329e-03    2.549219710894e-02   1.431536272601e-01   7.337916474018e-02   2.078137530669e-02    2.014774955272e-02   1.228816936306e-01   5.838758370581e-02   1.512897022194e-02    2.105934411258e-11   1.704138401083e-10   1.081007843650e-10   3.420377383844e-11    2.661978647014e-10     2.957972803247e-10     1.453392125242e-10     6.572503041477e-11      8.007990994692e-11   5.658517707149e-10   3.202618479411e-10   9.564927061371e-11    4.608797250962e-10     4.852952544778e-10     2.193654326279e-10     8.802850380101e-11      3.930996461607e-09     2.209835275023e-08     1.132981279770e-08     3.209179442586e-09      8.578423646490e-11   5.866241270866e-10   2.914628284707e-10   7.728569811179e-11    3.106974963484e-09     1.897018568885e-08     9.015510805957e-09     2.336342866554e-09      
1.541884025641e+03   2.569806709402e+01   7.669806709402e+02   7.600000000000e+02   5.217626660193e+02   1.676797411111e-01   4.384158183984e-03   -2.029371416086e+03  7.669806709402e+02   0.000000000000e+00      4.522700295142e-02    8.253690642842e-10       1.419512976441e-02     1.729854419284e-02     7.704975842217e-11     8.715198175950e-11       8.677301668425e-11     4.188230362859e-09       6.157224495379e-04   6.866449242558e-03   5.675673688588e-03   2.214419814181e-03    1.838519518340e-03   1.936188785965e-02   1.489039785784e-02   5.621186229318e-03    1.440061262816e-03   1.654111819424e-02   1.181107745015e-02   4.082533053906e-03    1.526374141165e-12   2.311447485798e-11   2.198136184657e-11   9.267300505828e-12    1.930244570393e-11     4.013317524782e-11     2.955297309426e-11     1.780942528633e-11      5.752610879647e-12   7.638847475196e-11   6.491705316749e-11   2.585383180344e-11    3.312209050811e-11     6.553256518304e-11     4.446479257084e-11     2.379633433202e-11      2.823336098898e-10     2.982755802597e-09     2.296234207303e-09     8.673237973257e-10      6.107147957286e-12   7.881660081888e-11   5.889422370437e-11   2.084056122687e-11    2.211430868086e-10     2.548336007686e-09     1.821449107746e-09     6.299255767320e-10      0.000000000000e+00           0.000000000000e+00         1.240846249874e-20            0.000000000000e+00          0.000000000000e+00          2.633025977322e-21          2.927437673746e-21            3.002735624248e-21          1.776078692339e-20            2.010172361446e-04        2.921307643510e-04        1.321815407622e-05        2.086522901715e-07         5.975179764525e-04        7.963987653008e-04        3.417940787744e-05        5.320331876055e-07         4.659079025906e-04        6.569792653803e-04        2.667394843900e-05        3.874808929461e-07         1.528043236372e-24        6.029628885550e-21        2.503599446147e-22        2.812732452058e-24         0.000000000000e+00          8.072876309894e-21          3.353079192444e-22          5.404896686004e-24           7.187219663509e-21        1.040464442902e-20        7.483146459935e-22        8.123692308569e-24         0.000000000000e+00          9.910649599726e-21          5.180221005407e-22          7.477355541532e-24           0.000000000000e+00          0.000000000000e+00          1.230487280841e-20          2.701306554956e-22           7.188026549407e-21         1.057262756469e-20         7.043162468363e-22         6.780912843993e-24          0.000000000000e+00           0.000000000000e+00           1.119145557551e-20           2.036023460739e-22            0.000000000000e+00      2.508218898519e-01    4.585606037007e-09       7.858279435470e-02     9.610768335606e-02     4.273059181224e-10     4.833312698774e-10       4.829649158569e-10     2.331102918950e-08       8.460750995135e-03   5.053158770605e-02   2.788994549605e-02   8.167652829853e-03    2.549035476742e-02   1.431706720069e-01   7.340428382502e-02   2.078281352936e-02    2.014685946493e-02   1.229013996114e-01   5.841090140720e-02   1.513030300426e-02    2.106795775019e-11   1.705105822982e-10   1.081874087456e-10   3.422234571235e-11    2.664242662388e-10     2.960539282431e-10     1.454532072268e-10     6.576675793600e-11      8.011753712395e-11   5.662076724277e-10   3.205294875935e-10   9.570216187139e-11    4.612966827454e-10     4.857413545826e-10     2.195459664799e-10     8.808600046224e-11      3.932105602991e-09     2.210882238313e-08     1.133771078552e-08     3.210540049832e-09      8.582969074781e-11   5.870245075982e-10   2.917248373536e-10   7.733018307580e-11    3.107938907744e-09     1.897995694517e-08     9.022310020965e-09     2.337377561119e-09      
1.541985379538e+03   2.569975632564e+01   7.669975632564e+02   7.600000000000e+02   5.217631559993e+02   1.672357135921e-01   4.377826299542e-03   -2.026038572451e+03  7.669975632564e+02   0.000000000000e+00      4.509150664883e-02    8.234365893158e-10       1.415694553993e-02     1.725159128704e-02     7.689569428105e-11     8.696576415317e-11       8.659848829531e-11     4.178835444301e-09       6.140213068816e-04   6.848714081211e-03   5.662407864719e-03   2.208691115187e-03    1.833517269637e-03   1.931289314118e-02   1.485603294682e-02   5.606683143541e-03    1.436183459028e-03   1.649994082082e-02   1.178449074673e-02   4.072076676745e-03    1.522953923236e-12   2.306632825093e-11   2.194069523876e-11   9.247769129776e-12    1.926768357147e-11     4.006158581315e-11     2.949780308267e-11     1.777352517623e-11      5.740069618597e-12   7.623402324830e-11   6.479917745064e-11   2.579960109654e-11    3.306422851117e-11     6.541903744945e-11     4.438349826790e-11     2.374879963467e-11      2.816652507416e-10     2.976263377960e-09     2.291747439721e-09     8.653929622084e-10      6.094199086160e-12   7.866144032325e-11   5.879099777696e-11   2.079731626996e-11    2.206257748943e-10     2.542893871647e-09     1.817993675230e-09     6.285351028607e-10      0.000000000000e+00           0.000000000000e+00         1.238702715282e-20            0.000000000000e+00          0.000000000000e+00          2.628566349787e-21          2.922145174008e-21            2.997628268050e-21          1.773286249108e-20            2.006922703627e-04        2.917383462663e-04        1.320139551786e-05        2.082971473591e-07         5.965784688221e-04        7.953855954213e-04        3.413801468042e-05        5.311450740527e-07         4.651893647507e-04        6.561821970143e-04        2.664388370738e-05        3.868516832849e-07         1.424001997286e-24        6.019179586848e-21        2.499758889093e-22        2.807988704900e-24         0.000000000000e+00          8.060379170004e-21          3.347880214507e-22          5.396277363615e-24           7.175885231847e-21        1.038786485913e-20        7.471909007825e-22        8.110064538719e-24         0.000000000000e+00          9.895532228487e-21          5.172380001314e-22          7.465560048065e-24           0.000000000000e+00          0.000000000000e+00          1.228546519312e-20          2.696434189023e-22           7.176759131808e-21         1.055577981611e-20         7.033009411287e-22         6.769683700439e-24          0.000000000000e+00           0.000000000000e+00           1.117405478360e-20           2.032385878585e-22            0.000000000000e+00      2.507346460074e-01    4.587020587439e-09       7.857956808558e-02     9.610139435933e-02     4.275841753349e-10     4.835795410325e-10       4.832737131453e-10     2.332051472889e-08       8.459785311634e-03   5.053493840249e-02   2.789866168393e-02   8.168160633649e-03    2.548851977442e-02   1.431876875866e-01   7.342939209283e-02   2.078424989166e-02    2.014597470549e-02   1.229210681013e-01   5.843421117664e-02   1.513163433866e-02    2.107658177432e-11   1.706073548144e-10   1.082740753107e-10   3.424092452344e-11    2.666508173359e-10     2.963107570003e-10     1.455672811512e-10     6.580851290018e-11      8.015520454684e-11   5.665636752597e-10   3.207972671961e-10   9.575507381624e-11    4.617139121293e-10     4.861877769272e-10     2.197266310022e-10     8.814353576844e-11      3.933216369674e-09     2.211929327756e-08     1.134561185327e-08     3.211901093595e-09      8.587519152669e-11   5.874249672573e-10   2.919869963965e-10   7.737468597964e-11    3.108904124547e-09     1.898972791692e-08     9.029112156120e-09     2.338412590343e-09      
1.542086733436e+03   2.570144555726e+01   7.670144555726e+02   7.600000000000e+02   5.217636483564e+02   1.667923281856e-01   4.371487556617e-03   -2.022704562801e+03  7.670144555726e+02   0.000000000000e+00      4.495628193109e-02    8.215061879035e-10       1.411881860370e-02     1.720471093646e-02     7.674168353567e-11     8.677967731109e-11       8.642402581369e-11     4.169448296505e-09       6.123231016024e-04   6.831001845761e-03   5.649153500055e-03   2.202969962448e-03    1.828523288718e-03   1.926395649493e-02   1.482169592813e-02   5.592199028826e-03    1.432311883271e-03   1.645880778912e-02   1.175792274022e-02   4.061633645027e-03    1.519536994058e-12   2.301820487533e-11   2.190002817601e-11   9.228248495785e-12    1.923291931619e-11     3.998999028448e-11     2.944263964643e-11     1.773764084531e-11      5.727538955491e-12   7.607962383361e-11   6.468129160969e-11   2.574539933709e-11    3.300635429997e-11     6.530548532342e-11     4.430220700588e-11     2.370128422775e-11      2.809976669666e-10     2.969775074637e-09     2.287261619983e-09     8.634636206229e-10      6.081259768175e-12   7.850630785655e-11   5.868774754160e-11   2.075409248294e-11    2.201090366101e-10     2.537454518590e-09     1.814538539096e-09     6.271456553115e-10      0.000000000000e+00           0.000000000000e+00         1.236558716683e-20            0.000000000000e+00          0.000000000000e+00          2.624105466546e-21          2.916853014231e-21            2.992519589943e-21          1.770492045206e-20            2.003671536256e-04        2.913452891930e-04        1.318460331596e-05        2.079418004936e-07         5.956384029957e-04        7.943704831545e-04        3.409652918261e-05        5.302563719185e-07         4.644703388617e-04        6.553833602236e-04        2.661374077476e-05        3.862219757241e-07         1.327126558511e-24        6.008727736602e-21        2.495915557402e-22        2.803243658082e-24         0.000000000000e+00          8.047873799469e-21          3.342678288652e-22          5.387654484873e-24           7.164543894875e-21        1.037107619371e-20        7.460662456414e-22        8.096432789527e-24         0.000000000000e+00          9.880403775083e-21          5.164533790433e-22          7.453759209773e-24           0.000000000000e+00          0.000000000000e+00          1.226604567760e-20          2.691561804403e-22           7.165484595197e-21         1.053892188617e-20         7.022846325054e-22         6.758450682600e-24          0.000000000000e+00           0.000000000000e+00           1.115664226478e-20           2.028748140304e-22            0.000000000000e+00      2.506474866200e-01    4.588436587213e-09       7.857634092643e-02     9.609510712845e-02     4.278625649401e-10     4.838280007466e-10       4.835826620363e-10     2.333000444568e-08       8.458822494238e-03   5.053828197625e-02   2.790737345613e-02   8.168667672656e-03    2.548669211823e-02   1.432046741236e-01   7.345448950754e-02   2.078568438856e-02    2.014509526628e-02   1.229406992160e-01   5.845751298100e-02   1.513296422166e-02    2.108521618411e-11   1.707041577986e-10   1.083607840166e-10   3.425951026204e-11    2.668775180987e-10     2.965677666378e-10     1.456814342869e-10     6.585029530162e-11      8.019291221906e-11   5.669197796217e-10   3.210651866241e-10   9.580800642344e-11    4.621314134426e-10     4.866345215983e-10     2.199074261849e-10     8.820110971302e-11      3.934328760734e-09     2.212976544838e-08     1.135351599516e-08     3.213262572776e-09      8.592073881295e-11   5.878255064617e-10   2.922493054831e-10   7.741920680472e-11    3.109870613309e-09     1.899949861659e-08     9.035917206518e-09     2.339447953465e-09      
1.542188087333e+03   2.570313478888e+01   7.670313478888e+02   7.600000000000e+02   5.217641430499e+02   1.663495855845e-01   4.365142003132e-03   -2.019369405606e+03  7.670313478888e+02   0.000000000000e+00      4.482132866577e-02    8.195778643531e-10       1.408074900700e-02     1.715790319429e-02     7.658772689335e-11     8.659372184077e-11       8.624963002274e-11     4.160068949834e-09       6.106278335008e-04   6.813312584446e-03   5.635910643524e-03   2.197256368012e-03    1.823537576811e-03   1.921507807709e-02   1.478738693357e-02   5.577733916092e-03    1.428446537327e-03   1.641771925493e-02   1.173137354094e-02   4.051203982341e-03    1.516123361255e-12   2.297010496625e-11   2.185936087723e-11   9.208738683501e-12    1.919815313030e-11     3.991838904344e-11     2.938748304757e-11     1.770177243860e-11      5.715018923139e-12   7.592527733026e-11   6.456339629377e-11   2.569122674807e-11    3.294846821849e-11     6.519190944216e-11     4.422091918215e-11     2.365378830632e-11      2.803308596877e-10     2.963290922125e-09     2.282776770121e-09     8.615357792433e-10      6.068330041011e-12   7.835120433943e-11   5.858447359301e-11   2.071089004876e-11    2.195928729238e-10     2.532017976350e-09     1.811083717201e-09     6.257572390425e-10      0.000000000000e+00           0.000000000000e+00         1.234414266546e-20            0.000000000000e+00          0.000000000000e+00          2.619643352798e-21          2.911561219113e-21            2.987409618520e-21          1.767696098907e-20            2.000418879072e-04        2.909515968583e-04        1.316777762619e-05        2.075862522778e-07         5.946977849272e-04        7.933534384661e-04        3.405495177263e-05        5.293670880992e-07         4.637508295810e-04        6.545827632900e-04        2.658351992795e-05        3.855917752889e-07         1.236918170725e-24        5.998273400066e-21        2.492069474874e-22        2.798497337290e-24         0.000000000000e+00          8.035360277369e-21          3.337473443903e-22          5.379028095062e-24           7.153195726348e-21        1.035427854365e-20        7.449406876417e-22        8.082797135062e-24         0.000000000000e+00          9.865264337985e-21          5.156682417348e-22          7.441953089060e-24           0.000000000000e+00          0.000000000000e+00          1.224661438438e-20          2.686689425163e-22           7.154203013111e-21         1.052205388859e-20         7.012673275378e-22         6.747213852535e-24          0.000000000000e+00           0.000000000000e+00           1.113921812969e-20           2.025110264161e-22            0.000000000000e+00      2.505604115653e-01    4.589854036050e-09       7.857311285835e-02     9.608882163825e-02     4.281410868997e-10     4.840766489809e-10       4.838917624944e-10     2.333949833411e-08       8.457862538169e-03   5.054161847378e-02   2.791608079967e-02   8.169173944815e-03    2.548487178714e-02   1.432216317417e-01   7.347957603311e-02   2.078711701505e-02    2.014422113919e-02   1.229602930709e-01   5.848080678714e-02   1.513429264981e-02    2.109386097871e-11   1.708009913925e-10   1.084475348192e-10   3.427810291854e-11    2.671043686335e-10     2.968249571967e-10     1.457956666230e-10     6.589210513465e-11      8.023066014407e-11   5.672759859256e-10   3.213332457526e-10   9.586095966820e-11    4.625491868806e-10     4.870815886824e-10     2.200883520177e-10     8.825872228943e-11      3.935442775252e-09     2.214023891043e-08     1.136142320540e-08     3.214624486273e-09      8.596633261799e-11   5.882261256105e-10   2.925117644966e-10   7.746374553242e-11    3.110838373445e-09     1.900926905670e-08     9.042725167249e-09     2.340483649719e-09      
1.542289441230e+03   2.570482402051e+01   7.670482402051e+02   7.600000000000e+02   5.217646400393e+02   1.659074864764e-01   4.358789687038e-03   -2.016033119289e+03  7.670482402051e+02   0.000000000000e+00      4.468664671945e-02    8.176516229570e-10       1.404273680070e-02     1.711116811327e-02     7.643382506053e-11     8.640789834875e-11       8.607530170484e-11     4.150697434582e-09       6.089355023664e-04   6.795646345200e-03   5.622679343918e-03   2.191550343862e-03    1.818560135109e-03   1.916625804303e-02   1.475310609463e-02   5.563287836097e-03    1.424587422945e-03   1.637667537326e-02   1.170484325900e-02   4.040787712165e-03    1.512713032433e-12   2.292202875820e-11   2.181869356124e-11   9.189239772447e-12    1.916338520589e-11     3.984678247150e-11     2.933233354799e-11     1.766592010100e-11      5.702509554287e-12   7.577098455894e-11   6.444549215184e-11   2.563708355213e-11    3.289057061059e-11     6.507831044278e-11     4.413963519399e-11     2.360631206524e-11      2.796648300240e-10     2.956810949843e-09     2.278292912148e-09     8.596094447296e-10      6.055409942284e-12   7.819613069091e-11   5.848117652589e-11   2.066770915007e-11    2.190772848003e-10     2.526584272692e-09     1.807629227397e-09     6.243698590015e-10      0.000000000000e+00           0.000000000000e+00         1.232269377334e-20            0.000000000000e+00          0.000000000000e+00          2.615180033741e-21          2.906269813343e-21            2.982298382371e-21          1.764898428486e-20            1.997164751815e-04        2.905572729910e-04        1.315091860450e-05        2.072305054136e-07         5.937566205710e-04        7.923344713305e-04        3.401328283987e-05        5.284772294892e-07         4.630308415673e-04        6.537804145068e-04        2.655322145454e-05        3.849610870037e-07         1.152913126640e-24        5.987816642442e-21        2.488220665330e-22        2.793749768210e-24         0.000000000000e+00          8.022838682815e-21          3.332265709307e-22          5.370398239497e-24           7.141840800030e-21        1.033747201984e-20        7.438142338621e-22        8.069157649411e-24         0.000000000000e+00          9.850114015710e-21          5.148825926690e-22          7.430141748371e-24           0.000000000000e+00          0.000000000000e+00          1.222717143603e-20          2.681817075369e-22           7.142914459092e-21         1.050517593709e-20         7.002490328055e-22         6.735973272316e-24          0.000000000000e+00           0.000000000000e+00           1.112178248909e-20           2.021472268417e-22            0.000000000000e+00      2.504734207190e-01    4.591272933673e-09       7.856988386246e-02     9.608253786358e-02     4.284197411755e-10     4.843254856966e-10       4.842010144841e-10     2.334899638845e-08       8.456905438651e-03   5.054494794140e-02   2.792478370154e-02   8.169679448063e-03    2.548305876942e-02   1.432385605648e-01   7.350465163345e-02   2.078854776611e-02    2.014335231610e-02   1.229798497817e-01   5.850409256191e-02   1.513561961964e-02    2.110251615724e-11   1.708978557378e-10   1.085343276746e-10   3.429670248327e-11    2.673313690465e-10     2.970823287182e-10     1.459099781489e-10     6.593394239359e-11      8.026844832532e-11   5.676322945831e-10   3.216014444563e-10   9.591393352567e-11    4.629672326390e-10     4.875289782660e-10     2.202694084905e-10     8.831637349108e-11      3.936558412308e-09     2.215071367856e-08     1.136933347821e-08     3.215986832987e-09      8.601197295325e-11   5.886268251042e-10   2.927743733202e-10   7.750830214411e-11    3.111807404373e-09     1.901903924980e-08     9.049536033397e-09     2.341519678343e-09      
1.542390795128e+03   2.570651325213e+01   7.670651325213e+02   7.600000000000e+02   5.217651392840e+02   1.654660315444e-01   4.352430656307e-03   -2.012695722216e+03  7.670651325213e+02   0.000000000000e+00      4.455223595770e-02    8.157274679936e-10       1.400478203529e-02     1.706450574563e-02     7.627997874263e-11     8.622220744053e-11       8.590104164115e-11     4.141333780966e-09       6.072461079775e-04   6.778003175657e-03   5.609459649898e-03   2.185851901919e-03    1.813590964771e-03   1.911749654727e-02   1.471885354245e-02   5.548860819439e-03    1.420734541848e-03   1.633567629842e-02   1.167833200423e-02   4.030384857858e-03    1.509306015178e-12   2.287397648501e-11   2.177802644669e-11   9.169751841995e-12    1.912861573487e-11     3.977517094993e-11     2.927719140942e-11     1.763008397725e-11      5.690010881606e-12   7.561674633840e-11   6.432757983246e-11   2.558296997149e-11    3.283266181982e-11     6.496468896213e-11     4.405835543847e-11     2.355885569912e-11      2.789995790906e-10     2.950335187115e-09     2.273810068055e-09     8.576846237255e-10      6.042499509540e-12   7.804108782818e-11   5.837785693473e-11   2.062454996923e-11    2.185622732013e-10     2.521153435306e-09     1.804175087519e-09     6.229835201248e-10      0.000000000000e+00           0.000000000000e+00         1.230124061504e-20            0.000000000000e+00          0.000000000000e+00          2.610715534564e-21          2.900978821596e-21            2.977185910077e-21          1.762099052222e-20            1.993909174204e-04        2.901623213225e-04        1.313402640715e-05        2.068745626019e-07         5.928149158781e-04        7.913135917342e-04        3.397152277462e-05        5.275868029815e-07         4.623103794775e-04        6.529763221791e-04        2.652284564291e-05        3.843299158935e-07         1.074680278890e-24        5.977357528868e-21        2.484369152601e-22        2.789000976528e-24         0.000000000000e+00          8.010309094932e-21          3.327055113929e-22          5.361764963512e-24           7.130479189689e-21        1.032065673312e-20        7.426868913858e-22        8.055514406653e-24         0.000000000000e+00          9.834952906798e-21          5.140964363119e-22          7.418325250187e-24           0.000000000000e+00          0.000000000000e+00          1.220771695514e-20          2.676944779071e-22           7.131619006694e-21         1.048828814537e-20         6.992297548944e-22         6.724729004014e-24          0.000000000000e+00           0.000000000000e+00           1.110433545371e-20           2.017834171326e-22            0.000000000000e+00      2.503865139568e-01    4.592693279808e-09       7.856665391991e-02     9.607625577934e-02     4.286985277282e-10     4.845745108549e-10       4.845104179687e-10     2.335849860292e-08       8.455951190905e-03   5.054827042536e-02   2.793348214874e-02   8.170184180339e-03    2.548125305336e-02   1.432554607165e-01   7.352971627251e-02   2.078997663671e-02    2.014248878889e-02   1.229993694639e-01   5.852737027216e-02   1.513694512769e-02    2.111118171878e-11   1.709947509757e-10   1.086211625384e-10   3.431530894649e-11    2.675585194431e-10     2.973398812427e-10     1.460243688534e-10     6.597580707268e-11      8.030627676611e-11   5.679887060050e-10   3.218697826088e-10   9.596692797074e-11    4.633855509124e-10     4.879766904343e-10     2.204505955924e-10     8.837406331126e-11      3.937675670974e-09     2.216118976756e-08     1.137724680774e-08     3.217349611808e-09      8.605765983001e-11   5.890276053424e-10   2.930371318356e-10   7.755287662092e-11    3.112777705506e-09     1.902880920841e-08     9.056349800009e-09     2.342556038566e-09      
1.542492149025e+03   2.570820248375e+01   7.670820248375e+02   7.600000000000e+02   5.217656407434e+02   1.650252214665e-01   4.346064958959e-03   -2.009357232871e+03  7.670820248375e+02   0.000000000000e+00      4.441809624513e-02    8.138054037245e-10       1.396688476087e-02     1.701791614314e-02     7.612618864448e-11     8.603664972032e-11       8.572685061212e-11     4.131978019141e-09       6.055596501011e-04   6.760383123150e-03   5.596251609987e-03   2.180161054042e-03    1.808630066916e-03   1.906879374353e-02   1.468462940783e-02   5.534452896556e-03    1.416887895728e-03   1.629472218399e-02   1.165183988624e-02   4.019995442662e-03    1.505902317058e-12   2.282594838001e-11   2.173735975224e-11   9.150274971412e-12    1.909384490904e-11     3.970355485995e-11     2.922205689351e-11     1.759426421187e-11      5.677522937700e-12   7.546256348589e-11   6.420965998434e-11   2.552888622811e-11    3.277474218969e-11     6.485104563714e-11     4.397708031259e-11     2.351141940238e-11      2.783351079985e-10     2.943863663193e-09     2.269328259826e-09     8.557613228621e-10      6.029598780265e-12   7.788607666700e-11   5.827451541438e-11   2.058141268835e-11    2.180478390854e-10     2.515725491820e-09     1.800721315403e-09     6.215982273399e-10      0.000000000000e+00           0.000000000000e+00         1.227978331502e-20            0.000000000000e+00          0.000000000000e+00          2.606249880466e-21          2.895688268532e-21            2.972072230227e-21          1.759297988392e-20            1.990652166005e-04        2.897667455856e-04        1.311710119065e-05        2.065184265425e-07         5.918726768112e-04        7.902908096699e-04        3.392967196794e-05        5.266958154679e-07         4.615894479769e-04        6.521704946208e-04        2.649239278216e-05        3.836982669823e-07         1.001818734929e-24        5.966896124442e-21        2.480514960555e-22        2.784250987940e-24         0.000000000000e+00          7.997771592894e-21          3.321841686861e-22          5.353128312466e-24           7.119110969089e-21        1.030383279435e-20        7.415586673069e-22        8.041867480900e-24         0.000000000000e+00          9.819781109855e-21          5.133097771350e-22          7.406503657026e-24           0.000000000000e+00          0.000000000000e+00          1.218825106437e-20          2.672072560319e-22           7.120316729469e-21         1.047139062714e-20         6.982095004030e-22         6.713481109734e-24          0.000000000000e+00           0.000000000000e+00           1.108687713444e-20           2.014195991139e-22            0.000000000000e+00      2.502996911550e-01    4.594115074161e-09       7.856342301191e-02     9.606997536045e-02     4.289774465201e-10     4.848237244154e-10       4.848199729130e-10     2.336800497175e-08       8.454999790152e-03   5.055158597177e-02   2.794217612827e-02   8.170688139582e-03    2.547945462725e-02   1.432723323204e-01   7.355476991421e-02   2.079140362185e-02    2.014163054946e-02   1.230188522330e-01   5.855063988472e-02   1.513826917048e-02    2.111985766241e-11   1.710916772478e-10   1.087080393665e-10   3.433392229852e-11    2.677858199295e-10     2.975976148110e-10     1.461388387255e-10     6.601769916611e-11      8.034414546972e-11   5.683452206041e-10   3.221382600847e-10   9.601994297850e-11    4.638041418970e-10     4.884247252737e-10     2.206319133127e-10     8.843179174320e-11      3.938794550326e-09     2.217166719229e-08     1.138516318821e-08     3.218712821633e-09      8.610339325956e-11   5.894284667279e-10   2.933000399257e-10   7.759746894414e-11    3.113749276257e-09     1.903857894514e-08     9.063166462168e-09     2.343592729620e-09      
1.542593502922e+03   2.570989171537e+01   7.670989171537e+02   7.600000000000e+02   5.217661443770e+02   1.645850569160e-01   4.339692643028e-03   -2.006017669681e+03  7.670989171537e+02   0.000000000000e+00      4.428422744531e-02    8.118854344025e-10       1.392904502710e-02     1.697139935710e-02     7.597245546991e-11     8.585122579181e-11       8.555272939710e-11     4.122630179192e-09       6.038761284932e-04   6.742786234712e-03   5.583055272576e-03   2.174477812025e-03    1.803677442630e-03   1.902014978466e-02   1.465043382123e-02   5.520064097727e-03    1.413047486248e-03   1.625381318280e-02   1.162536701438e-02   4.009619489705e-03    1.502501945625e-12   2.277794467592e-11   2.169669369639e-11   9.130809239835e-12    1.905907292008e-11     3.963193458262e-11     2.916693026179e-11     1.755846094929e-11      5.665045755123e-12   7.530843681687e-11   6.409173325578e-11   2.547483254357e-11    3.271681206347e-11     6.473738110456e-11     4.389581021326e-11     2.346400336928e-11      2.776714178557e-10     2.937396407243e-09     2.264847509419e-09     8.538395487563e-10      6.016707791891e-12   7.773109812140e-11   5.817115255942e-11   2.053829748930e-11    2.175339834090e-10     2.510300469787e-09     1.797267928867e-09     6.202139855636e-10      0.000000000000e+00           0.000000000000e+00         1.225832199774e-20            0.000000000000e+00          0.000000000000e+00          2.601783096641e-21          2.890398178813e-21            2.966957371403e-21          1.756495255286e-20            1.987393746939e-04        2.893705495160e-04        1.310014311180e-05        2.061620999344e-07         5.909299093235e-04        7.892661351428e-04        3.388773081176e-05        5.258042738378e-07         4.608680517258e-04        6.513629401592e-04        2.646186316218e-05        3.830661452942e-07         9.339557162223e-25        5.956432494210e-21        2.476658113068e-22        2.779499828145e-24         0.000000000000e+00          7.985226255902e-21          3.316625457223e-22          5.344488331761e-24           7.107736212028e-21        1.028700031438e-20        7.404295687242e-22        8.028216946272e-24         0.000000000000e+00          9.804598723526e-21          5.125226196142e-22          7.394677031469e-24           0.000000000000e+00          0.000000000000e+00          1.216877388644e-20          2.667200443158e-22           7.109007701006e-21         1.045448349611e-20         6.971882759355e-22         6.702229651590e-24          0.000000000000e+00           0.000000000000e+00           1.106940764216e-20           2.010557746106e-22            0.000000000000e+00      2.502129521897e-01    4.595538316470e-09       7.856019111968e-02     9.606369658187e-02     4.292564975126e-10     4.850731263405e-10       4.851296792811e-10     2.337751548923e-08       8.454051231615e-03   5.055489462666e-02   2.795086562712e-02   8.171191323732e-03    2.547766347937e-02   1.432891754997e-01   7.357981252247e-02   2.079282871649e-02    2.014077758971e-02   1.230382982047e-01   5.857390136643e-02   1.513959174455e-02    2.112854398723e-11   1.711886346957e-10   1.087949581147e-10   3.435254252967e-11    2.680132706119e-10     2.978555294639e-10     1.462533877544e-10     6.605961866825e-11      8.038205443957e-11   5.687018387928e-10   3.224068767575e-10   9.607297852397e-11    4.642230057890e-10     4.888730828702e-10     2.208133616409e-10     8.848955878033e-11      3.939915049443e-09     2.218214596758e-08     1.139308261378e-08     3.220076461358e-09      8.614917325334e-11   5.898294096637e-10   2.935630974723e-10   7.764207909499e-11    3.114722116046e-09     1.904834847259e-08     9.069986014924e-09     2.344629750740e-09      
1.542694856820e+03   2.571158094700e+01   7.671158094700e+02   7.600000000000e+02   5.217666501445e+02   1.641455385612e-01   4.333313756575e-03   -2.002677051026e+03  7.671158094700e+02   0.000000000000e+00      4.415062942087e-02    8.099675642633e-10       1.389126288330e-02     1.692495543833e-02     7.581877992179e-11     8.566593625731e-11       8.537867877425e-11     4.113290291129e-09       6.021955428983e-04   6.725212557076e-03   5.569870685919e-03   2.168802187601e-03    1.798733092960e-03   1.897156482271e-02   1.461626691278e-02   5.505694453068e-03    1.409213315043e-03   1.621294944696e-02   1.159891349775e-02   3.999257021995e-03    1.499104908410e-12   2.272996560484e-11   2.165602849752e-11   9.111354726251e-12    1.902429995946e-11     3.956031049877e-11     2.911181177561e-11     1.752267433374e-11      5.652579366343e-12   7.515436714493e-11   6.397380029482e-11   2.542080913903e-11    3.265887178421e-11     6.462369600093e-11     4.381454553715e-11     2.341660779381e-11      2.770085097655e-10     2.930933448340e-09     2.260367838774e-09     8.519193080085e-10      6.003826581773e-12   7.757615310356e-11   5.806776896439e-11   2.049520455357e-11    2.170207071244e-10     2.504878396687e-09     1.793814945721e-09     6.188307997014e-10      0.000000000000e+00           0.000000000000e+00         1.223685678757e-20            0.000000000000e+00          0.000000000000e+00          2.597315208276e-21          2.885108577081e-21            2.961841362179e-21          1.753690871186e-20            1.984133936735e-04        2.889737368506e-04        1.308315232767e-05        2.058055854756e-07         5.899866193712e-04        7.882395781667e-04        3.384569969876e-05        5.249121849795e-07         4.601461953862e-04        6.505536671310e-04        2.643125707363e-05        3.824335558528e-07         8.707445696946e-25        5.945966703150e-21        2.472798634037e-22        2.774747522840e-24         0.000000000000e+00          7.972673163172e-21          3.311406454147e-22          5.335845066810e-24           7.096354992283e-21        1.027015940401e-20        7.392996027420e-22        8.014562876886e-24         0.000000000000e+00          9.789405846479e-21          5.117349682282e-22          7.382845436113e-24           0.000000000000e+00          0.000000000000e+00          1.214928554406e-20          2.662328451617e-22           7.097691994876e-21         1.043756686597e-20         6.961660881036e-22         6.690974691698e-24          0.000000000000e+00           0.000000000000e+00           1.105192708780e-20           2.006919454466e-22            0.000000000000e+00      2.501262969375e-01    4.596963006456e-09       7.855695822451e-02     9.605741941861e-02     4.295356806668e-10     4.853227165907e-10       4.854395370364e-10     2.338703014955e-08       8.453105510515e-03   5.055819643594e-02   2.795955063228e-02   8.171693730727e-03    2.547587959801e-02   1.433059903776e-01   7.360484406121e-02   2.079425191561e-02    2.013992990151e-02   1.230577074945e-01   5.859715468412e-02   1.514091284641e-02    2.113724069229e-11   1.712856234604e-10   1.088819187382e-10   3.437116963014e-11    2.682408715958e-10     2.981136252413e-10     1.463680159285e-10     6.610156557326e-11      8.042000367884e-11   5.690585609829e-10   3.226756325001e-10   9.612603458191e-11    4.646421427837e-10     4.893217633084e-10     2.209949405655e-10     8.854736441581e-11      3.941037167396e-09     2.219262610824e-08     1.140100507861e-08     3.221440529872e-09      8.619499982258e-11   5.902304345531e-10   2.938263043564e-10   7.768670705450e-11    3.115696224284e-09     1.905811780336e-08     9.076808453306e-09     2.345667101152e-09      
1.544425360377e+03   2.574042267294e+01   7.674042267294e+02   7.600000000000e+02   5.217755750776e+02   1.567415420944e-01   4.223433966091e-03   -1.945491617228e+03  7.674042267294e+02   0.000000000000e+00      4.191121172436e-02    7.775496684735e-10       1.325510291915e-02     1.614326251223e-02     7.320450043202e-11     8.252361022192e-11       8.241858850232e-11     3.955076843753e-09       5.739539163135e-04   6.428785619589e-03   5.346617490781e-03   2.073083226325e-03    1.715590829856e-03   1.815127453727e-02   1.403745389080e-02   5.263331542452e-03    1.344712666781e-03   1.552237332666e-02   1.115034008313e-02   3.824431160330e-03    1.441625496628e-12   2.191479604593e-11   2.096205803003e-11   8.780995876211e-12    1.843062313673e-11     3.833718542495e-11     2.817222969297e-11     1.691436096782e-11      5.441424705608e-12   7.253336546261e-11   6.195988994828e-11   2.450330023257e-11    3.166836813685e-11     6.268008563513e-11     4.242825578263e-11     2.261071911948e-11      2.658117226237e-10     2.821275994855e-09     2.184070096415e-09     8.193760827902e-10      5.785437365107e-12   7.493668295910e-11   5.629998495664e-11   1.976304724993e-11    2.083473273374e-10     2.412783565530e-09     1.734938495802e-09     5.953819509651e-10      0.000000000000e+00           0.000000000000e+00         0.000000000000e+00            0.000000000000e+00          0.000000000000e+00          2.520884660193e-21          2.794892791624e-21            2.874341006376e-21          0.000000000000e+00            1.928280492481e-04        2.821070859554e-04        1.278816136659e-05        1.996921060761e-07         5.738060765831e-04        7.704315504417e-04        3.311457140431e-05        5.096029516815e-07         4.477547849658e-04        6.364792071077e-04        2.589718046390e-05        3.715654636310e-07         2.657872009718e-25        5.767004830848e-21        2.406519421855e-22        2.693454915765e-24         0.000000000000e+00          1.684528689242e-20          3.221897638589e-22          5.187807012196e-24           0.000000000000e+00        0.000000000000e+00        7.198797442928e-22        7.780960025011e-24         0.000000000000e+00          0.000000000000e+00          4.982147782394e-22          7.180126389708e-24           3.592330553849e-18          0.000000000000e+00          0.000000000000e+00          2.579186750693e-22           0.000000000000e+00         0.000000000000e+00         6.785711606749e-22         6.498327709522e-24          2.915479456840e-18           1.136622708991e-18           2.159515299270e-20           1.944809774461e-22            0.000000000000e+00      2.486595068331e-01    4.621510226391e-09       7.850158572906e-02     9.595046569055e-02     4.343228035282e-10     4.896131458767e-10       4.907533627920e-10     2.355011528884e-08       8.437390958267e-03   5.061356147418e-02   2.810713542062e-02   8.180150102650e-03    2.544653042275e-02   1.435888485564e-01   7.403049803126e-02   2.081825477874e-02    2.012626140207e-02   1.233835644709e-01   5.899289768542e-02   1.516323927627e-02    2.128732633248e-11   1.729465743085e-10   1.103731066563e-10   3.469025768791e-11    2.721502152537e-10     3.025483273483e-10     1.483373678382e-10     6.682198111374e-11      8.107415678415e-11   5.751656808108e-10   3.272857179543e-10   9.703505024128e-11    4.718408105104e-10     4.970324194621e-10     2.241153457012e-10     8.954027600060e-11      3.960444633710e-09     2.237178873455e-08     1.153673691423e-08     3.244795542045e-09      8.698463121045e-11   5.970905830863e-10   2.983432441857e-10   7.845141145270e-11    3.132522969037e-09     1.922490146501e-08     9.193735659057e-09     2.363428767639e-09      
1.548030552906e+03   2.580050921510e+01   7.680050921510e+02   7.600000000000e+02   5.217952611056e+02   1.419351646167e-01   3.989464781161e-03   -1.825792023568e+03  7.680050921510e+02   0.000000000000e+00      3.749586175337e-02    7.120695315951e-10       1.198468045952e-02     1.458395979815e-02     6.782769394565e-11     7.611626812937e-11       7.633514485892e-11     3.633568735864e-09       5.178569564117e-04   5.833923958975e-03   4.893558521623e-03   1.881046553924e-03    1.550137793727e-03   1.650075112612e-02   1.286128300048e-02   4.776973705254e-03    1.216205119889e-03   1.412926313971e-02   1.023632670409e-02   3.473320672115e-03    1.325163740757e-12   2.024465932331e-11   1.952200733602e-11   8.105000787503e-12    1.719718259837e-11     3.579403429767e-11     2.622827988446e-11     1.566584607290e-11      5.012341468721e-12   6.714418565371e-11   5.777303539865e-11   2.262507438066e-11    2.960303019132e-11     5.862603387503e-11     3.955418510430e-11     2.095527242823e-11      2.432411628709e-10     2.597478208490e-09     2.026619037170e-09     7.531583519622e-10      5.340443011491e-12   6.948930349057e-11   5.261115715898e-11   1.826259095721e-11    1.908409497483e-10     2.224280074589e-09     1.613057454131e-09     5.476266984964e-10      0.000000000000e+00           1.502152750595e-12         2.902721213478e-20            4.718511869671e-13          5.945089293144e-13          2.361191038046e-21          2.607955967264e-21            2.691618628931e-21          1.507191613762e-19            1.811063718100e-04        2.673096045591e-04        1.214662740416e-05        1.868406240718e-07         5.397427710591e-04        7.317990474000e-04        3.151633576765e-05        4.773519067688e-07         4.216146922407e-04        6.057408340884e-04        2.471976614835e-05        3.485993995788e-07         2.388560222204e-26        1.269090856218e-22        2.266522350594e-22        2.523606875995e-24         2.253612665089e-19          0.000000000000e+00          3.033492817522e-22          4.877358887700e-24           6.800908852727e-20        3.077698396796e-20        6.787729743038e-22        7.292663034345e-24         4.016635964490e-19          2.687250559539e-20          4.696883427155e-22          6.754576183820e-24           0.000000000000e+00          1.190610093808e-18          2.463699186196e-20          2.406635346927e-22           7.502533131181e-20         3.297918636306e-20         6.411658056308e-22         6.095114812408e-24          0.000000000000e+00           0.000000000000e+00           0.000000000000e+00           1.815783286087e-22            0.000000000000e+00      2.456793671014e-01    4.673999652629e-09       7.838487663830e-02     9.572860515153e-02     4.444187742669e-10     4.987269449398e-10       5.019646575758e-10     2.389362186509e-08       8.407201543222e-03   5.072350001723e-02   2.841009933931e-02   8.196993180881e-03    2.539192688701e-02   1.441543645546e-01   7.490608817825e-02   2.086637158853e-02    2.010254001050e-02   1.240307004027e-01   5.980895969649e-02   1.520829457279e-02    2.160969822121e-11   1.764393699627e-10   1.135178910269e-10   3.536122557390e-11    2.804377412210e-10     3.119576753081e-10     1.525139790443e-10     6.834836063731e-11      8.247474108996e-11   5.879955527689e-10   3.370172239437e-10   9.894744033116e-11    4.870981487881e-10     5.134003318290e-10     2.307381214649e-10     9.164480670121e-11      4.002371357855e-09     2.274665512935e-08     1.182221978100e-08     3.293827451653e-09      8.867355294541e-11   6.114686698515e-10   3.078904920897e-10   8.006076566020e-11    3.168753046376e-09     1.957247389550e-08     9.439918833578e-09     2.400722486767e-09      
1.551635745435e+03   2.586059575725e+01   7.686059575725e+02   7.600000000000e+02   5.218149861318e+02   1.279820025880e-01   3.750472035869e-03   -1.706003912313e+03  7.686059575725e+02   0.000000000000e+00      3.341187386474e-02    6.495038563826e-10       1.078967141021e-02     1.311934735460e-02     6.256945200290e-11     6.991756696377e-11       7.039147254048e-11     3.324007449531e-09       4.654354735530e-04   5.271015095630e-03   4.458355893566e-03   1.699316309304e-03    1.395153631157e-03   1.493354890623e-02   1.172950268650e-02   4.316570304271e-03    1.095643347083e-03   1.280228431667e-02   9.353672227267e-03   3.140597669960e-03    1.213392791399e-12   1.862021121705e-11   1.809755010507e-11   7.448269956378e-12    1.597514142103e-11     3.327144201579e-11     2.431199032211e-11     1.444778991705e-11      4.598975995339e-12   6.187862090756e-11   5.362153229238e-11   2.079937219647e-11    2.754759573275e-11     5.458859929355e-11     3.671344092416e-11     1.933837821114e-11      2.217269668945e-10     2.380917660263e-09     1.871976549622e-09     6.892972349003e-10      4.910216529993e-12   6.414256788770e-11   4.893607425805e-11   1.680199698935e-11    1.741259998435e-10     2.041223486161e-09     1.492866450744e-09     5.015177781549e-10      0.000000000000e+00           0.000000000000e+00         0.000000000000e+00            0.000000000000e+00          0.000000000000e+00          2.201793966016e-21          2.423277465875e-21            2.509359903496e-21          0.000000000000e+00            1.693413945581e-04        2.519873101913e-04        1.147481564762e-05        1.739311668995e-07         5.054210495225e-04        6.914767232326e-04        2.983228785617e-05        4.448689293097e-07         3.952087981424e-04        5.734094107910e-04        2.346662939290e-05        3.253790389912e-07         2.348423311993e-27        8.305146262673e-21        2.124843411544e-22        2.354047544556e-24         0.000000000000e+00          1.484001384786e-20          2.843586519951e-22          4.565868284724e-24           0.000000000000e+00        0.000000000000e+00        6.370604881873e-22        6.804909852593e-24         0.000000000000e+00          0.000000000000e+00          4.408470788819e-22          6.327037417975e-24           3.020410070945e-18          1.099501584756e-18          0.000000000000e+00          2.235848313215e-22           0.000000000000e+00         0.000000000000e+00         6.030030430919e-22         5.691683249936e-24          0.000000000000e+00           9.759573543132e-19           1.900115311966e-20           1.687918097355e-22            0.000000000000e+00      2.427972144497e-01    4.728305487197e-09       7.826571554707e-02     9.550718055882e-02     4.546793369761e-10     5.080765768670e-10       5.133649075853e-10     2.424198152922e-08       8.380282246793e-03   5.082767335355e-02   2.870649840396e-02   8.212715465543e-03    2.534573612555e-02   1.446920373661e-01   7.576522953600e-02   2.091175231289e-02    2.008495370871e-02   1.246392055062e-01   6.061244158271e-02   1.525125070540e-02    2.194512655382e-11   1.799812027892e-10   1.167124407731e-10   3.604019876729e-11    2.889225176583e-10     3.215986157585e-10     1.567898259196e-10     6.990901557117e-11      8.392647352125e-11   6.009852008695e-10   3.469154586032e-10   1.008840006181e-10    5.027146404291e-10     5.301821506434e-10     2.375251069973e-10     9.379768490011e-11      4.046283875994e-09     2.312424319289e-08     1.211113475209e-08     3.343325078029e-09      9.042218353978e-11   6.259795058537e-10   3.176179742743e-10   8.169129318637e-11    3.206549654322e-09     1.992068779412e-08     9.689400409335e-09     2.438378954561e-09      
1.562381129520e+03   2.603968549199e+01   7.703968549199e+02   7.600000000000e+02   5.218581439657e+02   9.155758965089e-02   3.029485747190e-03   -1.356298771773e+03  7.703968549199e+02   0.000000000000e+00      2.310779159222e-02    4.815720208642e-10       7.681152676131e-03     9.319257777272e-03     4.786306367792e-11     5.289432458155e-11       5.379450666894e-11     2.482208819024e-09       3.304476774532e-04   3.792211316395e-03   3.282425312138e-03   1.221412855671e-03    9.943606261105e-04   1.079200136760e-02   8.661591515116e-03   3.105071408155e-03    7.830037060550e-04   9.277907899230e-03   6.945552025981e-03   2.263391257092e-03    9.105684688066e-13   1.412673537463e-11   1.403211731712e-11   5.633525796616e-12    1.247586235068e-11     2.602937951317e-11     1.886933922629e-11     1.105239989105e-11      3.471373998125e-12   4.719865468487e-11   4.172123134813e-11   1.574914258850e-11    2.161738243764e-11     4.291625937840e-11     2.860572155750e-11     1.482160840354e-11      1.641867075953e-10     1.787686343635e-09     1.436236647135e-09     5.151700401328e-10      3.728889785635e-12   4.912632414734e-11   3.831181632066e-11   1.275116279421e-11    1.292872641183e-10     1.536955045121e-09     1.151737350575e-09     3.755303330909e-10      0.000000000000e+00           0.000000000000e+00         2.646063303760e-21            0.000000000000e+00          0.000000000000e+00          1.738987974750e-21          1.896223002304e-21            1.980775745532e-21          5.324998877939e-20            1.348460767043e-04        2.048388274696e-04        9.368352623797e-06        1.362028079183e-07         4.041250025872e-04        5.657865242735e-04        2.449736113852e-05        3.494965346301e-07         3.169321103121e-04        4.714429773349e-04        1.943139329929e-05        2.567498855670e-07         4.177793769519e-30        3.940735387429e-21        1.703340964491e-22        1.861312198342e-24         0.000000000000e+00          2.096790248004e-21          2.281758456351e-22          3.651382709528e-24           2.038687992681e-20        0.000000000000e+00        5.123746502106e-22        5.385959528385e-24         0.000000000000e+00          0.000000000000e+00          3.550583803880e-22          5.068836566951e-24           0.000000000000e+00          0.000000000000e+00          1.180148443416e-20          1.747114811128e-22           1.721512978638e-20         9.663934986153e-22         4.878463122520e-22         4.514576696756e-24          0.000000000000e+00           0.000000000000e+00           1.154851223659e-20           1.321201337411e-22            0.000000000000e+00      2.347425278629e-01    4.900896249777e-09       7.788973158338e-02     9.484088259399e-02     4.862211308328e-10     5.373316360553e-10       5.484468229286e-10     2.530666465662e-08       8.317490962779e-03   5.111977910149e-02   2.954546357692e-02   8.252119457543e-03    2.525324910961e-02   1.461753233965e-01   7.821292194250e-02   2.102876018063e-02    2.006577393697e-02   1.262721948684e-01   6.291828386262e-02   1.536537834366e-02    2.302182535354e-11   1.908863285911e-10   1.265059752755e-10   3.810680383236e-11    3.154261694880e-10     3.517198106293e-10     1.701157500098e-10     7.476164124041e-11      8.855838883978e-11   6.408305981325e-10   3.773392815172e-10   1.067872623732e-10    5.514820819206e-10     5.826872047665e-10     2.587186924019e-10     1.004981049913e-10      4.188574985410e-09     2.427196530311e-08     1.298975334636e-08     3.493117033727e-09      9.599406034581e-11   6.702217389326e-10   3.476155176899e-10   8.666727213332e-11    3.328285400529e-09     2.096840545025e-08     1.045008599989e-08     2.552409540805e-09      
1.580226603596e+03   2.633711005993e+01   7.733711005993e+02   7.600000000000e+02   5.218006653636e+02   4.770230631808e-02   1.915412186834e-03   -8.401633130469e+02  7.733711005993e+02   0.000000000000e+00      1.143415176361e-02    2.674389943021e-10       3.965567904359e-03     4.796346246931e-03     2.778543544155e-11     3.028949966575e-11       3.118974246725e-11     1.387616922551e-09       1.710196847600e-04   1.995028626248e-03   1.780852885745e-03   6.393185757978e-04    5.175726409416e-04   5.711191251883e-03   4.721577324051e-03   1.627574332687e-03    4.092834865091e-04   4.924932537198e-03   3.818000102125e-03   1.189882910923e-03    5.165491269939e-13   8.115369119245e-12   8.295283966467e-12   3.208838746457e-12    7.495812305204e-12     1.567100247666e-11     1.122016250288e-11     6.430578958023e-12      1.986932005448e-12   2.731510119106e-11   2.480124932271e-11   8.987973075032e-12    1.307972190366e-11     2.603045212786e-11     1.711364782345e-11     8.649456839170e-12      9.111787551506e-11     1.008722695018e-09     8.347776532538e-10     2.879262332947e-10      2.155371413542e-12   2.857737579249e-11   2.299025485620e-11   7.303017346684e-12    7.205337370252e-11     8.698962670835e-10     6.750540651849e-10     2.104995242514e-10      0.000000000000e+00           0.000000000000e+00         4.958551075311e-21            0.000000000000e+00          0.000000000000e+00          1.063902354489e-21          1.146863113364e-21            1.210994308911e-21          0.000000000000e+00            8.366795187854e-05        1.302540188399e-04        5.951800439025e-06        8.131721918715e-08         2.522989732510e-04        3.632057735533e-04        1.570729583194e-05        2.097071252923e-07         1.987864788483e-04        3.046177612537e-04        1.262046969931e-05        1.550891545580e-07         9.137504431909e-34        2.399718446365e-21        1.063871004554e-22        1.140726267919e-24         0.000000000000e+00          3.435005452255e-21          1.433382624570e-22          2.285834202371e-24           0.000000000000e+00        5.402782096906e-22        3.217204836970e-22        3.306648785257e-24         0.000000000000e+00          1.342595596170e-21          2.243368569442e-22          3.182140775712e-24           0.000000000000e+00          0.000000000000e+00          5.159588193285e-21          1.050817313496e-22           0.000000000000e+00         6.465372895275e-21         3.090745121119e-22         2.781076408307e-24          0.000000000000e+00           0.000000000000e+00           4.727560437035e-21           7.967618909857e-23            0.000000000000e+00      2.229176337949e-01    5.223313945779e-09       7.717316963106e-02     9.367677404618e-02     5.416985580255e-10     5.905172271554e-10       6.102608673795e-10     2.715021798066e-08       8.261194984134e-03   5.161223992967e-02   3.076317366505e-02   8.289483663396e-03    2.522619753983e-02   1.484587886466e-01   8.182293548637e-02   2.115388044336e-02    2.012905827211e-02   1.286367607746e-01   6.637632027047e-02   1.550225901514e-02    2.506374230370e-11   2.104497578612e-10   1.435245608890e-10   4.165597147508e-11    3.637081124652e-10     4.063843095977e-10     1.941306533735e-10     8.347942505353e-11      9.727885345336e-11   7.117436006541e-10   4.304825940750e-10   1.169584052444e-10    6.403743795903e-10     6.782697817792e-10     2.970466291138e-10     1.125533721223e-10      4.461069847838e-09     2.628406601871e-08     1.448948175846e-08     3.746717173388e-09      1.064863817093e-10   7.482275996270e-10   4.003292622789e-10   9.526092764108e-11    3.559805519978e-09     2.277607295263e-08     1.175471510012e-08     2.745766440949e-09      
1.586161960250e+03   2.643603267084e+01   7.743603267084e+02   7.600000000000e+02   5.217283985451e+02   3.730175363755e-02   1.594274413709e-03   -6.954815149611e+02  7.743603267084e+02   0.000000000000e+00      8.799738432019e-03    2.138580360404e-10       3.090665259243e-03     3.734737873820e-03     2.250422215294e-11     2.445046496043e-11       2.525292071708e-11     1.110460265787e-09       1.336264737853e-04   1.565686935703e-03   1.408602910151e-03   5.002484580969e-04    4.051175207703e-04   4.489356792090e-03   3.740269211674e-03   1.274158722558e-03    3.207944362571e-04   3.874148620289e-03   3.032226800900e-03   9.323703281081e-04    4.160736721106e-13   6.557483957924e-12   6.750870209745e-12   2.582266780510e-12    6.141289051878e-12     1.284341393104e-11     9.159215859556e-12     5.214931033784e-12      1.604966337396e-12   2.211783745552e-11   2.021958884128e-11   7.237722049418e-12    1.073915422019e-11     2.138291818114e-11     1.399687580066e-11     7.020950910025e-12      7.286535985777e-11     8.101079609455e-10     6.756166686654e-10     2.302923992988e-10      1.746638221797e-12   2.317285061891e-11   1.879755229756e-11   5.887526224451e-12    5.769853067023e-11     6.991289833819e-10     5.477447749779e-10     1.685198391276e-10      0.000000000000e+00           0.000000000000e+00         4.082267337704e-21            0.000000000000e+00          0.000000000000e+00          8.767305838002e-22          9.424497999549e-22            9.977744961996e-22          0.000000000000e+00            6.928385574480e-05        1.085062286699e-04        4.944359976135e-06        6.630316557288e-08         2.093248687948e-04        3.034227687657e-04        1.308694884213e-05        1.712563812115e-07         1.651778078223e-04        2.549668477239e-04        1.055720922846e-05        1.269130802791e-07         9.942518886636e-35        1.974378923211e-21        8.816956676422e-23        9.404688314307e-25         0.000000000000e+00          2.852214035968e-21          1.191536315845e-22          1.899137836418e-24           8.380779245970e-24        3.569667888494e-21        2.670885792018e-22        2.727828873739e-24         0.000000000000e+00          3.530250299625e-21          1.868228288511e-22          2.646150327479e-24           0.000000000000e+00          0.000000000000e+00          4.271227660332e-21          8.611200407116e-23           1.508564683114e-22         3.650294699599e-21         2.572959132679e-22         2.296714306679e-24          0.000000000000e+00           0.000000000000e+00           3.917114258153e-21           6.534721783285e-23            0.000000000000e+00      2.193614009417e-01    5.340684823338e-09       7.690647270549e-02     9.326775019149e-02     5.609891403828e-10     6.095054175566e-10       6.317792006837e-10     2.778156661440e-08       8.253520891081e-03   5.179149879628e-02   3.111298286209e-02   8.293653575859e-03    2.524709898730e-02   1.492152829841e-01   8.287829113814e-02   2.117496594259e-02    2.017325776617e-02   1.293871248706e-01   6.740450047917e-02   1.553206435511e-02    2.581395188339e-11   2.174339546520e-10   1.493498199643e-10   4.286279213979e-11    3.810165139336e-10     4.258636849403e-10     2.026297643323e-10     8.656212696980e-11      1.004734560986e-10   7.369082099642e-10   4.487498677393e-10   1.204263578122e-10    6.722882062622e-10     7.124226313881e-10     3.106441092158e-10     1.168195657003e-10      4.561487904264e-09     2.699066798817e-08     1.499451314693e-08     3.831768433497e-09      1.103379439848e-10   7.757839952245e-10   4.185282986906e-10   9.819634076551e-11    3.644908925987e-09     2.340553973375e-08     1.219556063254e-08     2.810693475979e-09      
1.588373349263e+03   2.647288915438e+01   7.747288915438e+02   7.600000000000e+02   5.216934961676e+02   3.390043592789e-02   1.482662320784e-03   -6.455673415930e+02  7.747288915438e+02   0.000000000000e+00      7.951169066695e-03    1.960104119805e-10       2.805273214314e-03     3.388762199762e-03     2.071948829576e-11     2.248660896752e-11       2.324745033509e-11     1.017895124775e-09       1.214264129120e-04   1.424928448771e-03   1.285301582487e-03   4.546916498640e-04    3.683661524737e-04   4.088057019230e-03   3.414755583151e-03   1.158338736422e-03    2.918404209595e-04   3.528727900462e-03   2.770888497139e-03   8.479045779684e-04    3.823903316569e-13   6.033115083349e-12   6.225575250384e-12   2.371744070228e-12    5.678580963234e-12     1.187660050782e-11     8.457354946881e-12     4.803919351616e-12      1.476562499677e-12   2.036429068773e-11   1.865842329704e-11   6.649306135323e-12    9.937778937546e-12     1.978990038770e-11     1.293329898340e-11     6.469813231761e-12      6.678697860538e-11     7.436180168318e-10     6.217722971627e-10     2.110408801909e-10      1.608823314021e-12   2.134646436728e-11   1.736439393871e-11   5.411113697565e-12    5.291214507843e-11     6.419089732792e-10     5.045566295401e-10     1.544843605897e-10      0.000000000000e+00           0.000000000000e+00         3.781615964074e-21            0.000000000000e+00          0.000000000000e+00          8.124093391819e-22          8.725022951178e-22            9.245196883582e-22          0.000000000000e+00            6.431853218765e-05        1.009291246861e-04        4.592879129617e-06        6.117854251001e-08         1.944595687384e-04        2.825229699312e-04        1.216973516439e-05        1.581104063327e-07         1.535344060244e-04        2.375701272933e-04        9.831568942828e-06        1.172581030843e-07         4.652521795480e-35        1.828594636421e-21        8.186101842329e-23        8.711000121498e-25         0.000000000000e+00          2.650376604604e-21          1.107684136838e-22          1.765277043473e-24           5.946033179309e-25        3.312646521275e-21        2.481358691347e-22        2.528667629010e-24         0.000000000000e+00          3.281616724624e-21          1.737896493265e-22          2.460425285082e-24           0.000000000000e+00          0.000000000000e+00          3.964260526031e-21          7.962858116840e-23           9.407451824760e-24         3.388291588616e-21         2.392757740572e-22         2.129862379892e-24          0.000000000000e+00           0.000000000000e+00           3.636749991542e-21           6.044554294306e-23            0.000000000000e+00      2.180802559798e-01    5.385740558796e-09       7.680349791045e-02     9.311237009790e-02     5.682826353468e-10     6.167502412061e-10       6.399174449069e-10     2.801893704643e-08       8.251916498947e-03   5.186107575361e-02   3.123582802349e-02   8.294152636582e-03    2.525835639764e-02   1.494999479507e-01   8.325157559270e-02   2.118018168408e-02    2.019247555530e-02   1.296665240533e-01   6.777057565992e-02   1.554113130431e-02    2.610273869210e-11   2.201033486774e-10   1.515372299538e-10   4.331537569785e-11    3.876314403216e-10     4.332885261694e-10     2.058611597872e-10     8.773441205125e-11      1.017026244906e-10   7.465088023360e-10   4.556190428374e-10   1.217281135191e-10    6.844940188964e-10     7.254529540611e-10     3.158175377275e-10     1.184421567447e-10      4.600151370124e-09     2.725935332847e-08     1.518302454533e-08     3.863502100555e-09      1.118214684114e-10   7.862890338928e-10   4.253809810669e-10   9.929880485919e-11    3.677665351999e-09     2.364447703201e-08     1.236028132253e-08     2.834927010109e-09      
1.590584738275e+03   2.650974563792e+01   7.750974563792e+02   7.600000000000e+02   5.216540731304e+02   3.074088188489e-02   1.375640853917e-03   -5.978804819013e+02  7.750974563792e+02   0.000000000000e+00      7.169056012087e-03    1.792665433215e-10       2.540536537294e-03     3.067976629537e-03     1.903289064423e-11     2.063501488210e-11       2.135263444700e-11     9.309537299648e-10       1.101050155201e-04   1.293995772227e-03   1.170028407477e-03   4.123417588221e-04    3.342323832728e-04   3.714436272575e-03   3.110206152841e-03   1.050647974511e-03    2.649316481085e-04   3.207000668842e-03   2.526051296238e-03   7.693312639273e-04    3.506816840670e-13   5.538529408107e-12   5.727582180968e-12   2.173407335788e-12    5.238818804503e-12     1.095733404438e-11     7.791400758916e-12     4.415374624635e-12      1.355513298826e-12   1.870835696176e-11   1.717700404469e-11   6.094775642764e-12    9.175253972616e-12     1.827330223877e-11     1.192307617655e-11     5.948537961650e-12      6.108497572429e-11     6.810858575367e-10     5.708697119657e-10     1.929589799025e-10      1.478697151353e-12   1.962039503776e-11   1.600223310108e-11   4.961872239419e-12    4.841919636614e-11     5.880718415628e-10     4.636701806318e-10     1.412952913441e-10      0.000000000000e+00           0.000000000000e+00         3.495234999530e-21            0.000000000000e+00          0.000000000000e+00          7.510875839853e-22          8.059539161736e-22            8.546890858013e-22          1.138739333221e-20            5.957341863984e-05        9.365575863595e-05        4.255404888475e-06        5.631260045254e-08         1.802384042187e-04        2.624265255475e-04        1.128757649678e-05        1.456172818017e-07         1.423866065222e-04        2.208233832120e-04        9.131972527760e-06        1.080719701292e-07         2.272156860841e-35        1.689787442578e-21        7.582369186772e-23        7.815765586582e-25         0.000000000000e+00          2.457169939534e-21          1.027368406228e-22          1.637154864337e-24           4.861853545199e-26        3.067154144574e-21        2.299808963980e-22        2.338671088173e-24         0.000000000000e+00          3.043489333378e-21          1.612930612014e-22          2.282571220030e-24           0.000000000000e+00          0.000000000000e+00          3.670792753002e-21          7.346514932208e-23           6.446649549551e-25         3.137945422424e-21         2.219859775443e-22         1.970593460884e-24          0.000000000000e+00           2.503983555021e-20           3.368560987619e-21           5.578364568719e-23            0.000000000000e+00      2.168220641807e-01    5.431523620366e-09       7.669859721029e-02     9.295536814237e-02     5.756337556646e-10     6.240886545721e-10       6.481211994732e-10     2.825744287509e-08       8.250967993166e-03   5.193228862013e-02   3.135454680337e-02   8.294085434539e-03    2.527144268892e-02   1.497866643399e-01   8.361383726573e-02   2.118397570304e-02    2.021315492826e-02   1.299465904769e-01   6.812718294021e-02   1.554909697260e-02    2.639662465645e-11   2.228104969226e-10   1.537330797177e-10   4.376949457045e-11    3.943380561591e-10     4.408045644393e-10     2.091276905573e-10     8.891969419503e-11      1.029532947082e-10   7.562361501117e-10   4.625199655103e-10   1.230349302243e-10    6.968744807475e-10     7.386502065959e-10     3.210490471800e-10     1.200828374900e-10      4.639496723075e-09     2.753110536922e-08     1.537163517004e-08     3.895253249664e-09      1.133319123164e-10   7.969299599282e-10   4.322700754227e-10   1.004058646854e-10    3.710996610751e-09     2.388596499865e-08     1.252517337343e-08     2.859177991460e-09      
1.592501869002e+03   2.654169781670e+01   7.754169781670e+02   7.600000000000e+02   5.216161558060e+02   2.818946455949e-02   1.286655613699e-03   -5.583577950464e+02  7.754169781670e+02   0.000000000000e+00      6.541996177950e-03    1.656190935074e-10       2.327038379065e-03     2.809387329779e-03     1.764913229879e-11     1.911895759907e-11       1.979832251888e-11     8.600234773224e-10       1.009702072794e-04   1.188125744112e-03   1.076403959772e-03   3.781225364986e-04    3.066694645266e-04   3.412090654078e-03   2.862680127192e-03   9.636144775765e-04    2.431901809897e-04   2.946556414863e-03   2.326812055876e-03   7.058030639069e-04    3.247541319531e-13   5.133425428598e-12   5.317851141934e-12   2.011147937285e-12    4.876108519974e-12     1.019885784589e-11     7.242980560349e-12     4.096478372912e-12      1.256403546351e-12   1.735055633446e-11   1.595709056789e-11   5.640980443683e-12    8.545664675725e-12     1.702052521563e-11     1.109034954822e-11     5.520504942453e-12      5.643769176350e-11     6.300053530543e-10     5.290972082479e-10     1.782077074526e-10      1.372000051492e-12   1.820409778870e-11   1.487886652276e-11   4.594040606117e-12    4.475510800736e-11     5.440776454737e-10     4.300739844415e-10     1.305308770524e-10      0.000000000000e+00           0.000000000000e+00         3.258536729257e-21            0.000000000000e+00          0.000000000000e+00          7.003657144878e-22          7.510080904842e-22            7.969350390278e-22          4.560346942369e-21            5.563974230862e-05        8.760275670052e-05        3.974565031786e-06        5.230378859699e-08         1.684377724346e-04        2.456761136066e-04        1.055232318492e-05        1.353167251347e-07         1.331293937310e-04        2.068509477547e-04        8.547600705277e-06        1.004900381591e-07         1.265132466972e-35        1.575103927042e-21        7.081297010829e-23        4.175375575490e-25         0.000000000000e+00          2.296763953090e-21          9.606495447836e-23          1.530787428879e-24           6.221234566318e-27        2.863745394505e-21        2.149000153665e-22        2.181424610979e-24         0.000000000000e+00          2.845693250228e-21          1.509021391707e-22          2.134847197622e-24           0.000000000000e+00          0.000000000000e+00          3.427443150985e-21          6.838054265668e-23           7.096756247760e-26         2.930443668704e-21         2.076025336285e-22         1.838706099082e-24          0.000000000000e+00           0.000000000000e+00           3.146058327900e-21           5.193613025027e-23            0.000000000000e+00      2.157494583197e-01    5.471806843869e-09       7.660611685283e-02     9.281795047066e-02     5.820533411670e-10     6.305269268639e-10       6.552862928470e-10     2.846511848054e-08       8.250665393393e-03   5.199540169446e-02   3.145410521874e-02   8.293573061758e-03    2.528424392765e-02   1.500371222750e-01   8.391888958449e-02   2.118612279913e-02    2.023225203256e-02   1.301902694643e-01   6.842857529444e-02   1.555511608995e-02    2.665556705468e-11   2.251885816878e-10   1.556431821116e-10   4.416440133238e-11    4.002272021557e-10     4.473945058903e-10     2.119879839237e-10     8.995783530222e-11      1.040551422150e-10   7.647740051278e-10   4.685270866121e-10   1.241718709836e-10    7.077505915491e-10     7.502269660765e-10     3.256313637647e-10     1.215199085199e-10      4.674160670586e-09     2.776923735583e-08     1.553518622084e-08     3.922790493428e-09      1.146634580580e-10   8.062681300722e-10   4.382706158621e-10   1.013692560771e-10    3.740360974698e-09     2.409745711773e-08     1.266822239041e-08     2.880213527994e-09      
1.594497121476e+03   2.657495202459e+01   7.757495202459e+02   7.600000000000e+02   5.215729339221e+02   2.571151031964e-02   1.197843905734e-03   -5.190266715225e+02  7.757495202459e+02   0.000000000000e+00      5.937034484799e-03    1.522468410581e-10       2.119950917064e-03     2.558660529697e-03     1.628511294607e-11     1.762721001362e-11       1.826642955870e-11     7.904703973991e-10       9.210429672761e-05   1.085173419295e-03   9.849959119341e-04   3.448721843301e-04    2.798983678666e-04   3.117863972363e-03   2.620857176779e-03   8.790285436723e-04    2.220617176688e-04   2.693026207522e-03   2.131941975559e-03   6.440371286468e-04    2.992726377419e-13   4.734683055421e-12   4.912938271666e-12   1.851633892859e-12    4.516794143603e-12     9.447250692239e-12     6.700494686534e-12     3.782008644486e-12      1.158879683711e-12   1.601276501999e-11   1.475055248308e-11   5.194739236069e-12    7.921358474952e-12     1.577776401958e-11     1.026590184304e-11     5.098231385914e-12      5.188427373070e-11     5.798551060579e-10     4.879156623046e-10     1.637440383047e-10      1.266866559535e-12   1.680778849801e-11   1.376630003717e-11   4.232150094061e-12    4.116299312302e-11     5.008704492782e-10     3.969136644326e-10     1.199720233538e-10      0.000000000000e+00           0.000000000000e+00         3.023588252819e-21            0.000000000000e+00          0.000000000000e+00          6.499852232320e-22          6.965193001194e-22            7.395748536468e-22          3.462080379612e-21            5.172434208868e-05        8.155707841317e-05        3.694142979180e-06        4.833768493737e-08         1.566812468870e-04        2.289223140458e-04        9.817111886446e-06        1.251184988545e-07         1.239005242548e-04        1.928628954224e-04        7.962083981539e-06        9.297613577911e-08         6.872903094889e-36        1.461306804968e-21        6.582068655693e-23        3.413303498630e-26         0.000000000000e+00          2.136883397495e-21          8.941130903525e-23          1.424764937661e-24           8.177826399398e-28        2.661376220376e-21        1.998625313875e-22        2.025152415105e-24         0.000000000000e+00          2.648456766808e-21          1.405304781943e-22          1.987538593320e-24           0.000000000000e+00          0.000000000000e+00          3.185176497751e-21          6.334260907390e-23           8.020417570732e-27         2.723937505435e-21         1.932409599677e-22         1.707569578505e-24          0.000000000000e+00           0.000000000000e+00           2.924441725726e-21           4.812244400057e-23            0.000000000000e+00      2.146506708903e-01    5.514319125782e-09       7.650837171702e-02     9.267365153348e-02     5.887805483273e-10     6.373034323846e-10       6.627955837477e-10     2.868213992208e-08       8.250853355463e-03   5.206248932544e-02   3.155438552040e-02   8.292596439237e-03    2.529898242865e-02   1.502998610111e-01   8.422742255412e-02   2.118724054510e-02    2.025326923379e-02   1.304450477095e-01   6.873450728150e-02   1.556051165492e-02    2.692920315352e-11   2.276948830916e-10   1.576371169048e-10   4.457657556135e-11    4.064309654684e-10     4.543262171359e-10     2.149928628888e-10     9.104877306731e-11      1.052194418322e-10   7.737653797834e-10   4.748019910018e-10   1.253590330300e-10    7.192126404512e-10     7.624097120954e-10     3.304466486997e-10     1.230301132853e-10      4.710786113991e-09     2.801963344857e-08     1.570540006341e-08     3.951458075849e-09      1.160713487266e-10   8.161014677035e-10   4.445421932438e-10   1.023754307718e-10    3.771387044242e-09     2.431974372082e-08     1.281716005309e-08     2.902115307450e-09      
1.608953661538e+03   2.681589435897e+01   7.781589435897e+02   7.600000000000e+02   5.211401083767e+02   1.244840736832e-02   6.709773497048e-04   -2.880071082904e+02  7.781589435897e+02   0.000000000000e+00      2.776824658754e-03    7.813653858316e-11       1.017147564508e-03     1.225325444362e-03     8.563244013309e-12     9.231152741374e-12       9.599044499007e-12     4.043757818338e-10       4.471631206884e-05   5.312065502163e-04   4.867306745643e-04   1.667061486317e-04    1.364229106258e-04   1.530724131693e-03   1.299498220575e-03   4.254422191576e-04    1.085915199281e-04   1.323988626846e-03   1.062739107092e-03   3.123414746204e-04    1.563923418594e-13   2.487346857471e-12   2.601088414919e-12   9.580232233029e-13    2.443328248592e-12     5.106525520036e-12     3.588493588762e-12     1.998253850534e-12      6.095275678484e-13   8.446653087888e-12   7.841014912712e-12   2.692156026201e-12    4.305632150608e-12     8.571937873549e-12     5.520815090949e-12     2.699160772262e-12      2.664808155248e-11     2.999969314203e-10     2.549388481676e-10     8.351530838826e-11      6.715362541865e-13   8.892939348276e-12   7.362965072591e-12   2.198814312376e-12    2.121155619816e-11     2.594939005858e-10     2.085002340330e-10     6.131430063196e-11      0.000000000000e+00           0.000000000000e+00         1.656951090337e-21            0.000000000000e+00          0.000000000000e+00          3.563354022126e-22          3.805646632399e-22            4.053418930331e-22          0.000000000000e+00            2.871265756793e-05        4.562445884002e-05        2.033630194736e-06        2.562156486044e-08         8.735426762021e-05        1.288334130470e-04        5.440255440971e-06        6.655005800717e-08         6.933570060337e-05        1.090163965383e-04        4.450492941657e-06        4.967015202208e-08         2.432130739327e-37        8.001231471258e-22        3.641391633133e-23        3.406874804012e-34         0.000000000000e+00          1.192605831309e-21          5.003072765413e-23          3.921063007827e-25           7.391326786653e-33        1.772145488206e-21        1.110150092093e-22        1.112530989108e-24         0.000000000000e+00          1.343659993889e-21          7.894292280810e-23          1.115425161579e-24           0.000000000000e+00          0.000000000000e+00          1.761447607033e-21          3.425537665036e-23           2.912267963206e-32         2.315543209044e-21         1.079624639485e-22         9.229847690562e-25          0.000000000000e+00           0.000000000000e+00           1.619904379568e-21           2.607165092919e-23            0.000000000000e+00      2.071878982583e-01    5.840513376109e-09       7.575658093853e-02     9.159005220415e-02     6.389314225504e-10     6.887662600363e-10       7.187985518102e-10     3.028058953152e-08       8.266814733314e-03   5.259475698296e-02   3.217860888723e-02   8.272508655502e-03    2.544739009514e-02   1.522830593133e-01   8.618647018281e-02   2.116241632080e-02    2.043951573088e-02   1.323501748844e-01   7.070975857838e-02   1.557384590743e-02    2.904191319512e-11   2.468607016185e-10   1.722366379192e-10   4.759714094550e-11    4.537237952904e-10     5.068052607631e-10     2.376197853860e-10     9.927856429291e-11      1.142100300878e-10   8.423272880055e-10   5.208705138501e-10   1.340742439723e-10    8.067664260109e-10     8.548210879326e-10     3.667420385379e-10     1.344230930075e-10      4.993175627207e-09     2.991665444572e-08     1.693532410328e-08     4.159213553485e-09      1.269746051734e-10   8.911117365856e-10   4.906838297885e-10   1.097681853368e-10    4.010697794175e-09     2.600243309084e-08     1.389490406901e-08     3.060903996161e-09      
1.621688425509e+03   2.702814042516e+01   7.802814042516e+02   7.600000000000e+02   5.205762026868e+02   5.991127916299e-03   3.658892405494e-04   -1.560762384824e+02  7.802814042516e+02   0.000000000000e+00      1.299560764006e-03    3.967132162554e-11       4.853908867230e-04     5.838609413755e-04     4.424464615385e-12     4.763168922996e-12       4.957313715116e-12     2.041180017091e-10       2.163303555857e-05   2.585745935371e-04   2.374351284882e-04   7.997517537471e-05    6.621593455178e-05   7.466743530398e-04   6.357042888860e-04   2.043292738780e-04    5.286226540981e-05   6.466099158398e-04   5.220443155148e-04   1.502561237258e-04    8.069727628807e-14   1.288078749235e-12   1.347947940573e-12   4.878313961311e-13    1.294589538080e-12     2.701011874273e-12     1.883052709909e-12     1.037774416150e-12      3.162442576910e-13   4.387656663538e-12   4.077068090971e-12   1.372864739526e-12    2.290632580811e-12     4.553062396711e-12     2.906656932816e-12     1.404041909184e-12      1.354456680221e-11     1.532454664510e-10     1.306032657157e-10     4.200469671007e-11      3.508165702284e-13   4.631639418009e-12   3.847103523211e-12   1.123593504828e-12    1.081300721832e-11     1.327156905179e-10     1.072570930889e-10     3.088916041401e-11      0.000000000000e+00           0.000000000000e+00         8.887530641482e-22            0.000000000000e+00          0.000000000000e+00          1.909458735590e-22          2.037241031295e-22            2.171690468080e-22          1.395396705856e-21            1.556258534013e-05        2.480231410648e-05        1.083897729914e-06        1.327199085273e-08         4.752230206058e-05        7.037539537223e-05        2.915506664550e-06        3.457091532721e-08         3.784606334696e-05        5.978250509972e-05        2.401540263027e-06        2.589171557098e-08         0.000000000000e+00        4.341610627235e-28        4.300815244409e-29        1.505097923980e-38         1.371841308947e-26          6.489924320297e-22          2.430494065394e-24          1.914260551655e-33           1.109089367288e-35        7.978242897587e-22        5.999370116965e-23        2.132427464679e-30         1.515052172156e-21          8.079155747089e-22          4.318027478508e-23          4.068428612002e-30           7.268221276571e-20          0.000000000000e+00          9.497060496088e-22          1.813485958356e-23           2.516325810291e-35         8.188422491103e-22         5.861110225175e-23         1.234545929567e-32          0.000000000000e+00           0.000000000000e+00           8.743400075065e-22           1.382248784730e-23            0.000000000000e+00      2.012553945403e-01    6.154723335540e-09       7.503485233903e-02     9.058187157246e-02     6.851910248920e-10     7.376441851818e-10       7.704786407766e-10     3.172455276237e-08       8.300890834049e-03   5.313735020618e-02   3.258055913060e-02   8.237128194684e-03    2.563618878426e-02   1.541774684455e-01   8.750916874838e-02   2.109552179445e-02    2.065168407988e-02   1.341583280262e-01   7.209332819697e-02   1.555010799969e-02    3.110309655020e-11   2.653340797963e-10   1.852586760482e-10   5.030481878207e-11    4.989727689451e-10     5.563871778838e-10     2.588021699253e-10     1.070145430473e-10      1.229896465580e-10   9.081631189699e-10   5.621347970747e-10   1.419083312933e-10    8.908433423115e-10     9.423990216516e-10     4.007617652285e-10     1.451310086578e-10      5.267578598734e-09     3.171895420547e-08     1.800721465334e-08     4.341881792859e-09      1.376773561081e-10   9.632889679761e-10   5.321301800612e-10   1.164212240923e-10    4.243545977394e-09     2.760222655852e-08     1.483576823808e-08     3.200582640546e-09      
1.624166251495e+03   2.706943752492e+01   7.806943752492e+02   7.600000000000e+02   5.204459371404e+02   5.140375336482e-03   3.215421127045e-04   -1.370204192458e+02  7.806943752492e+02   0.000000000000e+00      1.109236208514e-03    3.440087229193e-11       4.157546483067e-04     4.999596912419e-04     3.848294465779e-12     4.142698013477e-12       4.311390216687e-12     1.767482040095e-10       1.858522138393e-05   2.223890098744e-04   2.041606693364e-04   6.856342288294e-05    5.692234695967e-05   6.424168488511e-04   5.469049411418e-04   1.752116620812e-04    4.546901672164e-05   5.564592130310e-04   4.494583399412e-04   1.288832976530e-04    7.019994002545e-14   1.121202443860e-12   1.172721424601e-12   4.230876286477e-13    1.131554707640e-12     2.359794011220e-12     1.642649730924e-12     9.036083837457e-13      2.753952265908e-13   3.821336256775e-12   3.549313445650e-12   1.190999955628e-12    2.003723677255e-12     3.981013977309e-12     2.537119920168e-12     1.222884008198e-12      1.174834473447e-11     1.330353436912e-10     1.133717760437e-10     3.634335843481e-11      3.059104347906e-13   4.035912206447e-12   3.352078012870e-12   9.751242035805e-13    9.384423349168e-12     1.152410109964e-10     9.317562971440e-11     2.673408696090e-11      0.000000000000e+00           0.000000000000e+00         7.787444095928e-22            0.000000000000e+00          0.000000000000e+00          1.672571163085e-22          1.784484087266e-22            1.902216310465e-22          1.225478297528e-21            1.366281605142e-05        2.177864416969e-05        9.475660430900e-07        1.154430504115e-08         4.175067540127e-05        6.185142252529e-05        2.551414370281e-06        3.008654906431e-08         3.327152036445e-05        5.258201333606e-05        2.104286723559e-06        2.254745239460e-08         0.000000000000e+00        1.349208205494e-29        1.133197062879e-30        3.610003478637e-39         4.612216452903e-28          5.699129962095e-22          1.914474405196e-26          1.150355724983e-34           4.278849082717e-36        7.002567609205e-22        5.262032793219e-23        4.918098239139e-32         5.720178655954e-22          7.100764485395e-22          3.796986912364e-23          9.554589772578e-32           0.000000000000e+00          0.000000000000e+00          8.327421601975e-22          1.584729706816e-23           9.058606726838e-36         7.188832764652e-22         5.145040162993e-23         5.554623010743e-34          0.000000000000e+00           0.000000000000e+00           7.667916973279e-22           1.208213865164e-23            0.000000000000e+00      2.001612708226e-01    6.218797195479e-09       7.488823587568e-02     9.037991535107e-02     6.944233382008e-10     7.475483514213e-10       7.807942470857e-10     3.200916037226e-08       8.309598678457e-03   5.325157249687e-02   3.264304873498e-02   8.228452891014e-03    2.567904207011e-02   1.545651826327e-01   8.772337593728e-02   2.107792051017e-02    2.069809314633e-02   1.345283100554e-01   7.232396378442e-02   1.554185815350e-02    3.152728448176e-11   2.691161293492e-10   1.878042293947e-10   5.083645292772e-11    5.081891403541e-10     5.664085320527e-10     2.630603998613e-10     1.085738318849e-10      1.247979311845e-10   9.216192810264e-10   5.702193252453e-10   1.434488134286e-10    9.080061868989e-10     9.601299108442e-10     4.076041271354e-10     1.472890566518e-10      5.323872660593e-09     3.208509525597e-08     1.821388238244e-08     4.377339914119e-09      1.398884257715e-10   9.780670497845e-10   5.402604895202e-10   1.177302184963e-10    4.291361326027e-09     2.792762326676e-08     1.501728513703e-08     3.227701545760e-09      
1.626677043142e+03   2.711128405237e+01   7.811128405237e+02   7.600000000000e+02   5.203070123667e+02   4.384854235785e-03   2.809897505740e-04   -1.196238837699e+02  7.811128405237e+02   0.000000000000e+00      9.412985687090e-04    2.966357687233e-11       3.540292118495e-04     4.256154170597e-04     3.328162273050e-12     3.582833776291e-12       3.728354958287e-12     1.521745821805e-10       1.587596758661e-05   1.901764960214e-04   1.745107500420e-04   5.843516736357e-05    4.865490947454e-05   5.495599309169e-04   4.677264256194e-04   1.493624181812e-04    3.888774206302e-05   4.761457186499e-04   3.846725477554e-04   1.099022755743e-04    6.072990763975e-14   9.705220735344e-13   1.014383569722e-12   3.648357569991e-13    9.835111704494e-13     2.050041749185e-12     1.424823107279e-12     7.823526127436e-13      2.384962759530e-13   3.309594887617e-12   3.072041781194e-12   1.027315579580e-12    1.742945248676e-12     3.461191263853e-12     2.202014830516e-12     1.059094145968e-12      1.013354265895e-11     1.148440200221e-10     9.784277443293e-11     3.126422765023e-11      2.652819536483e-13   3.497276538265e-12   2.903872906038e-12   8.414315108933e-13    8.099263626274e-12     9.950775329392e-11     8.047256942504e-11     2.300486711013e-11      0.000000000000e+00           0.000000000000e+00         6.785683921812e-22            0.000000000000e+00          0.000000000000e+00          1.456880735850e-22          1.554433767173e-22            1.656865968640e-22          1.069975538297e-21            1.192843258385e-05        1.901519543867e-05        8.234877387219e-07        9.983162080777e-09         3.647684838825e-05        5.405174334157e-05        2.219600406855e-06        2.603168934815e-08         2.908823808936e-05        4.598734404766e-05        1.832919590521e-06        1.952094237993e-08         0.000000000000e+00        5.764856621097e-31        4.161758558367e-32        9.815258940015e-40         2.081085091078e-29          4.104350640150e-22          2.147156222311e-28          8.900150024490e-36           1.759934028439e-36        6.112205482912e-22        4.589111517238e-23        1.622526188272e-33         1.029769986137e-22          6.206192761315e-22          3.263723562449e-23          3.158257449365e-33           0.000000000000e+00          0.000000000000e+00          7.260706002088e-22          1.377030930767e-23           3.375537435790e-36         6.276372683383e-22         4.490779025614e-23         3.339717275332e-35          0.000000000000e+00           0.000000000000e+00           6.686784041311e-22           1.050142989775e-23            0.000000000000e+00      1.990706053834e-01    6.284694675614e-09       7.473762825753e-02     9.017331109349e-02     7.038566726166e-10     7.577158964689e-10       7.913347773909e-10     3.229870558506e-08       8.319098016742e-03   5.337030487950e-02   3.270126435792e-02   8.219089610960e-03    2.572446885066e-02   1.549649697115e-01   8.792636592996e-02   2.105861554613e-02    2.074680517945e-02   1.349099433439e-01   7.254503546925e-02   1.553233371999e-02    3.196510769369e-11   2.730139486780e-10   1.903866280396e-10   5.137668007843e-11    5.176698220563e-10     5.766896067200e-10     2.674208012085e-10     1.101719859481e-10      1.266649063859e-10   9.354807624108e-10   5.784268208896e-10   1.450149630132e-10    9.256748176762e-10     9.783305668237e-10     4.146116910793e-10     1.495007974743e-10      5.381904715803e-09     3.246148699667e-08     1.842256355650e-08     4.413230857635e-09      1.421735886291e-10   9.933004197246e-10   5.485174165342e-10   1.190612705088e-10    4.340669838879e-09     2.826230411900e-08     1.520059841156e-08     3.255153474240e-09      
1.629187834790e+03   2.715313057983e+01   7.815313057983e+02   7.600000000000e+02   5.201610778886e+02   3.725899201958e-03   2.445746574140e-04   -1.040266370574e+02  7.815313057983e+02   0.000000000000e+00      7.957508587312e-04    2.548108287311e-11       3.002954985629e-04     3.609185905509e-04     2.867031484616e-12     3.086656254101e-12       3.211513397737e-12     1.305061092008e-10       1.351041847051e-05   1.620110188617e-04   1.485679198133e-04   4.960745674058e-05    4.143090971451e-05   4.683299330363e-04   3.984025075498e-04   1.268266897282e-04    3.313326645384e-05   4.058701273438e-04   3.278952704606e-04   9.334814393137e-05    5.233812687416e-14   8.368839962880e-13   8.738906001910e-13   3.133649471349e-13    8.514871474651e-13     1.773901855466e-12     1.230994681346e-12     6.747236385215e-13      2.057566172842e-13   2.855401007605e-12   2.648222965353e-12   8.826366308432e-13    1.510162283844e-12     2.997313180561e-12     1.903591664559e-12     9.136553886385e-13      8.707575421424e-12     9.876108430126e-11     8.410079316353e-11     2.678913922189e-11      2.291754845090e-13   3.018926151306e-12   2.505403244229e-12   7.232048997730e-13    6.963622788134e-12     8.559429807187e-11     6.922022943381e-11     1.971789147052e-11      0.000000000000e+00           0.000000000000e+00         5.889752599161e-22            0.000000000000e+00          0.000000000000e+00          1.264010689624e-22          1.348783712604e-22            1.437483130991e-22          9.305264146215e-22            1.037339609043e-05        1.653524783491e-05        7.126333503012e-07        8.598062724121e-09         3.174417118895e-05        4.704403598757e-05        1.922757090514e-06        2.243165568897e-08         2.533125563273e-05        4.005686401829e-05        1.589743894583e-06        1.683168788243e-08         0.000000000000e+00        3.450335388721e-32        2.175156530398e-33        3.014312348361e-40         1.288566664615e-30          9.672793272445e-24          3.873077759404e-30          9.007866460312e-37           8.457655898521e-37        5.314227442854e-22        3.986069075622e-23        7.797330296819e-35         1.236022400952e-24          5.402931973677e-22          3.738042834930e-24          1.500969654055e-34           0.000000000000e+00          0.000000000000e+00          6.305364381257e-22          1.191832522269e-23           1.364437565546e-36         5.458344096655e-22         3.903656062977e-23         2.725078980909e-36          0.000000000000e+00           3.109117658647e-22           5.807847388152e-22           9.091470230960e-24            0.000000000000e+00      1.979972175008e-01    6.351565462385e-09       7.458496116000e-02     8.996470306585e-02     7.133693293731e-10     7.680159474384e-10       8.019641787522e-10     3.258937819194e-08       8.329272506062e-03   5.349209754860e-02   3.275439893450e-02   8.209158062980e-03    2.577190068975e-02   1.553719527430e-01   8.811533808288e-02   2.103785072550e-02    2.079720566609e-02   1.352986291344e-01   7.275349952917e-02   1.552165219547e-02    3.241111406272e-11   2.769790453816e-10   1.929716614882e-10   5.191839854298e-11    5.272952760764e-10     5.870988628136e-10     2.718270329153e-10     1.117884150458e-10      1.285673664646e-10   9.495752020785e-10   5.866486614917e-10   1.465862117495e-10    9.436274290010e-10     9.967686715606e-10     4.216939119745e-10     1.517377339495e-10      5.440943066621e-09     3.284339969520e-08     1.863046215718e-08     4.449077114345e-09      1.445045789500e-10   1.008800680052e-09   5.567916131061e-10   1.203969077683e-10    4.390850884954e-09     2.860208623060e-08     1.538324950078e-08     3.282573391726e-09      
1.631698626437e+03   2.719497710729e+01   7.819497710729e+02   7.600000000000e+02   5.200080967677e+02   3.153474647424e-03   2.120160024064e-04   -9.010154017487e+01  7.819497710729e+02   0.000000000000e+00      6.700982557015e-04    2.180307804135e-11       2.537072410524e-04     3.048436586226e-04     2.459911389547e-12     2.648706486072e-12       2.755256169175e-12     1.114776171831e-10       1.145301624836e-05   1.374812395774e-04   1.259646027173e-04   4.194473923418e-05    3.514330171764e-05   3.975527253052e-04   3.379638487035e-04   1.072600426938e-04    2.812136716044e-05   3.446215110562e-04   2.783488525746e-04   7.896973835398e-05    4.493137736785e-14   7.188371821556e-13   7.497686705558e-13   2.680750250429e-13    7.342420571045e-13     1.528769545047e-12     1.059247714338e-12     5.795845198430e-13      1.768232527049e-13   2.453913732582e-12   2.273497869791e-12   7.552886056238e-13    1.303241599875e-12     2.585120050409e-12     1.638961101154e-12     7.850462433830e-13      7.453334162047e-12     8.459922502272e-11     7.199239077004e-11     2.286256381723e-11      1.972158900874e-13   2.595832495635e-12   2.152694009261e-12   6.190913380704e-13    5.964069635981e-12     7.333950081693e-11     5.929603677049e-11     1.683272209345e-11      0.000000000000e+00           0.000000000000e+00         5.091804342414e-22            0.000000000000e+00          0.000000000000e+00          1.092171049538e-22          1.165703077659e-22            1.242147273930e-22          8.060044560804e-22            8.985034959319e-06        1.431952479006e-05        6.140528052690e-07        7.374515603249e-09         2.751510607044e-05        4.077580932155e-05        1.658437707059e-06        1.924941805213e-08         2.197142168575e-05        3.474734201644e-05        1.372858113712e-06        1.445261910282e-08         0.000000000000e+00        2.809706629414e-33        1.570769508096e-34        1.041839563246e-40         1.067956830231e-31          6.474290135517e-26          1.082140776505e-31          1.165659269868e-37           4.372595963774e-37        4.601771152121e-22        3.433816397297e-23        5.278166124397e-36         1.716752346632e-26          4.684718241427e-22          1.877529034764e-26          9.948012796059e-36           7.438284863371e-22          0.000000000000e+00          5.453453832793e-22          1.027392816905e-23           6.727155846318e-37         4.728038636830e-22         3.229691671645e-23         2.936787019274e-37          0.000000000000e+00           0.000000000000e+00           5.023868891576e-22           7.839125923312e-24            0.000000000000e+00      1.969402432942e-01    6.419404155129e-09       7.443022294757e-02     8.975405422643e-02     7.229619588136e-10     7.784483772994e-10       8.126830971131e-10     3.288114412179e-08       8.340117290699e-03   5.361700184567e-02   3.280251361890e-02   8.198665462109e-03    2.582132669182e-02   1.557863686959e-01   8.829044533163e-02   2.101564332707e-02    2.084928547261e-02   1.356946428877e-01   7.294947700695e-02   1.550982762547e-02    3.286544576918e-11   2.810128605313e-10   1.955589825083e-10   5.246156473098e-11    5.370677224440e-10     5.976372864557e-10     2.762790889710e-10     1.134231389140e-10      1.305059533381e-10   9.639079422931e-10   5.948837418542e-10   1.481624389677e-10    9.618688991399e-10     1.015446352203e-09     4.288507702440e-10     1.539998952135e-10      5.500998683633e-09     3.323094199625e-08     1.883753812808e-08     4.484872657938e-09      1.468822667988e-10   1.024574524542e-09   5.650818563974e-10   1.217370328145e-10    4.441914224510e-09     2.894708510892e-08     1.556520080937e-08     3.309956893009e-09      
1.636652358191e+03   2.727753930318e+01   7.827753930318e+02   7.600000000000e+02   5.196854611181e+02   2.242298210980e-03   1.580006346391e-04   -6.704440683593e+01  7.827753930318e+02   0.000000000000e+00      4.718333148273e-04    1.584308013697e-11       1.797568156997e-04     2.158763657369e-04     1.796613968012e-12     1.935315021931e-12       2.012012170961e-12     8.071204295649e-11       8.171607698184e-06   9.828421543080e-05   8.984335811679e-05   2.976233067656e-05    2.510443383718e-05   2.843837192877e-04   2.412924432254e-04   7.614101794549e-05    2.011158282171e-05   2.466500280889e-04   1.989963035809e-04   5.609030568941e-05    3.286481626904e-14   5.263134025258e-13   5.473985929389e-13   1.946457394381e-13    5.415943188466e-13     1.126254976996e-12     7.779797449553e-13     4.242943097738e-13      1.296010904657e-13   1.798480259366e-12   1.661863435400e-12   5.487166706642e-13    9.627840467697e-13     1.907344226509e-12     1.205107453845e-12     5.750150567508e-13      5.420172141557e-12     6.160782029405e-11     5.232639640323e-11     1.652218305535e-11      1.449342519642e-13   1.904524341514e-12   1.576086459886e-12   4.500951266548e-13    4.342173918035e-12     5.343630343679e-11     4.315608605624e-11     1.217147631071e-11      0.000000000000e+00           0.000000000000e+00         3.775076959934e-22            0.000000000000e+00          0.000000000000e+00          1.521884571827e-24          1.992677407134e-23            5.318876244098e-23          5.997759560924e-22            6.686144435992e-06        1.064804245355e-05        4.518832249073e-07        5.380168331693e-09         2.050370937263e-05        3.037250664344e-05        1.222820135664e-06        1.405761959311e-08         1.639474948379e-05        2.592345377737e-05        1.014595191548e-06        1.056680680636e-08         0.000000000000e+00        4.418562767464e-35        2.033072328127e-36        1.928811819096e-41         1.680117832341e-33          1.537228464927e-29          2.908136951457e-34          3.899654060739e-39           1.073883557819e-37        1.538460058594e-23        3.052372419095e-26        6.280326611977e-38         1.407193553648e-29          9.376704131295e-23          2.389939104351e-30          1.113637881783e-37           0.000000000000e+00          0.000000000000e+00          4.045535703440e-22          7.572789294313e-24           1.242367161988e-37         9.206868245071e-23         5.393053432545e-27         7.410400130256e-39          6.421344099797e-21           0.000000000000e+00           3.727781542220e-22           5.781000683361e-24            0.000000000000e+00      1.948996320249e-01    6.556060659975e-09       7.411877928898e-02     8.933228492123e-02     7.421252172168e-10     7.994182983129e-10       8.340964669179e-10     3.345985220138e-08       8.363464637440e-03   5.387276870343e-02   3.288296832614e-02   8.176341819767e-03    2.592464734527e-02   1.566267309557e-01   8.859589824940e-02   2.096765377834e-02    2.095691883826e-02   1.364985141438e-01   7.330003654914e-02   1.548319250616e-02    3.378682935820e-11   2.891788502817e-10   2.006691407271e-10   5.353726993489e-11    5.567885936876e-10     6.188121332439e-10     2.851971651683e-10     1.167020611896e-10      1.344392368503e-10   9.929065542441e-10   6.111661821682e-10   1.512863604142e-10    9.987257980183e-10     1.053008268419e-09     4.431897988609e-10     1.585370734479e-10      5.622512925547e-09     3.401249929995e-08     1.924353303356e-08     4.555321669951e-09      1.517137454571e-10   1.056525176773e-09   5.814810066539e-10   1.243937985194e-10    4.545284910939e-09     2.964351712605e-08     1.592199730277e-08     3.363858176228e-09      
1.646764829412e+03   2.744608049021e+01   7.844608049021e+02   7.600000000000e+02   5.189400583761e+02   1.061868982140e-03   8.225186978681e-05   -3.481476027132e+01  7.844608049021e+02   0.000000000000e+00      2.191648465542e-04    7.846167709537e-12       8.448701078754e-05     1.013600645608e-04     8.980912357105e-13     9.687663120849e-13       1.005462996148e-12     3.964159397893e-11       3.901094830668e-06   4.709707257894e-05   4.274553171768e-05   1.402456851958e-05    1.201327508182e-05   1.364308750209e-04   1.150299217392e-04   3.591146683929e-05    9.646709954313e-06   1.184644267304e-04   9.510790164488e-05   2.648403320883e-05    1.650314822800e-14   2.647657939553e-13   2.731131177946e-13   9.612136845064e-14    2.762868304180e-13     5.728158337622e-13     3.932158642984e-13     2.131389821044e-13      6.534627946192e-14   9.064620731990e-13   8.311409133810e-13   2.712855223817e-13    4.926942350770e-13     9.729875842150e-13     6.104190211043e-13     2.891506188310e-13      2.689722009669e-12     3.065045814761e-11     2.586927096783e-11     8.081278667297e-12      7.347554069290e-14   9.620636012608e-13   7.906703771811e-13   2.228442861769e-13    2.159850396990e-12     2.661563410063e-11     2.138996074366e-11     5.959883644364e-12      0.000000000000e+00           0.000000000000e+00         1.946259681304e-22            0.000000000000e+00          0.000000000000e+00          1.260839421948e-32          5.590289130399e-32            1.250297419503e-31          3.114267413868e-22            3.472593081624e-06        5.514178190586e-06        2.286189614281e-07        2.679245233765e-09         1.067922296406e-05        1.578157363097e-05        6.210233196595e-07        7.014139768543e-09         8.563048535241e-06        1.351522646547e-05        5.175733978331e-07        5.284136767191e-09         0.000000000000e+00        1.192351704975e-37        4.325528393716e-39        2.478659719671e-42         4.250014427886e-36          1.243725885564e-34          6.885067613575e-38          2.748083064928e-41           0.000000000000e+00        1.609754343434e-31        9.590168848751e-34        1.230158964429e-40         6.011770406893e-34          6.536574678790e-31          8.523596282039e-36          1.928190024244e-40           0.000000000000e+00          0.000000000000e+00          2.085887143671e-22          3.855782236563e-24           0.000000000000e+00         5.373422164329e-31         4.200618519624e-34         4.304016947571e-41          0.000000000000e+00           0.000000000000e+00           1.922793605724e-22           2.946322468090e-24            0.000000000000e+00      1.908940437103e-01    6.846364163020e-09       7.345678242535e-02     8.844418565342e-02     7.822434587526e-10     8.438019218490e-10       8.789230109886e-10     3.465260210850e-08       8.419073255916e-03   5.443503406064e-02   3.298943109894e-02   8.124201286248e-03    2.615910688494e-02   1.584429366244e-01   8.905940387886e-02   2.085275148912e-02    2.119627109121e-02   1.382400163618e-01   7.387114772016e-02   1.541543893246e-02    3.577520202168e-11   3.067489172024e-10   2.111147314268e-10   5.574813319541e-11    5.989291883932e-10     6.636455341832e-10     3.039534030971e-10     1.236155971873e-10      1.429345811325e-10   1.055240387581e-09   6.445219446400e-10   1.577165623347e-10    1.077690186756e-09     1.132684781675e-09     4.733595088310e-10     1.681027472407e-10      5.883338607501e-09     3.568114132019e-08     2.006075331171e-08     4.698192072639e-09      1.621794234768e-10   1.125372171410e-09   6.151060921551e-10   1.298658573138e-10    4.767345553048e-09     3.113359023461e-08     1.664043012626e-08     3.473211776009e-09      
1.656877300634e+03   2.761462167724e+01   7.861462167724e+02   7.600000000000e+02   5.180759365550e+02   4.671786886622e-04   3.972334252078e-05   -1.678357454301e+01  7.861462167724e+02   0.000000000000e+00      9.464294123388e-05    3.611724435567e-12       3.687809085326e-05     4.419951386092e-05     4.167813519237e-13     4.504232058208e-13       4.664747234319e-13     1.807733353440e-11       1.732691460938e-06   2.099185352887e-05   1.885616230996e-05   6.134191925591e-06    5.347779971385e-06   6.087038129013e-05   5.083981948809e-05   1.572153450777e-05    4.304173765789e-06   5.292068456338e-05   4.213224673516e-05   1.160653931523e-05    7.708267260904e-15   1.238614599350e-13   1.263156196311e-13   4.405173587607e-14    1.308682042417e-13     2.703334455302e-13     1.843969979043e-13     9.940249476654e-14      3.064255570905e-14   4.247996897513e-13   3.852962019707e-13   1.244723993224e-13    2.341089190541e-13     4.605276298697e-13     2.868309223641e-13     1.349814215065e-13      1.241442936005e-12     1.417905880252e-11     1.185490571466e-11     3.668295489154e-12      3.463978394594e-14   4.519085986693e-13   3.675768566415e-13   1.023856657896e-13    9.991752907672e-13     1.232797741110e-11     9.824915065962e-12     2.708188293462e-12      0.000000000000e+00           0.000000000000e+00         9.316450644475e-23            0.000000000000e+00          0.000000000000e+00          3.962912191406e-37          8.391049093260e-37            1.239647317864e-36          1.500809980431e-22            1.674602951427e-06        2.646316717698e-06        1.068941054989e-07        1.236020203263e-09         5.164450213057e-06        7.598473732253e-06        2.914293067690e-07        3.241809746151e-09         4.152995211955e-06        6.530378410566e-06        2.438884461583e-07        2.447260104887e-09         0.000000000000e+00        3.793688293738e-39        1.145202023565e-40        0.000000000000e+00         1.070894481234e-37          1.407583446884e-37          5.015337353118e-40          2.667607539358e-42           0.000000000000e+00        5.046475677722e-36        6.142087163939e-38        3.454975634807e-42         1.585140498604e-36          1.116065933693e-35          6.455197543166e-39          3.746674162267e-42           4.488358216945e-27          0.000000000000e+00          9.971724381968e-23          1.821601486075e-24           0.000000000000e+00         9.535785515391e-36         4.242430368441e-38         2.939397785921e-42          3.163824752714e-29           0.000000000000e+00           9.194346142324e-23           1.393213660681e-24            0.000000000000e+00      1.870569490200e-01    7.151236692171e-09       7.275695630614e-02     8.751531046655e-02     8.237470970668e-10     8.902385064347e-10       9.252881384255e-10     3.585776774930e-08       8.485220880829e-03   5.505534761094e-02   3.302186111301e-02   8.063297107054e-03    2.642403628934e-02   1.604096077513e-01   8.931761040848e-02   2.071520771013e-02    2.146022033685e-02   1.401313832259e-01   7.425693193331e-02   1.532987643586e-02    3.791719435286e-11   3.256278133074e-10   2.215629668389e-10   5.797457140065e-11    6.437445624143e-10     7.106979748025e-10     3.234401735208e-10     1.308192949866e-10      1.520917188253e-10   1.122147881813e-09   6.779878508699e-10   1.642055690065e-10    1.161979706567e-09     1.216526557910e-09     5.047230666226e-10     1.780692044537e-10      6.161796416502e-09     3.745530231121e-08     2.086052758018e-08     4.839261967789e-09      1.734971208935e-10   1.199518992522e-09   6.488836868228e-10   1.353931768662e-10    5.004477986543e-09     3.272264145350e-08     1.734392956339e-08     3.581265148556e-09      
1.666989771856e+03   2.778316286427e+01   7.878316286427e+02   7.600000000000e+02   5.170897577858e+02   1.898068640662e-04   1.769317983208e-05   -7.466688991700e+00  7.878316286427e+02   0.000000000000e+00      3.775834471588e-05    1.535642793160e-12       1.485835375660e-05     1.779095722353e-05     1.784995531631e-13     1.933098751605e-13       1.997243877363e-13     7.607491457957e-12       7.116625448176e-07   8.651355542064e-06   7.666746915242e-06   2.475330256733e-06    2.200964903647e-06   2.510844868093e-05   2.070942837352e-05   6.349900683664e-06    1.775247914711e-06   2.185863415392e-05   1.719888835577e-05   4.692564457806e-06    3.328671889067e-15   5.356787242592e-14   5.383833644714e-14   1.862274787319e-14    5.721781252746e-14     1.176824188935e-13     7.974709583603e-14     4.277674792998e-14      1.328172974523e-14   1.840143244035e-13   1.645915243639e-13   5.268140423340e-14    1.026817937775e-13     2.010511621109e-13     1.242815757692e-13     5.813928473992e-14      5.296437981424e-13     6.063013836321e-12     5.006034165237e-12     1.535922793757e-12      1.509231858441e-14   1.962291356211e-13   1.574368850716e-13   4.339011751926e-14    4.271974539906e-13     5.278580530781e-12     4.157633350629e-12     1.135061610408e-12      0.000000000000e+00           0.000000000000e+00         5.964415897488e-27            0.000000000000e+00          0.000000000000e+00          1.638913811088e-39          2.366528607335e-39            2.528685605813e-39          6.671685593538e-23            7.453993973391e-07        1.169962164535e-06        4.590993293188e-08        5.250349491811e-10         2.305321569567e-06        3.370166839806e-06        1.256038697440e-07        1.379444445297e-09         1.859307332639e-06        2.907419495576e-06        1.055196675219e-07        1.043322372347e-09         0.000000000000e+00        0.000000000000e+00        0.000000000000e+00        0.000000000000e+00         0.000000000000e+00          3.676794389313e-39          0.000000000000e+00          0.000000000000e+00           0.000000000000e+00        1.783760997027e-38        3.179850340355e-40        0.000000000000e+00         8.782649075936e-38          2.598545684217e-38          1.200538158279e-40          0.000000000000e+00           1.378121410157e-33          1.123040541607e-22          4.392086341848e-23          7.416072895318e-29           0.000000000000e+00         2.622969732604e-38         3.145659573204e-40         0.000000000000e+00          1.484649319904e-34           5.218387386552e-23           4.050358239128e-23           1.873716547334e-32            0.000000000000e+00      1.833336518516e-01    7.469652104877e-09       7.201457648596e-02     8.653852423522e-02     8.666951684858e-10     9.386059060279e-10       9.732481830867e-10     3.707097226945e-08       8.561692985612e-03   5.574122467917e-02   3.298397479512e-02   7.993409771186e-03    2.671667259378e-02   1.625503315410e-01   8.938092222578e-02   2.055440530195e-02    2.174437933958e-02   1.421924708904e-01   7.446743315434e-02   1.522613859171e-02    4.022481386210e-11   3.459659200676e-10   2.319932620004e-10   6.020906842858e-11    6.914396898275e-10     7.600471044387e-10     3.436359686971e-10     1.383011873869e-10      1.619492148634e-10   1.194156257807e-09   7.115055224826e-10   1.707323381024e-10    1.252038416833e-09     1.304716380925e-09     5.372514037060e-10     1.884204903740e-10      6.458149571762e-09     3.934577341892e-08     2.164036676899e-08     4.977689823170e-09      1.857020448712e-10   1.279568790459e-09   6.827611624764e-10   1.409587599464e-10    5.256411751855e-09     3.442050989897e-08     1.803053063667e-08     3.687403635051e-09      
1.677102243078e+03   2.795170405130e+01   7.895170405130e+02   7.600000000000e+02   5.159770049771e+02   7.074947266074e-05   7.221898027484e-06   -3.045657081036e+00  7.895170405130e+02   0.000000000000e+00      1.382282336647e-05    5.990295504483e-13       5.489310276660e-06     6.566374383731e-06     7.009832849548e-14     7.606613524566e-14       7.840990337361e-14     2.934950967738e-12       2.685167098011e-07   3.275930244583e-06   2.854724565790e-06   9.154648540906e-07    8.318597413260e-07   9.514655108019e-06   7.725228985297e-06   2.350575451634e-06    6.721839652169e-07   8.294731620676e-06   6.428339376087e-06   1.738740160031e-06    1.320224997092e-15   2.128232782280e-14   2.101155242961e-14   7.214374043817e-15    2.294454468852e-14     4.695176033660e-14     3.159826751308e-14     1.687346747009e-14      5.285570351921e-15   7.321545672880e-14   6.437732298941e-14   2.043225179386e-14    4.130819992204e-14     8.044005585786e-14     4.933198765841e-14     2.295217896599e-14      2.074617331139e-13     2.381159566007e-12     1.935391437337e-12     5.892636749934e-13      6.035288638708e-15   7.826652544444e-14   6.173155360769e-14   1.684985993737e-14    1.676390396741e-13     2.075982673735e-12     1.610557978654e-12     4.358899847080e-13      0.000000000000e+00           0.000000000000e+00         2.204151256850e-35            0.000000000000e+00          0.000000000000e+00          0.000000000000e+00          0.000000000000e+00            0.000000000000e+00          2.716961821495e-23            3.043116227363e-07        4.734277098850e-07        1.798857895461e-08        2.039770635557e-10         9.438372906415e-07        1.368141054911e-06        4.937977214768e-08        5.367887460589e-10         7.635358257937e-07        1.185138815755e-06        4.163368766185e-08        4.066946634403e-10         0.000000000000e+00        0.000000000000e+00        0.000000000000e+00        0.000000000000e+00         0.000000000000e+00          0.000000000000e+00          0.000000000000e+00          0.000000000000e+00           0.000000000000e+00        0.000000000000e+00        0.000000000000e+00        0.000000000000e+00         0.000000000000e+00          0.000000000000e+00          0.000000000000e+00          0.000000000000e+00           8.960531631724e-37          2.394238412949e-23          3.938282421108e-24          1.777472406984e-37           0.000000000000e+00         0.000000000000e+00         0.000000000000e+00         0.000000000000e+00          2.996550654999e-37           2.166977602834e-23           7.855524124115e-27           6.335794303252e-39            0.000000000000e+00      1.796714692465e-01    7.800304107887e-09       7.122305774318e-02     8.550449145791e-02     9.111503011065e-10     9.887208942159e-10       1.022860812321e-09     3.828657097915e-08       8.647886412209e-03   5.650411926803e-02   3.287828786476e-02   7.913957633415e-03    2.703164504973e-02   1.648975289932e-01   8.925677677367e-02   2.036879315573e-02    2.204089732662e-02   1.444471697981e-01   7.451057624522e-02   1.510314303338e-02    4.270946434804e-11   3.679604738018e-10   2.423790054244e-10   6.244100983503e-11    7.422592478667e-10     8.117717254962e-10     3.645021793897e-10     1.460412700883e-10      1.725318122400e-10   1.271936475211e-09   7.450009726026e-10   1.772669594590e-10    1.348384018828e-09     1.397445917638e-09     5.708901376962e-10     1.991294459029e-10      6.771974716331e-09     4.136672556071e-08     2.239714912376e-08     5.112357709742e-09      1.987979426082e-10   1.366247312656e-09   7.166756453493e-10   1.465381342703e-10    5.521905940716e-09     3.623906559035e-08     1.869785565514e-08     3.790803326772e-09      
1.684328446115e+03   2.807214076859e+01   7.907214076859e+02   7.600000000000e+02   5.151012494731e+02   3.302510919486e-05   3.594853806935e-06   -1.515707381981e+00  7.907214076859e+02   0.000000000000e+00      6.369566471904e-06    2.888196177669e-13       2.545092219919e-06     3.042329056014e-06     3.395398666621e-14     3.688931030788e-14       3.797124836872e-14     1.403388096381e-12       1.265247434462e-07   1.548024369211e-06   1.330095089736e-06   4.246436583512e-07    3.923414789302e-07   4.498115210860e-06   3.604036979990e-06   1.091047687745e-06    3.173572180391e-07   3.925331646042e-06   3.003004189033e-06   8.075925085057e-07    6.446178902147e-16   1.040725923050e-14   1.012355133542e-14   3.458994717982e-15    1.128324686891e-14     2.299388175177e-14     1.539457238900e-14     8.196279099434e-15      2.586222730712e-15   3.583731762740e-14   3.106603091048e-14   9.804557506057e-15    2.036103466566e-14     3.947355131702e-14     2.406367229769e-14     1.115516451120e-14      1.003631108769e-13     1.154661852153e-12     9.261461214681e-13     2.805516311761e-13      2.962447202909e-15   3.837660938312e-14   2.983968673408e-14   8.092581454191e-15    8.118159838925e-14     1.007689905698e-12     7.717316373607e-13     2.076672773961e-13      0.000000000000e+00           0.000000000000e+00         2.266598855582e-38            0.000000000000e+00          0.000000000000e+00          0.000000000000e+00          0.000000000000e+00            0.000000000000e+00          1.642693155078e-28            1.515782595876e-07        2.340186736910e-07        8.670231224653e-09        9.787693896477e-11         4.710874793669e-07        6.778528992884e-07        2.385539456716e-08        2.578556575751e-10         3.819320872439e-07        5.890405146939e-07        2.016227355126e-08        1.955845398639e-10         0.000000000000e+00        0.000000000000e+00        0.000000000000e+00        0.000000000000e+00         0.000000000000e+00          0.000000000000e+00          0.000000000000e+00          0.000000000000e+00           0.000000000000e+00        0.000000000000e+00        0.000000000000e+00        0.000000000000e+00         0.000000000000e+00          0.000000000000e+00          0.000000000000e+00          0.000000000000e+00           8.736441945362e-38          8.644791313000e-30          5.608287458396e-33          1.819313433354e-40           0.000000000000e+00         0.000000000000e+00         0.000000000000e+00         0.000000000000e+00          0.000000000000e+00           5.285145146251e-31           2.420435584272e-34           3.316658856866e-41            0.000000000000e+00      1.770652903464e-01    8.043242777408e-09       7.062322727917e-02     8.472482373422e-02     9.438746787541e-10     1.025472686274e-09       1.059355432686e-09     3.915296093591e-08       8.714757883882e-03   5.710372753143e-02   3.276188431357e-02   7.850871856998e-03    2.726639960041e-02   1.667219853106e-01   8.905540391465e-02   2.021976183827e-02    2.225515916407e-02   1.461922178388e-01   7.444169690670e-02   1.500258626775e-02    4.459844623412e-11   3.848217534603e-10   2.497531349101e-10   6.402688340368e-11    7.806411929734e-10     8.502282588137e-10     3.797918919325e-10     1.517152378162e-10      1.805445785211e-10   1.331494395124e-09   7.688664264635e-10   1.819201321117e-10    1.421406740537e-09     1.466594483457e-09     5.955620716541e-10     2.069801722670e-10      7.006363116815e-09     4.290013556230e-08     2.292158469964e-08     5.205537299994e-09      2.086919323441e-10   1.432719160988e-09   7.408851661691e-10   1.505159911996e-10    5.718901799162e-09     3.762022386642e-08     1.916121062126e-08     3.862456778956e-09      
1.684435537032e+03   2.807392561720e+01   7.907392561720e+02   7.600000000000e+02   5.150877554960e+02   3.264220778946e-05   3.556546767454e-06   -1.499553156816e+00  7.907392561720e+02   0.000000000000e+00      6.294507098406e-06    2.856076033604e-13       2.515324924200e-06     3.006714477866e-06     3.357865669746e-14     3.648211862979e-14       3.755138017313e-14     1.387607074971e-12       1.250757047798e-07   1.530364108392e-06   1.314628621213e-06   4.196790460140e-07    3.878528585359e-07   4.446826891891e-06   3.562196767797e-06   1.078302551707e-06    3.137306405308e-07   3.880632154073e-06   2.968199046418e-06   7.981663048158e-07    6.375710449750e-16   1.029374939133e-14   1.001080124529e-14   3.420230142920e-15    1.116103856754e-14     2.274336913728e-14     1.522565033141e-14     8.105996268724e-15      2.558026003794e-15   3.544693114054e-14   3.072074480496e-14   9.694798207176e-15    2.014120310734e-14     3.904466148528e-14     2.380004786440e-14     1.103237699057e-14      9.925212159265e-14     1.141924732058e-12     9.157380386386e-13     2.773784927768e-13      2.930280635154e-15   3.795954150547e-14   2.950875780703e-14   8.002089457455e-15    8.028401246486e-14     9.965889074183e-13     7.630736604626e-13     2.053204764023e-13      0.000000000000e+00           0.000000000000e+00         2.063017585233e-38            0.000000000000e+00          0.000000000000e+00          0.000000000000e+00          0.000000000000e+00            0.000000000000e+00          1.198291434026e-28            1.499649781063e-07        2.314998462829e-07        8.573579093451e-09        9.678045532357e-11         4.660876954866e-07        6.705800784064e-07        2.359025983987e-08        2.549709994515e-10         3.778908776599e-07        5.827486963154e-07        1.993888674691e-08        1.933996466892e-10         0.000000000000e+00        0.000000000000e+00        0.000000000000e+00        0.000000000000e+00         0.000000000000e+00          0.000000000000e+00          0.000000000000e+00          0.000000000000e+00           0.000000000000e+00        0.000000000000e+00        0.000000000000e+00        0.000000000000e+00         0.000000000000e+00          0.000000000000e+00          0.000000000000e+00          0.000000000000e+00           8.640700497719e-38          6.712583914028e-30          4.513702887965e-33          1.713797162185e-40           0.000000000000e+00         0.000000000000e+00         0.000000000000e+00         0.000000000000e+00          0.000000000000e+00           4.224330763659e-31           2.016227080589e-34           3.280537784725e-41            0.000000000000e+00      1.770266493171e-01    8.046881644102e-09       7.061411012483e-02     8.471299522956e-02     9.443657765078e-10     1.026022708379e-09       1.059902914461e-09     3.916577170019e-08       8.715778390680e-03   5.711297681904e-02   3.275990437681e-02   7.849895803277e-03    2.726992395960e-02   1.667500149909e-01   8.905171843078e-02   2.021744617378e-02    2.225833222283e-02   1.462189755867e-01   7.444005880465e-02   1.500101346309e-02    4.462716716720e-11   3.850793167516e-10   2.498620263230e-10   6.405029786341e-11    7.812235794565e-10     8.508076809590e-10     3.800207146938e-10     1.518001578246e-10      1.806661718135e-10   1.332403756100e-09   7.692193984709e-10   1.819888993600e-10    1.422516446558e-09     1.467637731807e-09     5.959314664425e-10     2.070976726830e-10      7.009897798504e-09     4.292345636763e-08     2.292924431717e-08     5.206896061974e-09      2.088418906927e-10   1.433734664250e-09   7.412435510627e-10   1.505748106306e-10    5.721863208052e-09     3.764123606096e-08     1.916798509455e-08     3.863502403620e-09      
1.684542627948e+03   2.807571046581e+01   7.907571046581e+02   7.600000000000e+02   5.150742460414e+02   3.226338873818e-05   3.518608717639e-06   -1.483554588161e+00  7.907571046581e+02   0.000000000000e+00      6.220263213355e-06    2.824281733421e-13       2.485878063362e-06     2.971483668692e-06     3.320710650643e-14     3.607901829995e-14       3.713574173347e-14     1.371988182861e-12       1.236419081790e-07   1.512888867771e-06   1.299327355820e-06   4.147678268372e-07    3.834113739798e-07   4.396075507114e-06   3.520802610941e-06   1.065694353564e-06    3.101420773803e-07   3.836399907666e-06   2.933764205757e-06   7.888412784940e-07    6.305943241297e-16   1.018136674250e-14   9.899195247997e-15   3.381862061092e-15    1.104003162451e-14     2.249533445685e-14     1.505841267252e-14     8.016618162549e-15      2.530108830136e-15   3.506041506669e-14   3.037895373392e-14   9.586160098962e-15    1.992352448393e-14     3.862000021453e-14     2.353904689068e-14     1.091081879824e-14      9.815234827526e-14     1.129315786251e-12     9.054366918947e-13     2.742381618090e-13      2.898431244539e-15   3.754659690974e-14   2.918116945821e-14   7.912520554277e-15    7.939547078960e-14     9.855994413961e-13     7.545042834811e-13     2.029979139753e-13      0.000000000000e+00           0.000000000000e+00         1.952235425000e-38            0.000000000000e+00          0.000000000000e+00          0.000000000000e+00          0.000000000000e+00            0.000000000000e+00          8.766869863542e-29            1.483672353446e-07        2.290055394959e-07        8.477904924434e-09        9.569516092863e-11         4.611359063154e-07        6.633777878390e-07        2.332779780321e-08        2.521157261594e-10         3.738883210234e-07        5.765175891149e-07        1.971774277183e-08        1.912369685133e-10         0.000000000000e+00        0.000000000000e+00        0.000000000000e+00        0.000000000000e+00         0.000000000000e+00          0.000000000000e+00          0.000000000000e+00          0.000000000000e+00           0.000000000000e+00        0.000000000000e+00        0.000000000000e+00        0.000000000000e+00         0.000000000000e+00          0.000000000000e+00          0.000000000000e+00          0.000000000000e+00           8.545913750826e-38          5.223751226424e-30          3.640346120782e-33          1.525591345765e-40           0.000000000000e+00         0.000000000000e+00         0.000000000000e+00         0.000000000000e+00          0.000000000000e+00           3.383228069216e-31           1.682439129893e-34           2.595818820920e-41            0.000000000000e+00      1.769880064947e-01    8.050521596193e-09       7.060498607657e-02     8.470115840237e-02     9.448570551501e-10     1.026572880627e-09       1.060450591773e-09     3.917858140178e-08       8.716799827369e-03   5.712223689298e-02   3.275791697156e-02   7.848918521595e-03    2.727344986075e-02   1.667780743283e-01   8.904801242118e-02   2.021512731325e-02    2.226150538295e-02   1.462457602328e-01   7.443840267857e-02   1.499943819541e-02    4.465591012236e-11   3.853371106901e-10   2.499709049231e-10   6.407370933642e-11    7.818063707635e-10     8.513873827399e-10     3.802496009175e-10     1.518851013818e-10      1.807878512809e-10   1.333313920646e-09   7.695723458655e-10   1.820576598169e-10    1.423626975445e-09     1.468681525973e-09     5.963009685509e-10     2.072152057328e-10      7.013434335909e-09     4.294679500371e-08     2.293690049753e-08     5.208254134714e-09      2.089919496387e-10   1.434751082570e-09   7.416019210042e-10   1.506336252268e-10    5.724825891269e-09     3.766226454352e-08     1.917475674979e-08     3.864547521338e-09      
1.684649718865e+03   2.807749531441e+01   7.907749531441e+02   7.600000000000e+02   5.150607212274e+02   3.188861269774e-05   3.481036483782e-06   -1.467710352328e+00  7.907749531441e+02   0.000000000000e+00      6.146826777088e-06    2.792810314314e-13       2.456748515823e-06     2.936632885372e-06     3.283930209735e-14     3.567997256480e-14       3.672429499036e-14     1.356529926875e-12       1.222232081148e-07   1.495596898521e-06   1.284189701569e-06   4.099094815770e-07    3.790165763055e-07   4.345855986993e-06   3.479850221187e-06   1.053221763173e-06    3.065911674621e-07   3.792630503615e-06   2.899696116474e-06   7.796164479972e-07    6.236871008254e-16   1.007010129818e-14   9.788722980378e-15   3.343886841920e-15    1.092021553609e-14     2.224975590016e-14     1.489284444408e-14     7.928136685597e-15      2.502468722978e-15   3.467773519328e-14   3.004062613787e-14   9.478632931377e-15    1.970798005937e-14     3.819953043838e-14     2.328064612505e-14     1.079047894783e-14      9.706368905436e-14     1.116833861842e-12     8.952411026059e-13     2.711303341006e-13      2.866896229237e-15   3.713773927575e-14   2.885689163060e-14   7.823866320585e-15    7.851589145216e-14     9.747205064802e-13     7.460226963828e-13     2.006993656941e-13      0.000000000000e+00           0.000000000000e+00         1.755771160259e-38            0.000000000000e+00          0.000000000000e+00          0.000000000000e+00          0.000000000000e+00            0.000000000000e+00          6.432720357658e-29            1.467848932518e-07        2.265355432432e-07        8.383199962971e-09        9.462095412587e-11         4.562316856292e-07        6.562454262384e-07        2.306798465073e-08        2.492895713791e-10         3.699240742415e-07        5.703466785001e-07        1.949882175765e-08        1.890963045214e-10         0.000000000000e+00        0.000000000000e+00        0.000000000000e+00        0.000000000000e+00         0.000000000000e+00          0.000000000000e+00          0.000000000000e+00          0.000000000000e+00           0.000000000000e+00        0.000000000000e+00        0.000000000000e+00        0.000000000000e+00         0.000000000000e+00          0.000000000000e+00          0.000000000000e+00          0.000000000000e+00           8.452073172050e-38          4.074073858111e-30          2.942058667607e-33          1.425102202619e-40           0.000000000000e+00         0.000000000000e+00         0.000000000000e+00         0.000000000000e+00          0.000000000000e+00           2.715009671922e-31           1.406331312662e-34           2.567490367155e-41            0.000000000000e+00      1.769493619188e-01    8.054162603173e-09       7.059585515984e-02     8.468931328201e-02     9.453485127715e-10     1.027123198290e-09       1.060998462422e-09     3.919138997826e-08       8.717822136136e-03   5.713150778085e-02   3.275592211244e-02   7.847940014723e-03    2.727697711601e-02   1.668061634133e-01   8.904428592610e-02   2.021280526369e-02    2.226467848531e-02   1.462725718642e-01   7.443672856371e-02   1.499786046989e-02    4.468467472459e-11   3.855951349368e-10   2.500797702385e-10   6.409711769648e-11    7.823895644255e-10     8.519673610619e-10     3.804785490651e-10     1.519700678504e-10      1.809096153229e-10   1.334224887576e-09   7.699252671952e-10   1.821264131214e-10    1.424738322839e-09     1.469725860715e-09     5.966705755744e-10     2.073327705439e-10      7.016972674789e-09     4.297015146612e-08     2.294455321818e-08     5.209611512087e-09      2.091421072110e-10   1.435768414670e-09   7.419602745889e-10   1.506924346860e-10    5.727789802922e-09     3.768330931358e-08     1.918152556912e-08     3.865592127617e-09      
1.684756809781e+03   2.807928016302e+01   7.907928016302e+02   7.600000000000e+02   5.150471811042e+02   3.151784066161e-05   3.443826944715e-06   -1.452019140544e+00  7.907928016302e+02   0.000000000000e+00      6.074189820116e-06    2.761658854009e-13       2.427933186801e-06     2.902158416973e-06     3.247520986113e-14     3.528494521836e-14       3.631700231908e-14     1.341230829689e-12       1.208194607495e-07   1.478486466308e-06   1.269214079919e-06   4.051034954337e-07    3.746680218635e-07   4.296163303924e-06   3.439335346400e-06   1.040883461758e-06    3.030775539897e-07   3.749319575047e-06   2.865991257769e-06   7.704908401560e-07    6.168487575444e-16   9.959943178697e-15   9.679374191838e-15   3.306300894702e-15    1.080157994375e-14     2.200661196195e-14     1.472893088946e-14     7.840543858713e-15      2.475103233868e-15   3.429885767463e-14   2.970573080045e-14   9.372206567108e-15    1.949455135766e-14     3.778321560991e-14     2.302482264467e-14     1.067134661072e-14      9.598604341557e-14     1.104477816626e-12     8.851503016244e-13     2.680547085128e-13      2.835672832668e-15   3.673293267766e-14   2.853589459458e-14   7.736118425103e-15    7.764519364690e-14     9.639511107510e-13     7.376280969250e-13     1.984246093684e-13      0.000000000000e+00           0.000000000000e+00         1.650113944264e-38            0.000000000000e+00          0.000000000000e+00          0.000000000000e+00          0.000000000000e+00            0.000000000000e+00          4.733741843088e-29            1.452178182312e-07        2.240896489176e-07        8.289455520363e-09        9.355773405045e-11         4.513746221153e-07        6.491823964545e-07        2.281079675383e-08        2.464922708507e-10         3.659978072050e-07        5.642354534363e-07        1.928210398308e-08        1.869774554456e-10         0.000000000000e+00        0.000000000000e+00        0.000000000000e+00        0.000000000000e+00         0.000000000000e+00          0.000000000000e+00          0.000000000000e+00          0.000000000000e+00           0.000000000000e+00        0.000000000000e+00        0.000000000000e+00        0.000000000000e+00         0.000000000000e+00          0.000000000000e+00          0.000000000000e+00          0.000000000000e+00           8.359170342465e-38          3.184379529037e-30          2.382596780213e-33          1.326610831029e-40           0.000000000000e+00         0.000000000000e+00         0.000000000000e+00         0.000000000000e+00          0.000000000000e+00           2.183094732831e-31           1.177537420361e-34           2.539442392748e-41            0.000000000000e+00      1.769107155882e-01    8.057804682196e-09       7.058671738370e-02     8.467745987821e-02     9.458401507937e-10     1.027673663967e-09       1.061546527995e-09     3.920419747169e-08       8.718845289365e-03   5.714078949672e-02   3.275391980644e-02   7.846960283621e-03    2.728050563894e-02   1.668342822969e-01   8.904053896507e-02   2.021048002743e-02    2.226785145904e-02   1.462994105338e-01   7.443503647793e-02   1.499628028826e-02    4.471346090442e-11   3.858533902142e-10   2.501886225524e-10   6.412052301590e-11    7.829731625679e-10     8.525476180232e-10     3.807075600002e-10     1.520550575888e-10      1.810314636627e-10   1.335136659514e-09   7.702781633480e-10   1.821951594793e-10    1.425850492793e-09     1.470770739762e-09     5.970402888686e-10     2.074503676033e-10      7.020512798393e-09     4.299352580738e-08     2.295220249595e-08     5.210968198041e-09      2.092923631094e-10   1.436786663575e-09   7.423186126938e-10   1.507512391795e-10    5.730754928859e-09     3.770437041929e-08     1.918829156655e-08     3.866636225335e-09      
1.684863900698e+03   2.808106501163e+01   7.908106501163e+02   7.600000000000e+02   5.150336256920e+02   3.115103395578e-05   3.406977011329e-06   -1.436479651523e+00  7.908106501163e+02   0.000000000000e+00      6.002344442619e-06    2.730824447116e-13       2.399429008121e-06     2.868056584516e-06     3.211479640651e-14     3.489390024010e-14       3.591382633849e-14     1.326089424331e-12       1.194305236629e-07   1.461555851194e-06   1.254398925678e-06   4.003493580208e-07    3.703652713850e-07   4.246992471963e-06   3.399253770298e-06   1.028678141831e-06    2.996008837039e-07   3.706462791182e-06   2.832646138421e-06   7.614634901163e-07    6.100786818298e-16   9.850882568686e-15   9.571138700146e-15   3.269100653167e-15    1.068411454239e-14     2.176588124821e-14     1.456665732941e-14     7.753831744782e-15      2.448009934217e-15   3.392374888305e-14   2.937423671191e-14   9.266870937517e-15    1.928321999656e-14     3.737101936884e-14     2.277155364611e-14     1.055341101511e-14      9.491931174230e-14     1.092246516574e-12     8.751633267958e-13     2.650109861052e-13      2.804758320121e-15   3.633214141754e-14   2.821814881547e-14   7.649268592717e-15    7.678329729230e-14     9.532902693753e-13     7.293196886380e-13     1.961734244276e-13      0.000000000000e+00           0.000000000000e+00         1.546497718289e-38            0.000000000000e+00          0.000000000000e+00          0.000000000000e+00          0.000000000000e+00            0.000000000000e+00          3.493541218609e-29            1.436658792208e-07        2.216676494010e-07        8.196662973694e-09        9.250540062297e-11         4.465643126072e-07        6.421881055665e-07        2.255621066145e-08        2.437235623648e-10         3.621091966215e-07        5.581834064774e-07        1.906756987377e-08        1.848802235576e-10         0.000000000000e+00        0.000000000000e+00        0.000000000000e+00        0.000000000000e+00         0.000000000000e+00          0.000000000000e+00          0.000000000000e+00          0.000000000000e+00           0.000000000000e+00        0.000000000000e+00        0.000000000000e+00        0.000000000000e+00         0.000000000000e+00          0.000000000000e+00          0.000000000000e+00          0.000000000000e+00           8.267196917051e-38          2.494398678539e-30          1.933448842782e-33          1.230088518788e-40           0.000000000000e+00         0.000000000000e+00         0.000000000000e+00         0.000000000000e+00          0.000000000000e+00           1.758851226706e-31           9.876376444405e-35           2.511672440222e-41            0.000000000000e+00      1.768720674836e-01    8.061447832681e-09       7.057757275000e-02     8.466559819205e-02     9.463319693724e-10     1.028224277536e-09       1.062094788645e-09     3.921700387991e-08       8.719869273384e-03   5.715008204861e-02   3.275191005722e-02   7.845979328457e-03    2.728403538827e-02   1.668624310127e-01   8.903677154843e-02   2.020815160479e-02    2.227102427130e-02   1.463262762791e-01   7.443332643146e-02   1.499469765073e-02    4.474226861110e-11   3.861118768021e-10   2.502974618402e-10   6.414392528662e-11    7.835571655999e-10     8.531281537873e-10     3.809366336935e-10     1.521400705850e-10      1.811533960956e-10   1.336049237509e-09   7.706310342587e-10   1.822638988674e-10    1.426963486222e-09     1.471816163503e-09     5.974101083915e-10     2.075679968929e-10      7.024054697178e-09     4.301691804969e-08     2.295984832860e-08     5.212324191835e-09      2.094427170971e-10   1.437805830549e-09   7.426769352676e-10   1.508100386872e-10    5.733721261188e-09     3.772544788267e-08     1.919505474048e-08     3.867679813922e-09      
1.684970991614e+03   2.808284986024e+01   7.908284986024e+02   7.600000000000e+02   5.150200549979e+02   3.078815423557e-05   3.370483621478e-06   -1.421090593223e+00  7.908284986024e+02   0.000000000000e+00      5.931282813928e-06    2.700304210926e-13       2.371232938024e-06     2.834323740749e-06     3.175802859984e-14     3.450680188499e-14       3.551472995599e-14     1.311104255490e-12       1.180562557240e-07   1.444803347535e-06   1.239742686917e-06   3.956465633328e-07    3.661078895646e-07   4.198338546537e-06   3.359601312207e-06   1.016604507112e-06    2.961608065216e-07   3.664055857089e-06   2.799657296582e-06   7.525334412797e-07    6.033762663814e-16   9.742909727164e-15   9.464006402036e-15   3.232282579158e-15    1.056780910307e-14     2.152754252417e-14     1.440600919528e-14     7.667992467087e-15      2.421186415764e-15   3.355237544479e-14   2.904611310195e-14   9.162616053175e-15    1.907396772875e-14     3.696290562385e-14     2.252081649702e-14     1.043666147104e-14      9.386339526986e-14     1.080138836427e-12     8.652792235516e-13     2.619988703340e-13      2.774149979575e-15   3.593533006567e-14   2.790362498539e-14   7.563308613245e-15    7.593012298900e-14     9.427370051173e-13     7.210966813052e-13     1.939455920660e-13      0.000000000000e+00           0.000000000000e+00         1.444894667746e-38            0.000000000000e+00          0.000000000000e+00          0.000000000000e+00          0.000000000000e+00            0.000000000000e+00          2.585651975020e-29            1.421289468170e-07        2.192693390632e-07        8.104813765547e-09        9.146385454508e-11         4.418003591290e-07        6.352619648833e-07        2.230420309937e-08        2.409831857510e-10         3.582579234326e-07        5.521900337692e-07        1.885520000174e-08        1.828044126607e-10         0.000000000000e+00        0.000000000000e+00        0.000000000000e+00        0.000000000000e+00         0.000000000000e+00          0.000000000000e+00          0.000000000000e+00          0.000000000000e+00           0.000000000000e+00        0.000000000000e+00        0.000000000000e+00        0.000000000000e+00         0.000000000000e+00          0.000000000000e+00          0.000000000000e+00          0.000000000000e+00           8.176144620758e-38          1.958156579924e-30          1.572133281789e-33          1.135506883325e-40           0.000000000000e+00         0.000000000000e+00         0.000000000000e+00         0.000000000000e+00          0.000000000000e+00           1.419826062238e-31           8.297514714755e-35           2.484178070254e-41            0.000000000000e+00      1.768334175780e-01    8.065092053485e-09       7.056842125739e-02     8.465372822081e-02     9.468239686133e-10     1.028775038796e-09       1.062643244467e-09     3.922980919792e-08       8.720894080986e-03   5.715938544173e-02   3.274989286691e-02   7.844997149048e-03    2.728756634314e-02   1.668906095862e-01   8.903298368247e-02   2.020581999516e-02    2.227419690599e-02   1.463531691309e-01   7.443159843111e-02   1.499311255682e-02    4.477109782593e-11   3.863705949532e-10   2.504062880601e-10   6.416732449629e-11    7.841415738751e-10     8.537089684566e-10     3.811657700879e-10     1.522251068156e-10      1.812754125479e-10   1.336962622516e-09   7.709838798088e-10   1.823326312499e-10    1.428077303938e-09     1.472862132221e-09     5.977800340580e-10     2.076856583792e-10      7.027598366615e-09     4.304032821184e-08     2.296749071210e-08     5.213679492327e-09      2.095931690899e-10   1.438825916756e-09   7.430352422080e-10   1.508688331789e-10    5.736688796144e-09     3.774654172284e-08     1.920181508781e-08     3.868722892512e-09      
1.685078082531e+03   2.808463470885e+01   7.908463470885e+02   7.600000000000e+02   5.150064690228e+02   3.042916348289e-05   3.334343737043e-06   -1.405850682843e+00  7.908463470885e+02   0.000000000000e+00      5.860997172008e-06    2.670095285301e-13       2.343341960980e-06     2.800956269916e-06     3.140487356357e-14     3.412361468242e-14       3.511967636585e-14     1.296273879466e-12       1.166965170276e-07   1.428227263890e-06   1.225243824873e-06   3.909946097138e-07    3.618954448601e-07   4.150196624161e-06   3.320373826808e-06   1.004661272445e-06    2.927569753709e-07   3.622094513436e-06   2.767021299571e-06   7.436997452444e-07    5.967409087550e-16   9.636014987209e-15   9.357967272836e-15   3.195843162493e-15    1.045265347263e-14     2.129157471361e-14     1.424697202856e-14     7.583018209072e-15      2.394630289339e-15   3.318470423894e-14   2.872132943857e-14   9.059432003465e-15    1.886677644128e-14     3.655883855158e-14     2.227258873551e-14     1.032108737004e-14      9.281819603749e-14     1.068153659665e-12     8.554970448758e-13     2.590180670406e-13      2.743845120268e-15   3.554246345942e-14   2.759229402224e-14   7.478230341117e-15    7.508559198035e-14     9.322903483079e-13     7.129582909366e-13     1.917408952348e-13      0.000000000000e+00           0.000000000000e+00         1.345277247726e-38            0.000000000000e+00          0.000000000000e+00          0.000000000000e+00          0.000000000000e+00            0.000000000000e+00          1.919148327149e-29            1.406068928714e-07        2.168945137574e-07        8.013899403652e-09        9.043299729474e-11         4.370823675683e-07        6.284033899304e-07        2.205475096923e-08        2.382708828655e-10         3.544436716798e-07        5.462548350390e-07        1.864497508460e-08        1.807498280806e-10         0.000000000000e+00        0.000000000000e+00        0.000000000000e+00        0.000000000000e+00         0.000000000000e+00          0.000000000000e+00          0.000000000000e+00          0.000000000000e+00           0.000000000000e+00        0.000000000000e+00        0.000000000000e+00        0.000000000000e+00         0.000000000000e+00          0.000000000000e+00          0.000000000000e+00          0.000000000000e+00           0.000000000000e+00          1.540510468391e-30          1.280892487477e-33          1.123056166319e-40           0.000000000000e+00         0.000000000000e+00         0.000000000000e+00         0.000000000000e+00          0.000000000000e+00           1.148378062981e-31           6.982621343130e-35           2.456956861615e-41            0.000000000000e+00      1.767947658407e-01    8.068737343204e-09       7.055926290313e-02     8.464184996007e-02     9.473161485978e-10     1.029325947508e-09       1.063191895533e-09     3.924261341937e-08       8.721919707950e-03   5.716869967995e-02   3.274786823699e-02   7.844013745059e-03    2.729109849193e-02   1.669188180391e-01   8.902917537163e-02   2.020348519753e-02    2.227736935445e-02   1.463800891168e-01   7.442985248211e-02   1.499152500577e-02    4.479994854497e-11   3.866295449064e-10   2.505151011621e-10   6.419072063050e-11    7.847263877202e-10     8.542900621048e-10     3.813949691136e-10     1.523101662520e-10      1.813975130049e-10   1.337876815444e-09   7.713366998550e-10   1.824013565853e-10    1.429191946708e-09     1.473908646151e-09     5.981500657627e-10     2.078033520215e-10      7.031143804437e-09     4.306375631097e-08     2.297512964160e-08     5.215034098191e-09      2.097437190707e-10   1.439846923314e-09   7.433935333883e-10   1.509276226196e-10    5.739657531778e-09     3.776765195748e-08     1.920857260475e-08     3.869765460102e-09      
1.685185173447e+03   2.808641955745e+01   7.908641955745e+02   7.600000000000e+02   5.149928677649e+02   3.007402400380e-05   3.298554342591e-06   -1.390758646798e+00  7.908641955745e+02   0.000000000000e+00      5.791479822953e-06    2.640194832639e-13       2.315753087493e-06     2.767950587529e-06     3.105529867526e-14     3.374430343627e-14       3.472862904809e-14     1.281596864116e-12       1.153511688610e-07   1.411825922914e-06   1.210900813855e-06   3.863929998263e-07    3.577275093891e-07   4.102561842157e-06   3.281567203891e-06   9.928471637197e-07    2.893890461085e-07   3.580574536252e-06   2.734734743674e-06   7.349614617461e-07    5.901720112193e-16   9.530188755690e-15   9.253011366184e-15   3.159778920859e-15    1.033863757372e-14     2.105795689881e-14     1.408953148083e-14     7.498901214308e-15      2.368339184298e-15   3.282070239653e-14   2.839985542725e-14   8.957308956282e-15    1.866162815551e-14     3.615878259646e-14     2.202684807002e-14     1.020667818510e-14      9.178361686516e-14     1.056289878466e-12     8.458158512726e-13     2.560682844408e-13      2.713841072061e-15   3.515350670234e-14   2.728412706895e-14   7.394025695132e-15    7.424962613369e-14     9.219493368121e-13     7.049037397420e-13     1.895591186336e-13      0.000000000000e+00           0.000000000000e+00         1.247618182354e-38            0.000000000000e+00          0.000000000000e+00          0.000000000000e+00          0.000000000000e+00            0.000000000000e+00          1.428474765190e-29            1.390995903036e-07        2.145429708130e-07        7.923911460531e-09        8.941273112150e-11         4.324099470784e-07        6.216118004320e-07        2.180783134764e-08        2.355863975793e-10         3.506661280076e-07        5.403773135809e-07        1.843687598480e-08        1.787162766562e-10         0.000000000000e+00        0.000000000000e+00        0.000000000000e+00        0.000000000000e+00         0.000000000000e+00          0.000000000000e+00          0.000000000000e+00          0.000000000000e+00           0.000000000000e+00        0.000000000000e+00        0.000000000000e+00        0.000000000000e+00         0.000000000000e+00          0.000000000000e+00          0.000000000000e+00          0.000000000000e+00           0.000000000000e+00          1.214542119009e-30          1.045670956419e-33          1.031391554650e-40           0.000000000000e+00         0.000000000000e+00         0.000000000000e+00         0.000000000000e+00          0.000000000000e+00           9.306200076633e-32           5.885776726271e-35           1.822504808337e-41            0.000000000000e+00      1.767561122398e-01    8.072383700574e-09       7.055009768389e-02     8.462996340475e-02     9.478085094123e-10     1.029877003455e-09       1.063740741916e-09     3.925541653789e-08       8.722946151442e-03   5.717802476644e-02   3.274583616864e-02   7.843029116094e-03    2.729463182719e-02   1.669470563911e-01   8.902534661956e-02   2.020114721076e-02    2.228054161135e-02   1.464070362629e-01   7.442808858905e-02   1.498993499671e-02    4.482882077175e-11   3.868887268990e-10   2.506239010965e-10   6.421411367498e-11    7.853116074733e-10     8.548714348190e-10     3.816242307074e-10     1.523952488683e-10      1.815196974813e-10   1.338791817197e-09   7.716894942540e-10   1.824700748326e-10    1.430307415321e-09     1.474955705551e-09     5.985202034113e-10     2.079210777833e-10      7.034691009447e-09     4.308720236371e-08     2.298276511205e-08     5.216388008073e-09      2.098943670559e-10   1.440868851338e-09   7.437518086818e-10   1.509864069746e-10    5.742627466992e-09     3.778877860387e-08     1.921532728736e-08     3.870807515668e-09      
1.685292264364e+03   2.808820440606e+01   7.908820440606e+02   7.600000000000e+02   5.149792512215e+02   2.972269842605e-05   3.263112444634e-06   -1.375813220557e+00  7.908820440606e+02   0.000000000000e+00      5.722723140477e-06    2.610600037403e-13       2.288463353915e-06     2.735303140137e-06     3.070927156406e-14     3.336883321805e-14       3.434155176450e-14     1.267071788724e-12       1.140200736843e-07   1.395597661265e-06   1.196712141154e-06   3.818412406198e-07    3.536036588701e-07   4.055429378366e-06   3.243177368107e-06   9.811609177941e-07    2.860566774724e-07   3.539491736676e-06   2.702794253937e-06   7.263176585999e-07    5.836689806377e-16   9.425421512396e-15   9.149128813023e-15   3.124086399451e-15    1.022575140313e-14     2.082666831700e-14     1.393367331123e-14     7.415633785111e-15      2.342310748049e-15   3.246033729754e-14   2.808166100787e-14   8.856237157017e-15    1.845850502420e-14     3.576270246483e-14     2.178357237553e-14     1.009342346881e-14      9.075956133795e-14     1.044546393632e-12     8.362347106928e-13     2.531492331008e-13      2.684135184883e-15   3.476842516087e-14   2.697909549053e-14   7.310686657618e-15    7.342214792814e-14     9.117130159649e-13     6.969322560712e-13     1.874000486931e-13      0.000000000000e+00           0.000000000000e+00         1.151890463884e-38            0.000000000000e+00          0.000000000000e+00          0.000000000000e+00          0.000000000000e+00            0.000000000000e+00          1.066236045149e-29            1.376069130137e-07        2.122145090289e-07        7.834841573115e-09        8.840295904179e-11         4.277827098041e-07        6.148866202901e-07        2.156342148512e-08        2.329294757657e-10         3.469249814400e-07        5.345569762391e-07        1.823088370885e-08        1.767035667307e-10         0.000000000000e+00        0.000000000000e+00        0.000000000000e+00        0.000000000000e+00         0.000000000000e+00          0.000000000000e+00          0.000000000000e+00          0.000000000000e+00           0.000000000000e+00        0.000000000000e+00        0.000000000000e+00        0.000000000000e+00         0.000000000000e+00          0.000000000000e+00          0.000000000000e+00          0.000000000000e+00           0.000000000000e+00          9.595906970695e-31          8.553197781827e-34          9.415931933007e-41           0.000000000000e+00         0.000000000000e+00         0.000000000000e+00         0.000000000000e+00          0.000000000000e+00           7.555996086719e-32           4.969325000662e-35           1.802493250062e-41            0.000000000000e+00      1.767174567427e-01    8.076031123524e-09       7.054092559611e-02     8.461806854949e-02     9.483010510920e-10     1.030428206295e-09       1.064289783636e-09     3.926821854527e-08       8.723973409273e-03   5.718736070394e-02   3.274379666293e-02   7.842043261734e-03    2.729816634343e-02   1.669753246610e-01   8.902149742956e-02   2.019880603363e-02    2.228371367288e-02   1.464340105946e-01   7.442630675618e-02   1.498834252872e-02    4.485771451109e-11   3.871481411506e-10   2.507326878008e-10   6.423750361215e-11    7.858972333970e-10     8.554530866002e-10     3.818535547659e-10     1.524803546218e-10      1.816419659959e-10   1.339707628619e-09   7.720422628233e-10   1.825387859411e-10    1.431423710426e-09     1.476003310532e-09     5.988904468458e-10     2.080388356048e-10      7.038239980790e-09     4.311066638551e-08     2.299039711767e-08     5.217741220437e-09      2.100451130649e-10   1.441891701877e-09   7.441100679241e-10   1.510451862013e-10    5.745598600954e-09     3.780992167838e-08     1.922207913107e-08     3.871849058049e-09      
1.685399355280e+03   2.808998925467e+01   7.908998925467e+02   7.600000000000e+02   5.149656193891e+02   2.937514969683e-05   3.228015071384e-06   -1.361013148753e+00  7.908998925467e+02   0.000000000000e+00      5.654719565403e-06    2.581308106488e-13       2.261469822256e-06     2.703010405105e-06     3.036676011220e-14     3.299716937329e-14       3.395840856035e-14     1.252697244023e-12       1.127030951170e-07   1.379540829506e-06   1.182676306950e-06   3.773388432997e-07    3.495234725818e-07   4.008794450872e-06   3.205200278722e-06   9.696012824121e-07    2.827595310510e-07   3.498841960719e-06   2.671196483970e-06   7.177674116416e-07    5.772312284662e-16   9.321703810296e-15   9.046309821960e-15   3.088762171089e-15    1.011398503322e-14     2.059768836355e-14     1.377938338876e-14     7.333208283776e-15      2.316542646064e-15   3.210357657185e-14   2.776671635588e-14   8.756206928899e-15    1.825738933414e-14     3.537056313021e-14     2.154273969692e-14     9.981312854992e-15      8.974593380107e-14     1.032922114575e-12     8.267526985322e-13     2.502606259370e-13      2.654724828796e-15   3.438718446559e-14   2.667717087524e-14   7.228205274729e-15    7.260308045063e-14     9.015804385577e-13     6.890430744125e-13     1.852634735752e-13      0.000000000000e+00           0.000000000000e+00         1.058067352126e-38            0.000000000000e+00          0.000000000000e+00          0.000000000000e+00          0.000000000000e+00            0.000000000000e+00          7.980719196982e-30            1.361287358397e-07        2.099089286651e-07        7.746681442373e-09        8.740358483412e-11         4.232002707525e-07        6.082272775628e-07        2.132149880518e-08        2.302998652878e-10         3.432199232784e-07        5.287933333889e-07        1.802697940646e-08        1.747115081421e-10         0.000000000000e+00        0.000000000000e+00        0.000000000000e+00        0.000000000000e+00         0.000000000000e+00          0.000000000000e+00          0.000000000000e+00          0.000000000000e+00           0.000000000000e+00        0.000000000000e+00        0.000000000000e+00        0.000000000000e+00         0.000000000000e+00          0.000000000000e+00          0.000000000000e+00          0.000000000000e+00           0.000000000000e+00          7.597657126837e-31          7.009790145350e-34          8.536339110976e-41           0.000000000000e+00         0.000000000000e+00         0.000000000000e+00         0.000000000000e+00          0.000000000000e+00           6.146628125725e-32           4.202329593067e-35           1.782681195804e-41            0.000000000000e+00      1.766787993170e-01    8.079679610726e-09       7.053174663616e-02     8.460616538884e-02     9.487937737167e-10     1.030979555803e-09       1.064839020760e-09     3.928101943480e-08       8.725001479557e-03   5.719670749493e-02   3.274174972087e-02   7.841056181558e-03    2.730170203606e-02   1.670036228668e-01   8.901762780475e-02   2.019646166491e-02    2.228688553598e-02   1.464610121367e-01   7.442450698765e-02   1.498674760087e-02    4.488662977124e-11   3.874077878928e-10   2.508414612228e-10   6.426089042729e-11    7.864832658210e-10     8.560350175272e-10     3.820829412226e-10     1.525654834856e-10      1.817643185818e-10   1.340624250597e-09   7.723950054128e-10   1.826074898684e-10    1.432540832798e-09     1.477051461338e-09     5.992607959667e-10     2.081566254477e-10      7.041790717972e-09     4.313414839241e-08     2.299802565320e-08     5.219093733889e-09      2.101959571349e-10   1.442915476033e-09   7.444683109815e-10   1.511039602639e-10    5.748570933125e-09     3.783108119787e-08     1.922882813175e-08     3.872890086192e-09      
1.685506446197e+03   2.809177410328e+01   7.909177410328e+02   7.600000000000e+02   5.149519722642e+02   2.903134108040e-05   3.193259272451e-06   -1.346357185050e+00  7.909177410328e+02   0.000000000000e+00      5.587461605170e-06    2.552316268747e-13       2.234769579996e-06     2.671068890382e-06     3.002773245137e-14     3.262927751456e-14       3.357916376034e-14     1.238471832059e-12       1.114000979278e-07   1.363653792008e-06   1.168791824221e-06   3.728853232965e-07    3.454865333316e-07   3.962652317718e-06   3.167631929372e-06   9.581670161257e-07    2.794972712574e-07   3.458621089020e-06   2.639938115742e-06   7.093098046700e-07    5.708581706790e-16   9.219026274635e-15   8.944544678236e-15   3.053802835852e-15    1.000332861028e-14     2.037099658834e-14     1.362664768965e-14     7.251617131168e-15      2.291032561583e-15   3.175038809615e-14   2.745499187914e-14   8.657208671951e-15    1.805826350312e-14     3.498232982731e-14     2.130432824513e-14     9.870336056831e-15      8.874263935105e-14     1.021415959237e-12     8.173688975549e-13     2.474021781906e-13      2.625607393636e-15   3.400975050778e-14   2.637832503158e-14   7.146573655578e-15    7.179234738902e-14     8.915506647718e-13     6.812354353298e-13     1.831491831537e-13      0.000000000000e+00           0.000000000000e+00         1.046632571190e-38            0.000000000000e+00          0.000000000000e+00          0.000000000000e+00          0.000000000000e+00            0.000000000000e+00          5.990038961799e-30            1.346649345348e-07        2.076260314348e-07        7.659422832934e-09        8.641451303433e-11         4.186622477263e-07        6.016332044419e-07        2.108204090321e-08        2.276973159864e-10         3.395506470494e-07        5.230858989187e-07        1.782514436975e-08        1.727399122142e-10         0.000000000000e+00        0.000000000000e+00        0.000000000000e+00        0.000000000000e+00         0.000000000000e+00          0.000000000000e+00          0.000000000000e+00          0.000000000000e+00           0.000000000000e+00        0.000000000000e+00        0.000000000000e+00        0.000000000000e+00         0.000000000000e+00          0.000000000000e+00          0.000000000000e+00          0.000000000000e+00           0.000000000000e+00          6.028206406008e-31          5.755953978856e-34          8.442355374798e-41           0.000000000000e+00         0.000000000000e+00         0.000000000000e+00         0.000000000000e+00          0.000000000000e+00           5.009586713739e-32           3.559443167860e-35           1.763066883253e-41            0.000000000000e+00      1.766401399300e-01    8.083329160596e-09       7.052256080042e-02     8.459425391740e-02     9.492866773500e-10     1.031531051713e-09       1.065388453338e-09     3.929381919923e-08       8.726030360554e-03   5.720606514164e-02   3.273969534343e-02   7.840067875145e-03    2.730523890096e-02   1.670319510260e-01   8.901373774824e-02   2.019411410340e-02    2.229005719799e-02   1.464880409141e-01   7.442268928752e-02   1.498515021222e-02    4.491556656053e-11   3.876676673510e-10   2.509502213066e-10   6.428427410467e-11    7.870697050503e-10     8.566172276508e-10     3.823123899984e-10     1.526506354272e-10      1.818867552723e-10   1.341541683999e-09   7.727477218597e-10   1.826761865693e-10    1.433658783167e-09     1.478100158166e-09     5.996312506536e-10     2.082744472662e-10      7.045343220573e-09     4.315764840003e-08     2.300565071318e-08     5.220445546983e-09      2.103468993029e-10   1.443940174888e-09   7.448265377085e-10   1.511627291242e-10    5.751544463029e-09     3.785225717893e-08     1.923557428508e-08     3.873930599004e-09      
1.685613537113e+03   2.809355895188e+01   7.909355895188e+02   7.600000000000e+02   5.149383098432e+02   2.869123615585e-05   3.158842118702e-06   -1.331844092083e+00  7.909355895188e+02   0.000000000000e+00      5.520941833324e-06    2.523621774928e-13       2.208359739904e-06     2.639475134284e-06     2.969215696170e-14     3.226512352112e-14       3.320378196739e-14     1.224394166129e-12       1.101109480251e-07   1.347934926850e-06   1.155057218649e-06   3.684802002350e-07    3.414924274283e-07   3.916998276629e-06   3.130468347821e-06   9.468568882169e-07    2.762695653081e-07   3.418825036605e-06   2.609015859382e-06   7.009439293895e-07    5.645492277436e-16   9.117379602600e-15   8.843823743370e-15   3.019205020942e-15    9.893772354375e-15     2.014657269549e-14     1.347545229722e-14     7.170852806609e-15      2.265778195520e-15   3.140073999277e-14   2.714645821685e-14   8.559232862620e-15    1.786111007973e-14     3.459796805154e-14     2.106831639682e-14     9.760482866714e-15      8.774958383065e-14     1.010026854041e-12     8.080823978523e-13     2.445736074145e-13      2.596780288923e-15   3.363608943827e-14   2.608252998732e-14   7.065783971944e-15    7.098987302815e-14     8.816227621350e-13     6.735085854295e-13     1.810569690053e-13      0.000000000000e+00           0.000000000000e+00         9.556683487421e-39            0.000000000000e+00          0.000000000000e+00          0.000000000000e+00          0.000000000000e+00            0.000000000000e+00          4.508242014678e-30            1.332153857553e-07        2.053656204971e-07        7.573057572707e-09        8.543564893083e-11         4.141682612865e-07        5.951038372311e-07        2.084502554557e-08        2.251215796675e-10         3.359168484762e-07        5.174341902112e-07        1.762536003239e-08        1.707885917474e-10         0.000000000000e+00        0.000000000000e+00        0.000000000000e+00        0.000000000000e+00         0.000000000000e+00          0.000000000000e+00          0.000000000000e+00          0.000000000000e+00           0.000000000000e+00        0.000000000000e+00        0.000000000000e+00        0.000000000000e+00         0.000000000000e+00          0.000000000000e+00          0.000000000000e+00          0.000000000000e+00           0.000000000000e+00          4.792981299651e-31          4.735407267259e-34          7.590283038470e-41           0.000000000000e+00         0.000000000000e+00         0.000000000000e+00         0.000000000000e+00          0.000000000000e+00           4.090540729289e-32           3.019665503481e-35           1.743648563314e-41            0.000000000000e+00      1.766014785496e-01    8.086979771537e-09       7.051336808532e-02     8.458233412981e-02     9.497797620533e-10     1.032082693758e-09       1.065938081418e-09     3.930661783123e-08       8.727060050597e-03   5.721543364611e-02   3.273763353160e-02   7.839078342085e-03    2.730877693427e-02   1.670603091556e-01   8.900982726309e-02   2.019176334790e-02    2.229322865649e-02   1.465150969511e-01   7.442085365984e-02   1.498355036187e-02    4.494452488757e-11   3.879277797489e-10   2.510589679954e-10   6.430765462847e-11    7.876565513876e-10     8.571997170197e-10     3.825419010129e-10     1.527358104138e-10      1.820092761020e-10   1.342459929688e-09   7.731004119996e-10   1.827448759981e-10    1.434777562260e-09     1.479149401209e-09     6.000018107853e-10     2.083923010144e-10      7.048897488222e-09     4.318116642382e-08     2.301327229206e-08     5.221796658271e-09      2.104979396079e-10   1.444965799517e-09   7.451847479575e-10   1.512214927438e-10    5.754519190241e-09     3.787344963804e-08     1.924231758670e-08     3.874970595388e-09      
1.685720628030e+03   2.809534380049e+01   7.909534380049e+02   7.600000000000e+02   5.149246320924e+02   2.835479845874e-05   3.124760667212e-06   -1.317472553091e+00  7.909534380049e+02   0.000000000000e+00      5.455152818096e-06    2.495221868874e-13       2.182237411933e-06     2.608225671840e-06     2.936000193727e-14     3.190467317687e-14       3.283222768842e-14     1.210462856471e-12       1.088355111168e-07   1.332382609557e-06   1.141471014128e-06   3.641229932524e-07    3.375407405353e-07   3.871827617796e-06   3.093705556804e-06   9.356696666876e-07    2.730760798785e-07   3.379449711792e-06   2.578426420667e-06   6.926688765350e-07    5.583038184055e-16   9.016754463445e-15   8.744137354018e-15   2.984965345668e-15    9.785306452770e-15     1.992439632369e-14     1.332578325269e-14     7.090907767799e-15      2.240777241672e-15   3.105460028670e-14   2.684108593050e-14   8.462269954741e-15    1.766591155230e-14     3.421744318400e-14     2.083468246195e-14     9.651743047395e-15      8.676667283636e-14     9.987537225545e-13     7.988922874181e-13     2.417746305793e-13      2.568240915715e-15   3.326616730195e-14   2.578975769396e-14   6.985828376714e-15    7.019558144923e-14     8.717957956536e-13     6.658617695345e-13     1.789866222710e-13      0.000000000000e+00           0.000000000000e+00         8.665384625444e-39            0.000000000000e+00          0.000000000000e+00          0.000000000000e+00          0.000000000000e+00            0.000000000000e+00          3.402245111199e-30            1.317799656493e-07        2.031274980559e-07        7.487577458050e-09        8.446689747990e-11         4.097179304576e-07        5.886386094202e-07        2.061043040966e-08        2.225724072496e-10         3.323182220778e-07        5.118377221680e-07        1.742760775099e-08        1.688573588584e-10         0.000000000000e+00        0.000000000000e+00        0.000000000000e+00        0.000000000000e+00         0.000000000000e+00          0.000000000000e+00          0.000000000000e+00          0.000000000000e+00           0.000000000000e+00        0.000000000000e+00        0.000000000000e+00        0.000000000000e+00         0.000000000000e+00          0.000000000000e+00          0.000000000000e+00          0.000000000000e+00           0.000000000000e+00          3.818798653322e-31          3.903172813134e-34          7.506544173038e-41           0.000000000000e+00         0.000000000000e+00         0.000000000000e+00         0.000000000000e+00          0.000000000000e+00           3.346317744711e-32           2.565772256222e-35           1.724424479534e-41            0.000000000000e+00      1.765628150547e-01    8.090631450119e-09       7.050416846677e-02     8.457040599408e-02     9.502730289899e-10     1.032634482910e-09       1.066487906277e-09     3.931941535236e-08       8.728090550337e-03   5.722481303079e-02   3.273556428234e-02   7.838087579809e-03    2.731231614028e-02   1.670886973351e-01   8.900589634530e-02   2.018940939212e-02    2.229639991650e-02   1.465421803319e-01   7.441900010613e-02   1.498194804547e-02    4.497350482494e-11   3.881881258793e-10   2.511677014799e-10   6.433103203589e-11    7.882438064350e-10     8.577824869831e-10     3.827714747025e-10     1.528210086043e-10      1.821318813773e-10   1.343378990538e-09   7.734530764687e-10   1.828135582652e-10    1.435897173279e-09     1.480199193000e-09     6.003724770738e-10     2.085101869111e-10      7.052453528464e-09     4.320470253084e-08     2.302089040177e-08     5.223147069384e-09      2.106490784249e-10   1.445992353249e-09   7.455429423943e-10   1.512802512173e-10    5.757495120999e-09     3.789465863824e-08     1.924905804768e-08     3.876010076622e-09      
1.685827718946e+03   2.809712864910e+01   7.909712864910e+02   7.600000000000e+02   5.149109390683e+02   2.802199290656e-05   3.091012101068e-06   -1.303241526181e+00  7.909712864910e+02   0.000000000000e+00      5.390087406350e-06    2.467113902321e-13       2.156399814967e-06     2.577317168605e-06     2.903123691931e-14     3.154789361391e-14       3.246446682616e-14     1.196676567286e-12       1.075736580417e-07   1.316995277844e-06   1.128031790439e-06   3.598132396203e-07    3.336310741654e-07   3.827135811812e-06   3.057339729823e-06   9.246041660277e-07    2.699164944095e-07   3.340491179772e-06   2.548166630398e-06   6.844837711715e-07    5.521213844578e-16   8.917141896734e-15   8.645476225152e-15   2.951080560995e-15    9.677921485099e-15     1.970444792252e-14     1.317762715019e-14     7.011774770161e-15      2.216027485532e-15   3.071193827338e-14   2.653884673599e-14   8.366310774224e-15    1.747265111120e-14     3.384072198760e-14     2.060340561085e-14     9.544106765993e-15      8.579381567262e-14     9.875955306873e-13     7.897976897062e-13     2.390049756020e-13      2.539986778814e-15   3.289995149547e-14   2.549998120493e-14   6.906699328907e-15    6.940939971971e-14     8.620688671529e-13     6.582942618709e-13     1.769379421748e-13      0.000000000000e+00           0.000000000000e+00         8.571389069714e-39            0.000000000000e+00          0.000000000000e+00          0.000000000000e+00          0.000000000000e+00            0.000000000000e+00          2.574518139643e-30            1.303585554686e-07        2.009114749433e-07        7.402974632102e-09        8.350816763126e-11         4.053108898132e-07        5.822369793359e-07        2.037823412080e-08        2.200495601405e-10         3.287544746982e-07        5.062960310692e-07        1.723186967762e-08        1.669460335953e-10         0.000000000000e+00        0.000000000000e+00        0.000000000000e+00        0.000000000000e+00         0.000000000000e+00          0.000000000000e+00          0.000000000000e+00          0.000000000000e+00           0.000000000000e+00        0.000000000000e+00        0.000000000000e+00        0.000000000000e+00         0.000000000000e+00          0.000000000000e+00          0.000000000000e+00          0.000000000000e+00           0.000000000000e+00          3.048917066246e-31          3.223227875675e-34          6.681280135094e-41           0.000000000000e+00         0.000000000000e+00         0.000000000000e+00         0.000000000000e+00          0.000000000000e+00           2.742555121723e-32           2.183497101966e-35           1.705392950200e-41            0.000000000000e+00      1.765241495914e-01    8.094284178440e-09       7.049496198243e-02     8.455846955843e-02     9.507664760189e-10     1.033186416428e-09       1.067037925506e-09     3.933221169768e-08       8.729121853584e-03   5.723420325617e-02   3.273348760472e-02   7.837095592255e-03    2.731585649935e-02   1.671171154553e-01   8.900194501208e-02   2.018705224513e-02    2.229957096129e-02   1.465692909612e-01   7.441712863546e-02   1.498034326905e-02    4.500250625395e-11   3.884487048234e-10   2.512764212091e-10   6.435440620533e-11    7.888314678955e-10     8.583655349891e-10     3.830011099555e-10     1.529062295836e-10      1.822545705930e-10   1.344298863378e-09   7.738057135010e-10   1.828822330142e-10    1.437017612003e-09     1.481249529055e-09     6.007432477323e-10     2.086281043812e-10      7.056011325238e-09     4.322825663303e-08     2.302850500190e-08     5.224496772729e-09      2.108003151266e-10   1.447019832663e-09   7.459011192448e-10   1.513390042407e-10    5.760472241709e-09     3.791588410284e-08     1.925579563279e-08     3.877049036876e-09      
1.685934809862e+03   2.809891349771e+01   7.909891349771e+02   7.600000000000e+02   5.148972307372e+02   2.769278364968e-05   3.057593519026e-06   -1.289149711467e+00  7.909891349771e+02   0.000000000000e+00      5.325738295343e-06    2.439295162119e-13       2.130844108328e-06     2.546746218889e-06     2.870583068960e-14     3.119475114049e-14       3.210046443375e-14     1.183033930878e-12       1.063252567341e-07   1.301771334023e-06   1.114738096292e-06   3.555504666655e-07    3.297630208218e-07   3.782918226396e-06   3.021366956275e-06   9.136591751906e-07    2.667904810543e-07   3.301945416052e-06   2.518233249365e-06   6.763877194712e-07    5.460013534670e-16   8.818532712982e-15   8.547830843152e-15   2.917547339450e-15    9.571607783779e-15     1.948670743411e-14     1.303097024149e-14     6.933446386336e-15      2.191526655609e-15   3.037272246026e-14   2.623971164898e-14   8.271345924853e-15    1.728131150212e-14     3.346777035639e-14     2.037446447944e-14     9.437563940997e-15      8.483091939965e-14     9.765512186449e-13     7.807977070809e-13     2.362643639849e-13      2.512015317962e-15   3.253740857353e-14   2.521317290224e-14   6.828389104370e-15    6.863125309207e-14     8.524410560528e-13     6.508053191133e-13     1.749107231958e-13      0.000000000000e+00           0.000000000000e+00         7.707544807965e-39            0.000000000000e+00          0.000000000000e+00          0.000000000000e+00          0.000000000000e+00            0.000000000000e+00          1.953390507827e-30            1.289510331270e-07        1.987173561929e-07        7.319241015010e-09        8.255936581251e-11         4.009467637807e-07        5.758983885180e-07        2.014841469079e-08        2.175527931010e-10         3.252253051662e-07        5.008086386584e-07        1.703812744592e-08        1.650544309620e-10         0.000000000000e+00        0.000000000000e+00        0.000000000000e+00        0.000000000000e+00         0.000000000000e+00          0.000000000000e+00          0.000000000000e+00          0.000000000000e+00           0.000000000000e+00        0.000000000000e+00        0.000000000000e+00        0.000000000000e+00         0.000000000000e+00          0.000000000000e+00          0.000000000000e+00          0.000000000000e+00           0.000000000000e+00          2.439250062036e-31          2.666670306805e-34          6.607419082565e-41           0.000000000000e+00         0.000000000000e+00         0.000000000000e+00         0.000000000000e+00          0.000000000000e+00           2.251849110624e-32           1.861026253518e-35           1.686552244802e-41            0.000000000000e+00      1.764854820391e-01    8.097937963628e-09       7.048574860831e-02     8.454652479098e-02     9.512601043536e-10     1.033738495362e-09       1.067588140439e-09     3.934500689074e-08       8.730153961110e-03   5.724360434428e-02   3.273140349570e-02   7.836102376872e-03    2.731939801628e-02   1.671455635948e-01   8.899797325944e-02   2.018469190071e-02    2.230274179643e-02   1.465964289225e-01   7.441523924932e-02   1.497873602829e-02    4.503152925006e-11   3.887095173903e-10   2.513851273865e-10   6.437777717745e-11    7.894195374213e-10     8.589488624438e-10     3.832308072347e-10     1.529914735215e-10      1.823773440683e-10   1.345219551143e-09   7.741583237721e-10   1.829509003650e-10    1.438138881728e-09     1.482300412005e-09     6.011141235147e-10     2.087460536586e-10      7.059570886524e-09     4.325182879908e-08     2.303611610543e-08     5.225845770195e-09      2.109516501045e-10   1.448048241154e-09   7.462592792126e-10   1.513977519167e-10    5.763450558996e-09     3.793712609642e-08     1.926253035397e-08     3.878087477618e-09      
1.686041900779e+03   2.810069834632e+01   7.910069834632e+02   7.600000000000e+02   5.148835070956e+02   2.736713550386e-05   3.024502075573e-06   -1.275195906936e+00  7.910069834632e+02   0.000000000000e+00      5.262098318136e-06    2.411762984901e-13       2.105567504083e-06     2.516509480244e-06     2.838375260362e-14     3.084521268176e-14       3.174018620652e-14     1.169533604712e-12       1.050901775782e-07   1.286709210063e-06   1.101588507298e-06   3.513342104868e-07    3.259361805633e-07   3.739170315250e-06   2.985783398026e-06   9.028335056020e-07    2.636977180406e-07   3.263808470831e-06   2.488623098365e-06   6.683798441898e-07    5.399431635292e-16   8.720917891965e-15   8.451191869090e-15   2.884362414717e-15    9.466355858505e-15     1.927115516805e-14     1.288579903015e-14     6.855915324999e-15      2.167272522169e-15   3.003692193466e-14   2.594365221728e-14   8.177366183104e-15    1.709187578719e-14     3.309855480923e-14     2.014783809481e-14     9.332104675529e-15      8.387789278888e-14     9.656197461713e-13     7.718914584095e-13     2.335525223557e-13      2.484324019917e-15   3.217850570661e-14   2.492930567485e-14   6.750890120890e-15    6.786106819427e-14     8.429114587447e-13     6.433942115992e-13     1.729047635946e-13      0.000000000000e+00           0.000000000000e+00         7.623734695401e-39            0.000000000000e+00          0.000000000000e+00          0.000000000000e+00          0.000000000000e+00            0.000000000000e+00          1.486058231397e-30            1.275572788169e-07        1.965449506660e-07        7.236368684057e-09        8.162040027545e-11         3.966251837291e-07        5.696222894932e-07        1.992095055970e-08        2.150818656763e-10         3.217304178134e-07        4.953750761075e-07        1.684636304771e-08        1.631823695739e-10         0.000000000000e+00        0.000000000000e+00        0.000000000000e+00        0.000000000000e+00         0.000000000000e+00          0.000000000000e+00          0.000000000000e+00          0.000000000000e+00           0.000000000000e+00        0.000000000000e+00        0.000000000000e+00        0.000000000000e+00         0.000000000000e+00          0.000000000000e+00          0.000000000000e+00          0.000000000000e+00           0.000000000000e+00          1.955478060819e-31          2.210276311745e-34          5.808266612278e-41           0.000000000000e+00         0.000000000000e+00         0.000000000000e+00         0.000000000000e+00          0.000000000000e+00           1.852304937359e-32           1.588625426479e-35           1.111933777463e-41            0.000000000000e+00      1.764468123665e-01    8.101592803014e-09       7.047652834112e-02     8.453457168676e-02     9.517539139559e-10     1.034290719294e-09       1.068138551010e-09     3.935780092045e-08       8.731186871290e-03   5.725301629642e-02   3.272931195631e-02   7.835107933292e-03    2.732294068750e-02   1.671740417689e-01   8.899398109055e-02   2.018232835776e-02    2.230591241991e-02   1.466235942399e-01   7.441333195180e-02   1.497712632235e-02    4.506057381753e-11   3.889705637618e-10   2.514938199298e-10   6.440114493007e-11    7.900080152086e-10     8.595324692787e-10     3.834605664075e-10     1.530767403641e-10      1.825002018209e-10   1.346141054554e-09   7.745109070387e-10   1.830195602542e-10    1.439260982989e-09     1.483351841844e-09     6.014851042171e-10     2.088640346680e-10      7.063132211432e-09     4.327541904049e-08     2.304372370479e-08     5.227194059881e-09      2.111030833786e-10   1.449077579656e-09   7.466174220736e-10   1.514564941918e-10    5.766430072055e-09     3.795838463222e-08     1.926926220516e-08     3.879125397416e-09      
1.686148991695e+03   2.810248319492e+01   7.910248319492e+02   7.600000000000e+02   5.148697681401e+02   2.704501358847e-05   2.991734946021e-06   -1.261378919537e+00  7.910248319492e+02   0.000000000000e+00      5.199160371445e-06    2.384514729008e-13       2.080567238668e-06     2.486603639484e-06     2.806497226216e-14     3.049924542857e-14       3.138359811461e-14     1.156174257320e-12       1.038682920579e-07   1.271807351171e-06   1.088581611322e-06   3.471640112260e-07    3.221501568281e-07   3.695887570383e-06   2.950585249870e-06   8.921259790318e-07    2.606378863036e-07   3.226076427509e-06   2.459333025374e-06   6.604592757053e-07    5.339462571801e-16   8.624288484515e-15   8.355550039284e-15   2.851522547199e-15    9.362156292548e-15     1.905777158771e-14     1.274210012635e-14     6.779174353027e-15      2.143262872962e-15   2.970450602672e-14   2.565064021704e-14   8.084362400748e-15    1.690432715905e-14     3.273304212508e-14     1.992350564922e-14     9.227719151579e-15      8.293464534549e-14     9.548000813519e-13     7.630780697605e-13     2.308691796110e-13      2.456910390957e-15   3.182321032193e-14   2.464835262823e-14   6.674194858011e-15    6.709877224161e-14     8.334791788467e-13     6.360602156065e-13     1.709198633037e-13      0.000000000000e+00           0.000000000000e+00         6.786661589576e-39            0.000000000000e+00          0.000000000000e+00          0.000000000000e+00          0.000000000000e+00            0.000000000000e+00          1.133514512453e-30            1.261771736068e-07        1.943940686300e-07        7.154349777937e-09        8.069118000104e-11         3.923457837093e-07        5.634081387884e-07        1.969582033350e-08        2.126365393160e-10         3.182695191116e-07        4.899948779893e-07        1.665655861231e-08        1.613296694776e-10         0.000000000000e+00        0.000000000000e+00        0.000000000000e+00        0.000000000000e+00         0.000000000000e+00          0.000000000000e+00          0.000000000000e+00          0.000000000000e+00           0.000000000000e+00        0.000000000000e+00        0.000000000000e+00        0.000000000000e+00         0.000000000000e+00          0.000000000000e+00          0.000000000000e+00          0.000000000000e+00           0.000000000000e+00          1.570831034136e-31          1.835325854571e-34          5.743925418385e-41           0.000000000000e+00         0.000000000000e+00         0.000000000000e+00         0.000000000000e+00          0.000000000000e+00           1.526402121288e-32           1.358178741091e-35           1.099624353534e-41            0.000000000000e+00      1.764081405425e-01    8.105248695584e-09       7.046730117761e-02     8.452261024087e-02     9.522479049378e-10     1.034843088040e-09       1.068689157324e-09     3.937059378161e-08       8.732220582555e-03   5.726243911368e-02   3.272721298759e-02   7.834112261156e-03    2.732648450971e-02   1.672025499928e-01   8.898996850856e-02   2.017996161521e-02    2.230908283001e-02   1.466507869369e-01   7.441140674697e-02   1.497551415043e-02    4.508963996773e-11   3.892318441747e-10   2.516024987954e-10   6.442450945101e-11    7.905969016094e-10     8.601163556000e-10     3.836903874214e-10     1.531620300900e-10      1.826231438985e-10   1.347063374527e-09   7.748634631757e-10   1.830882126463e-10    1.440383916607e-09     1.484403818865e-09     6.018561897609e-10     2.089820473793e-10      7.066695300036e-09     4.329902737409e-08     2.305132779553e-08     5.228541640611e-09      2.112546150058e-10   1.450107849315e-09   7.469755477180e-10   1.515152310362e-10    5.769410780886e-09     3.797965972821e-08     1.927599118288e-08     3.880162795375e-09      
1.686256082612e+03   2.810426804353e+01   7.910426804353e+02   7.600000000000e+02   5.148560138672e+02   2.672638332425e-05   2.959289326181e-06   -1.247697564836e+00  7.910426804353e+02   0.000000000000e+00      5.136917415160e-06    2.357547773684e-13       2.055840572707e-06     2.457025412465e-06     2.774945950376e-14     3.015681682631e-14       3.103066639439e-14     1.142954567991e-12       1.026594727489e-07   1.257064215694e-06   1.075716008402e-06   3.430394130386e-07    3.184045564090e-07   3.653065521847e-06   2.915768739293e-06   8.815354275179e-07    2.576106694651e-07   3.188745402458e-06   2.430359905349e-06   6.526251519614e-07    5.280100812538e-16   8.528635610370e-15   8.260896163058e-15   2.819024523238e-15    9.258999739762e-15     1.884653730399e-14     1.259986024266e-14     6.703216293136e-15      2.119495512655e-15   2.937544430185e-14   2.536064764585e-14   7.992325502643e-15    1.671864893552e-14     3.237119933230e-14     1.970144649333e-14     9.124397626796e-15      8.200108728882e-14     9.440912003954e-13     7.543566742149e-13     2.282140668576e-13      2.429771956204e-15   3.147149009533e-14   2.437028707779e-14   6.598295855212e-15    6.634429302087e-14     8.241433270143e-13     6.288026131969e-13     1.689558238834e-13      0.000000000000e+00           0.000000000000e+00         6.712685640681e-39            0.000000000000e+00          0.000000000000e+00          0.000000000000e+00          0.000000000000e+00            0.000000000000e+00          8.668694502871e-31            1.248105994339e-07        1.922645217498e-07        7.073176496379e-09        7.977161469475e-11         3.881082004303e-07        5.572553969084e-07        1.947300278313e-08        2.102165773622e-10         3.148423176521e-07        4.846675822585e-07        1.646869640575e-08        1.594961521420e-10         0.000000000000e+00        0.000000000000e+00        0.000000000000e+00        0.000000000000e+00         0.000000000000e+00          0.000000000000e+00          0.000000000000e+00          0.000000000000e+00           0.000000000000e+00        0.000000000000e+00        0.000000000000e+00        0.000000000000e+00         0.000000000000e+00          0.000000000000e+00          0.000000000000e+00          0.000000000000e+00           0.000000000000e+00          1.264386357519e-31          1.526731827665e-34          4.970202995866e-41           0.000000000000e+00         0.000000000000e+00         0.000000000000e+00         0.000000000000e+00          0.000000000000e+00           1.260094114240e-32           1.162856716701e-35           1.087438777148e-41            0.000000000000e+00      1.763694665363e-01    8.108905639767e-09       7.045806711459e-02     8.451064044846e-02     9.527420773601e-10     1.035395601337e-09       1.069239959429e-09     3.938338546701e-08       8.733255093364e-03   5.727187279699e-02   3.272510659058e-02   7.833115360113e-03    2.733002947976e-02   1.672310882810e-01   8.898593551664e-02   2.017759167204e-02    2.231225302517e-02   1.466780070371e-01   7.440946363889e-02   1.497389951172e-02    4.511872770984e-11   3.894933588455e-10   2.517111639263e-10   6.444787072476e-11    7.911861969222e-10     8.607005214540e-10     3.839202701967e-10     1.532473426673e-10      1.827461703402e-10   1.347986511908e-09   7.752159920175e-10   1.831568574968e-10    1.441507683308e-09     1.485456343258e-09     6.022273800254e-10     2.091000917470e-10      7.070260152143e-09     4.332265381477e-08     2.305892837213e-08     5.229888510968e-09      2.114062450328e-10   1.451139051204e-09   7.473336559967e-10   1.515739624121e-10    5.772392685285e-09     3.800095140069e-08     1.928271728276e-08     3.881199670423e-09      
1.686363173528e+03   2.810605289214e+01   7.910605289214e+02   7.600000000000e+02   5.148422442735e+02   2.641121043115e-05   2.927162432283e-06   -1.234150667056e+00  7.910605289214e+02   0.000000000000e+00      5.075362471868e-06    2.330859519111e-13       2.031384790836e-06     2.427771543875e-06     2.743718440470e-14     2.981789457576e-14       3.068135754854e-14     1.129873226760e-12       1.014635933103e-07   1.242478275031e-06   1.062990310656e-06   3.389599640640e-07    3.146989894279e-07   3.610699737468e-06   2.881330126242e-06   8.710606932907e-07    2.546157538139e-07   3.151811544788e-06   2.401700640042e-06   6.448766184126e-07    5.221340868838e-16   8.433950458188e-15   8.167221122738e-15   2.786865155100e-15    9.156876924828e-15     1.863743307580e-14     1.245906619428e-14     6.628034024052e-15      2.095968262835e-15   2.904970656090e-14   2.507364672282e-14   7.901246486705e-15    1.653482456001e-14     3.201299370953e-14     1.948164013681e-14     9.022130434719e-15      8.107712955131e-14     9.334920876248e-13     7.457264118575e-13     2.255869174090e-13      2.402906259642e-15   3.112331295147e-14   2.409508254893e-14   6.523185711880e-15    6.559755888960e-14     8.149030209325e-13     6.216206922097e-13     1.670124485196e-13      0.000000000000e+00           0.000000000000e+00         5.901713444291e-39            0.000000000000e+00          0.000000000000e+00          0.000000000000e+00          0.000000000000e+00            0.000000000000e+00          6.646706689374e-31            1.234574390975e-07        1.901561230809e-07        6.992841099785e-09        7.886161478200e-11         3.839120732367e-07        5.511635283145e-07        1.925247684347e-08        2.078217450374e-10         3.114485241266e-07        4.793927302335e-07        1.628275882992e-08        1.576816404490e-10         0.000000000000e+00        0.000000000000e+00        0.000000000000e+00        0.000000000000e+00         0.000000000000e+00          0.000000000000e+00          0.000000000000e+00          0.000000000000e+00           0.000000000000e+00        0.000000000000e+00        0.000000000000e+00        0.000000000000e+00         0.000000000000e+00          0.000000000000e+00          0.000000000000e+00          0.000000000000e+00           0.000000000000e+00          1.019759619047e-31          1.272300229489e-34          4.915032987679e-41           0.000000000000e+00         0.000000000000e+00         0.000000000000e+00         0.000000000000e+00          0.000000000000e+00           1.042097147750e-32           9.971131736756e-36           1.075375942501e-41            0.000000000000e+00      1.763307903172e-01    8.112563634010e-09       7.044882614894e-02     8.449866230479e-02     9.532364312848e-10     1.035948258924e-09       1.069790957373e-09     3.939617596954e-08       8.734290402188e-03   5.728131734705e-02   3.272299276633e-02   7.832117229824e-03    2.733357559457e-02   1.672596566478e-01   8.898188211798e-02   2.017521852722e-02    2.231542300396e-02   1.467052545639e-01   7.440750263162e-02   1.497228240543e-02    4.514783705316e-11   3.897551079902e-10   2.518198152661e-10   6.447122873595e-11    7.917759014457e-10     8.612849668883e-10     3.841502146545e-10     1.533326780639e-10      1.828692811858e-10   1.348910467542e-09   7.755684933993e-10   1.832254947612e-10    1.442632283818e-09     1.486509415219e-09     6.025986748908e-10     2.092181677262e-10      7.073826767588e-09     4.334629837738e-08     2.306652542911e-08     5.231234669551e-09      2.115579735081e-10   1.452171186398e-09   7.476917467614e-10   1.516326882819e-10    5.775375785083e-09     3.802225966600e-08     1.928944050046e-08     3.882236021497e-09      
1.688049778998e+03   2.813416298330e+01   7.913416298330e+02   7.600000000000e+02   5.146233429134e+02   2.187756890858e-05   2.461102488143e-06   -1.037634156855e+00  7.913416298330e+02   0.000000000000e+00      4.191396529167e-06    1.945323884062e-13       1.679901430981e-06     2.007367177588e-06     2.292337751249e-14     2.491803410875e-14       2.563238969109e-14     9.411054815032e-13       8.424048413471e-08   1.032336987877e-06   8.799736375296e-07   2.803252417742e-07    2.613241971108e-07   3.000294771466e-06   2.385962606358e-06   7.204923565238e-07    2.114709415826e-07   2.619600405380e-06   1.989391484497e-06   5.334861698972e-07    4.371117578284e-16   7.063666924489e-15   6.814087582444e-15   2.322626658261e-15    7.677800375488e-15     1.561049422877e-14     1.042233248395e-14     5.540876795560e-15      1.755443507761e-15   2.433502788579e-14   2.092707517236e-14   6.586326610103e-15    1.387162923170e-14     2.682633171620e-14     1.630139526861e-14     7.543208010677e-15      6.772405891865e-14     7.802703355998e-13     6.211737117556e-13     1.876972707730e-13      2.013894589756e-15   2.608269559074e-14   2.011805400649e-14   5.438685377483e-15    5.480415641239e-14     6.813068118128e-13     5.179522988717e-13     1.389819692937e-13      0.000000000000e+00           0.000000000000e+00         2.478179163424e-39            0.000000000000e+00          0.000000000000e+00          0.000000000000e+00          0.000000000000e+00            0.000000000000e+00          1.403861221814e-32            1.038259776704e-07        1.595972889709e-07        5.832248072999e-09        6.572340177269e-11         3.230188230778e-07        4.628417590342e-07        1.606559174705e-08        1.732410808393e-10         2.621842980193e-07        4.028850126872e-07        1.359484330253e-08        1.314766384310e-10         0.000000000000e+00        0.000000000000e+00        0.000000000000e+00        0.000000000000e+00         0.000000000000e+00          0.000000000000e+00          0.000000000000e+00          0.000000000000e+00           0.000000000000e+00        0.000000000000e+00        0.000000000000e+00        0.000000000000e+00         0.000000000000e+00          0.000000000000e+00          0.000000000000e+00          0.000000000000e+00           0.000000000000e+00          4.438779241286e-33          9.004634610511e-36          1.764163429188e-41           0.000000000000e+00         0.000000000000e+00         0.000000000000e+00         0.000000000000e+00          0.000000000000e+00           6.540083211789e-34           1.065458592566e-36           4.503710936530e-42            0.000000000000e+00      1.757212933745e-01    8.170309112279e-09       7.030236197576e-02     8.430889312112e-02     9.610461613396e-10     1.044670708550e-09       1.078494661499e-09     3.959744877246e-08       8.750699990111e-03   5.743150979059e-02   3.268872066246e-02   7.816233619895e-03    2.738957384897e-02   1.677136086037e-01   8.891535203176e-02   2.013741686871e-02    2.236531932247e-02   1.471380608515e-01   7.437426057633e-02   1.494648588734e-02    4.560914625993e-11   3.939086651312e-10   2.535291206611e-10   6.483864794389e-11    8.011175952344e-10     8.705264573525e-10     3.877796928675e-10     1.546795988800e-10      1.848193613799e-10   1.363571059145e-09   7.811163739122e-10   1.843054203651e-10    1.460454662634e-09     1.503166946136e-09     6.084599332229e-10     2.110818678771e-10      7.130230773054e-09     4.372109425666e-08     2.318570336752e-08     5.252339648345e-09      2.139606243658e-10   1.468550955809e-09   7.533290060937e-10   1.525568032186e-10    5.822515033052e-09     3.836006007148e-08     1.939494199524e-08     3.898487128573e-09      
1.700746890646e+03   2.834578151077e+01   7.934578151077e+02   7.600000000000e+02   5.128530097527e+02   4.827332393230e-06   6.070956835214e-07   -2.559784195099e-01  7.934578151077e+02   0.000000000000e+00      9.036625392501e-07    4.540513763093e-14       3.658283331432e-07     4.365747372080e-07     5.393812188708e-15     5.869578631859e-15       6.028471125298e-15     2.162847703056e-13       1.892796002406e-08   2.334082497377e-07   1.929522880161e-07   6.104091462965e-08    5.877068955427e-08   6.787896287104e-07   5.243554260036e-07   1.570708732609e-07    4.760767065796e-08   5.937462885164e-07   4.381645091804e-07   1.164312410737e-07    1.045266458675e-16   1.695828675594e-15   1.584521784503e-15   5.359518800549e-16    1.856349367551e-15     3.741509257201e-15     2.472997064847e-15     1.308603625653e-15      4.210179819090e-16   5.851134806351e-15   4.879600572572e-15   1.522031307579e-15    3.368096902990e-15     6.452765072026e-15     3.875773602104e-15     1.783051796239e-15      1.591811388576e-14     1.844996088114e-13     1.426798832694e-13     4.276739171474e-14      4.853079674334e-16   6.290842124046e-15   4.704161912769e-15   1.258664580333e-15    1.289459302309e-14     1.613943752619e-13     1.192323637250e-13     3.170248564864e-14      0.000000000000e+00           0.000000000000e+00         0.000000000000e+00            0.000000000000e+00          0.000000000000e+00          0.000000000000e+00          0.000000000000e+00            0.000000000000e+00          2.282958254810e-39            2.567526278766e-08        3.880607310547e-08        1.348358024092e-09        1.514112608993e-11         8.016918317601e-08        1.130054292371e-07        3.728444975253e-09        3.998026857579e-11         6.532747259589e-08        9.897489286201e-08        3.167338950548e-09        3.039461205923e-11         0.000000000000e+00        0.000000000000e+00        0.000000000000e+00        0.000000000000e+00         0.000000000000e+00          0.000000000000e+00          0.000000000000e+00          0.000000000000e+00           0.000000000000e+00        0.000000000000e+00        0.000000000000e+00        0.000000000000e+00         0.000000000000e+00          0.000000000000e+00          0.000000000000e+00          0.000000000000e+00           0.000000000000e+00          9.395049157848e-39          1.204602093010e-40          0.000000000000e+00           0.000000000000e+00         0.000000000000e+00         0.000000000000e+00         0.000000000000e+00          0.000000000000e+00           6.283132581079e-39           1.104626037777e-40           0.000000000000e+00            0.000000000000e+00      1.711067745061e-01    8.612849308993e-09       6.914467476971e-02     8.281336914447e-02     1.021308027959e-09     1.111393494568e-09       1.145595690726e-09     4.110078586793e-08       8.880164976913e-03   5.864624777327e-02   3.237229420306e-02   7.686907271984e-03    2.782029432546e-02   1.713700249700e-01   8.825395345548e-02   1.982737974645e-02    2.274032256242e-02   1.506212233501e-01   7.398350243238e-02   1.473264558781e-02    4.925856461754e-11   4.271127933633e-10   2.662647263865e-10   6.757337739129e-11    8.748114369816e-10     9.423395731165e-10     4.155650577140e-10     1.649901230738e-10      2.001965256275e-10   1.480748544696e-09   8.225963241600e-10   1.923595330043e-10    1.601549878933e-09     1.633003307204e-09     6.533725601002e-10     2.253481969387e-10      7.569156737727e-09     4.669137462838e-08     2.405277763281e-08     5.405089538629e-09      2.328680069799e-10   1.599707633847e-09   7.955660926135e-10   1.594567610184e-10    6.187283909607e-09     4.104121659320e-08     2.016453248862e-08     4.016300892829e-09      
