-----------------------------------------------------------------------------------------------------------------------------------------------------
Name                              MW       Cp@298K        H@298K        G@298K        S@298K      Cp@1000K       H@1000K       G@1000K       S@1000K 
                           [kg/kmol]   [cal/mol/K]    [kcal/mol]    [kcal/mol]   [cal/mol/K]   [cal/mol/K]    [kcal/mol]    [kcal/mol]   [cal/mol/K] 
-----------------------------------------------------------------------------------------------------------------------------------------------------
H2                            2.0160        6.8997       -0.0004       -9.3000       31.2064        7.2078        4.9390      -34.7575       39.6965
CH4                          16.0430        8.3962      -17.8995      -31.1488       44.4607       17.2454       -8.7622      -67.9093       59.1471
C2H2                         26.0380       10.5910       54.1922       39.8851       48.0103       16.3074       64.0464       -0.2759       64.3223
C2H4                         28.0540       10.1775       12.5366       -3.0707       52.3732       22.5068       24.6628      -47.1238       71.7866
C2H6                         30.0700       12.5113      -20.0429      -36.3481       54.7154       29.2996       -4.6293      -83.8587       79.2294
C3H2                         38.0490       14.9021      129.5968      110.2834       64.8101       19.7403      142.0388       56.3331       85.7057
PC3H4                        40.0650       14.5422       44.3049       26.6515       59.2396       27.7759       59.9296      -24.6499       84.5795
AC3H4                        40.0650       14.1899       47.6297       30.3651       57.9350       28.1975       63.2166      -19.8703       83.0870
C3H6                         42.0810       15.3838        4.8860      -13.4430       61.5069       34.5227       23.4181      -67.6974       91.1155
C3H8                         44.0970       17.5713      -24.8220      -44.0606       64.5588       41.7300       -2.7201     -102.4293       99.7092
C4H2                         50.0600       17.6938      111.7023       93.8897       59.7738       26.6090      128.0003       41.1738       86.8266
C4H4                         52.0760       17.4106       67.9919       48.1566       66.5614       33.7112       87.1582      -10.5003       97.6585
C4H6                         54.0920       18.2279       26.3251        6.5406       66.3908       40.4760       48.3550      -53.3120      101.6670
IC4H8                        56.1080       21.4701       -3.8032      -24.6570       69.9792       46.9085       21.5556      -89.0479      110.6035
NC4H8                        56.1080       20.3912       -0.1331      -22.0513       73.5510       46.8462       24.9791      -88.6324      113.6114
CYC5H6                       66.1030       18.2927       32.0924       12.5236       65.6670       45.8800       56.8009      -48.1269      104.9278
C6H6                         78.1140       19.7624       19.8097        0.6322       64.3541       51.0451       47.0133      -60.4232      107.4365
MCPTD                        80.1300       21.7474       25.0767        3.9309       70.9591       57.6123       55.5744      -63.5979      119.1723
C10H8                       128.1740       32.4080       35.9851       12.0325       80.3781       78.9043       78.8613      -69.7905      148.6518
H                             1.0080        4.9675       52.0924       43.9314       27.3861        4.9675       55.5796       22.1796       33.4000
C                            12.0110        4.9800      171.2713      160.0127       37.7806        4.9691      174.7610      130.9610       43.8000
CH                           13.0190        6.9511      141.9977      128.9710       43.7138        7.7831      147.0779       94.6889       52.3890
CH2                          14.0270        8.2410       92.4832       78.5627       46.7132       10.5666       99.0845       41.2717       57.8128
CH2S                         14.0270        8.0712      101.5011       88.0627       45.0953       10.6066      107.9908       52.0202       55.9705
CH3                          15.0350        9.2123       34.8182       20.9999       46.3700       14.1190       43.1122      -16.9778       60.0900
C2H                          25.0300       10.0361      135.3102      120.1187       50.9781       12.6545      143.3121       78.8368       64.4753
C2H3                         27.0460        9.5357       68.4082       51.9214       55.3247       18.7458       78.7511        6.7543       71.9968
C2H5                         29.0620       11.2767       28.0134       10.0943       60.1314       25.5047       41.4128      -40.0210       81.4338
C3H3                         39.0570       15.7992       83.0370       64.7164       61.4786       25.0049       97.9519       11.9005       86.0515
CH2CHCH2                     41.0730       15.9992       39.4350       20.1443       64.7338       32.8879       57.6741      -36.4035       94.0776
CH2CCH3                      41.0730       15.4807       64.7476       44.2645       68.7352       31.6783       82.1266      -14.5435       96.6702
CHCHCH3                      41.0730       15.4807       64.7476       44.2645       68.7352       31.6783       82.1266      -14.5435       96.6702
NC3H7                        43.0890       18.0147       22.5956        2.0058       69.0935       38.2943       43.5000      -59.1664      102.6664
IC3H7                        43.0890       17.9194       19.1895       -0.6726       66.6515       38.4189       40.1403      -60.1369      100.2771
C4H3                         51.0680       17.9657      129.8801      109.3014       69.0561       30.4633      147.8482       49.3658       98.4824
C4H5                         53.0840       19.2970       86.0911       64.3180       73.0640       38.8869      107.8685       -0.2823      108.1508
SC4H7                        55.1000       19.9377       31.9845       10.3191       72.7029       44.2663       56.1055      -55.2139      111.3194
IC4H7                        55.1000       21.8490       29.6898        7.8386       73.3259       47.1131       55.0175      -58.8391      113.8566
CH2C3H5                      55.1000       19.9707       47.9841       25.6628       74.9038       44.0371       71.9115      -41.3031      113.2146
CYC5H5                       65.0950       20.1747       62.4905       43.5820       63.4512       41.5138       85.4001      -15.0794      100.4795
C6H5                         77.1060       20.8873       79.4325       58.6273       69.8160       47.7671      105.7042       -6.0370      111.7413
C7H7                         91.1330       26.0584       47.7477       25.8968       73.3251       60.1310       80.5912      -45.1866      125.7778
C7H8                         92.1410       24.6404       11.9505      -10.8568       76.5346       62.3436       45.1842      -84.0322      129.2164
INDENYL                     115.1550       28.8077       74.9657       51.9733       77.1555       70.5689      112.9925      -24.6381      137.6306
INDENE                      116.1630       29.3930       39.0410       15.0512       80.5027       73.3750       78.3825      -64.5627      142.9452
C6H5C2H                     102.1360       28.4799       73.2957       49.7401       79.0457       61.3234      107.5298      -26.5568      134.0866
C6H5C2H3                    104.1520       29.2999       35.1412       10.6148       82.3034       67.5856       71.9866      -69.1598      141.1463
N2                           28.0140        6.9473       -0.0007      -13.6385       45.7643        7.8295        5.1309      -49.3780       54.5089
-----------------------------------------------------------------------------------------------------------------------------------------------------

 ====================================================================================================
   THERMO TABLE FOR MOLECULE H2
 ====================================================================================================
   Elemental Composition:
     H 2.0000
   Formation Enthalpy at 298K =          -0.0004 kcal/mol
   Formation Free Gibbs Energy at 298K = -9.3000 kcal/mol
   Molecular Weight =                    2.0160 kg/kmol
 -----------------------------------------------------------------------------------------------------
   Temperature       Cp             H             G            S             DH            DG         
       [K]       [cal/mol/K]    [kcal/mol]    [kcal/mol]  [cal/(mol-K)]  [kcal/mol]     [kcal/mol]    
 -----------------------------------------------------------------------------------------------------
     300.0000      6.9011        0.0134        -9.3624       31.2526       0.0138        -0.0625       
     600.0000      7.0202        2.1054        -19.5435      36.0814       2.1058        -10.2435      
     800.0000      7.0693        3.5138        -26.9718      38.1069       3.5142        -17.6718      
     1000.0000     7.2078        4.9390        -34.7575      39.6965       4.9394        -25.4576      
     1200.0000     7.4268        6.4027        -42.8336      41.0302       6.4031        -33.5336      
     1400.0000     7.6337        7.9089        -51.1581      42.1907       7.9094        -41.8582      
     1600.0000     7.8285        9.4553        -59.7014      43.2229       9.4558        -50.4014      
     1800.0000     8.0111        11.0395       -68.4407      44.1557       11.0399       -59.1407      
     2000.0000     8.1818        12.6590       -77.3583      45.0087       12.6594       -68.0584      
     2200.0000     8.3408        14.3114       -86.4398      45.7960       14.3119       -77.1398      
     2400.0000     8.4884        15.9945       -95.6731      46.5282       15.9950       -86.3731      
     2600.0000     8.6252        17.7061       -105.0479     47.2131       17.7065       -95.7480      
 -----------------------------------------------------------------------------------------------------


 ====================================================================================================
   THERMO TABLE FOR MOLECULE CH4
 ====================================================================================================
   Elemental Composition:
     C 1.0000
     H 4.0000
   Formation Enthalpy at 298K =          -17.8995 kcal/mol
   Formation Free Gibbs Energy at 298K = -31.1488 kcal/mol
   Molecular Weight =                    16.0430 kg/kmol
 -----------------------------------------------------------------------------------------------------
   Temperature       Cp             H             G            S             DH            DG         
       [K]       [cal/mol/K]    [kcal/mol]    [kcal/mol]  [cal/(mol-K)]  [kcal/mol]     [kcal/mol]    
 -----------------------------------------------------------------------------------------------------
     300.0000      8.4268        -17.8827      -31.2378      44.5170       0.0168        -0.0890       
     600.0000      12.4101       -14.7405      -45.7125      51.6200       3.1590        -14.5637      
     800.0000      14.9970       -12.0000      -56.4353      55.5441       5.8995        -25.2865      
     1000.0000     17.2454       -8.7622       -67.9093      59.1471       9.1373        -36.7605      
     1200.0000     18.8112       -5.1514       -80.0727      62.4345       12.7482       -48.9239      
     1400.0000     20.0872       -1.2570       -92.8639      65.4335       16.6425       -61.7151      
     1600.0000     21.1158       2.8670        -106.2297     68.1854       20.7666       -75.0808      
     1800.0000     21.9359       7.1754        -120.1237     70.7217       25.0749       -88.9749      
     2000.0000     22.5830       11.6299       -134.5057     73.0678       29.5294       -103.3569     
     2200.0000     23.0892       16.1992       -149.3396     75.2449       34.0987       -118.1908     
     2400.0000     23.4831       20.8580       -164.5936     77.2715       38.7576       -133.4448     
     2600.0000     23.7900       25.5866       -180.2393     79.1638       43.4861       -149.0904     
 -----------------------------------------------------------------------------------------------------


 ====================================================================================================
   THERMO TABLE FOR MOLECULE C2H2
 ====================================================================================================
   Elemental Composition:
     C 2.0000
     H 2.0000
   Formation Enthalpy at 298K =          54.1922 kcal/mol
   Formation Free Gibbs Energy at 298K = 39.8851 kcal/mol
   Molecular Weight =                    26.0380 kg/kmol
 -----------------------------------------------------------------------------------------------------
   Temperature       Cp             H             G            S             DH            DG         
       [K]       [cal/mol/K]    [kcal/mol]    [kcal/mol]  [cal/(mol-K)]  [kcal/mol]     [kcal/mol]    
 -----------------------------------------------------------------------------------------------------
     300.0000      10.6218       54.2134       39.7891       48.0813       0.0212        -0.0961       
     600.0000      13.9532       57.9559       23.9989       56.5949       3.7636        -15.8862      
     800.0000      15.2730       60.8858       12.2456       60.8002       6.6935        -27.6396      
     1000.0000     16.3074       64.0464       -0.2759       64.3223       9.8541        -40.1611      
     1200.0000     17.2009       67.3998       -13.4524      67.3769       13.2076       -53.3376      
     1400.0000     17.9486       70.9170       -27.2038      70.0863       16.7248       -67.0889      
     1600.0000     18.5713       74.5709       -41.4689      72.5249       20.3787       -81.3541      
     1800.0000     19.0878       78.3385       -56.1991      74.7431       24.1462       -96.0842      
     2000.0000     19.5156       82.2001       -71.3539      76.7770       28.0079       -111.2390     
     2200.0000     19.8703       86.1398       -86.8994      78.6542       31.9476       -126.7846     
     2400.0000     20.1660       90.1443       -102.8066     80.3962       35.9521       -142.6917     
     2600.0000     20.4153       94.2031       -119.0501     82.0205       40.0109       -158.9352     
 -----------------------------------------------------------------------------------------------------


 ====================================================================================================
   THERMO TABLE FOR MOLECULE C2H4
 ====================================================================================================
   Elemental Composition:
     C 2.0000
     H 4.0000
   Formation Enthalpy at 298K =          12.5366 kcal/mol
   Formation Free Gibbs Energy at 298K = -3.0707 kcal/mol
   Molecular Weight =                    28.0540 kg/kmol
 -----------------------------------------------------------------------------------------------------
   Temperature       Cp             H             G            S             DH            DG         
       [K]       [cal/mol/K]    [kcal/mol]    [kcal/mol]  [cal/(mol-K)]  [kcal/mol]     [kcal/mol]    
 -----------------------------------------------------------------------------------------------------
     300.0000      10.2337       12.5570       -3.1755       52.4414       0.0204        -0.1048       
     600.0000      16.8302       16.6915       -20.3475      61.7316       4.1549        -17.2768      
     800.0000      20.0520       20.3907       -33.2336      67.0304       7.8541        -30.1630      
     1000.0000     22.5068       24.6628       -47.1238      71.7866       12.1263       -44.0531      
     1200.0000     24.2305       29.3424       -61.9149      76.0478       16.8058       -58.8443      
     1400.0000     25.6280       34.3333       -77.5152      79.8917       21.7967       -74.4445      
     1600.0000     26.7482       39.5751       -93.8486      83.3898       27.0386       -90.7780      
     1800.0000     27.6357       45.0170       -110.8515     86.5936       32.4805       -107.7809     
     2000.0000     28.3311       50.6166       -128.4691     89.5429       38.0801       -125.3985     
     2200.0000     28.8710       56.3391       -146.6538     92.2695       43.8026       -143.5832     
     2400.0000     29.2882       62.1568       -165.3639     94.8003       49.6203       -162.2932     
     2600.0000     29.6112       68.0481       -184.5624     97.1579       55.5116       -181.4918     
 -----------------------------------------------------------------------------------------------------


 ====================================================================================================
   THERMO TABLE FOR MOLECULE C2H6
 ====================================================================================================
   Elemental Composition:
     C 2.0000
     H 6.0000
   Formation Enthalpy at 298K =          -20.0429 kcal/mol
   Formation Free Gibbs Energy at 298K = -36.3481 kcal/mol
   Molecular Weight =                    30.0700 kg/kmol
 -----------------------------------------------------------------------------------------------------
   Temperature       Cp             H             G            S             DH            DG         
       [K]       [cal/mol/K]    [kcal/mol]    [kcal/mol]  [cal/(mol-K)]  [kcal/mol]     [kcal/mol]    
 -----------------------------------------------------------------------------------------------------
     300.0000      12.5752       -20.0178      -36.4576      54.7993       0.0251        -0.1095       
     600.0000      21.2962       -14.8879      -54.6695      66.3028       5.1550        -18.3215      
     800.0000      25.8235       -10.1571      -68.6182      73.0763       9.8858        -32.2701      
     1000.0000     29.2996       -4.6293       -83.8587      79.2294       15.4136       -47.5106      
     1200.0000     31.7115       1.4787        -100.2703     84.7908       21.5216       -63.9222      
     1400.0000     33.7342       8.0294        -117.7407     89.8357       28.0722       -81.3926      
     1600.0000     35.4139       14.9495       -136.1761     94.4535       34.9924       -99.8281      
     1800.0000     36.7943       22.1750       -155.4978     98.7071       42.2179       -119.1498     
     2000.0000     37.9161       29.6500       -175.6379     102.6439      49.6929       -139.2898     
     2200.0000     38.8173       37.3267       -196.5368     106.3016      57.3696       -160.1888     
     2400.0000     39.5334       45.1646       -218.1420     109.7111      65.2075       -181.7939     
     2600.0000     40.0968       53.1299       -240.4065     112.8986      73.1728       -204.0584     
 -----------------------------------------------------------------------------------------------------


 ====================================================================================================
   THERMO TABLE FOR MOLECULE C3H2
 ====================================================================================================
   Elemental Composition:
     C 3.0000
     H 2.0000
   Formation Enthalpy at 298K =          129.5968 kcal/mol
   Formation Free Gibbs Energy at 298K = 110.2834 kcal/mol
   Molecular Weight =                    38.0490 kg/kmol
 -----------------------------------------------------------------------------------------------------
   Temperature       Cp             H             G            S             DH            DG         
       [K]       [cal/mol/K]    [kcal/mol]    [kcal/mol]  [cal/(mol-K)]  [kcal/mol]     [kcal/mol]    
 -----------------------------------------------------------------------------------------------------
     300.0000      14.9308       129.6266      110.1537      64.9099       0.0298        -0.1297       
     600.0000      17.5458       134.5581      88.8373       76.2013       4.9613        -21.4461      
     800.0000      18.7219       138.1850      73.0568       81.4102       8.5882        -37.2265      
     1000.0000     19.7403       142.0388      56.3331       85.7057       12.4421       -53.9502      
     1200.0000     20.3926       146.0535      38.8171       89.3637       16.4567       -71.4663      
     1400.0000     20.9615       150.1903      20.6189       92.5510       20.5935       -89.6645      
     1600.0000     21.4490       154.4327      1.8203        95.3828       24.8359       -108.4631     
     1800.0000     21.8585       158.7647      -17.5155      97.9335       29.1679       -127.7989     
     2000.0000     22.1946       163.1712      -37.3378      100.2545      33.5744       -147.6212     
     2200.0000     22.4632       167.6380      -57.6045      102.3830      38.0413       -167.8879     
     2400.0000     22.6716       172.1525      -78.2801      104.3469      42.5557       -188.5634     
     2600.0000     22.8281       176.7032      -99.3338      106.1681      47.1064       -209.6172     
 -----------------------------------------------------------------------------------------------------


 ====================================================================================================
   THERMO TABLE FOR MOLECULE PC3H4
 ====================================================================================================
   Elemental Composition:
     C 3.0000
     H 4.0000
   Formation Enthalpy at 298K =          44.3049 kcal/mol
   Formation Free Gibbs Energy at 298K = 26.6515 kcal/mol
   Molecular Weight =                    40.0650 kg/kmol
 -----------------------------------------------------------------------------------------------------
   Temperature       Cp             H             G            S             DH            DG         
       [K]       [cal/mol/K]    [kcal/mol]    [kcal/mol]  [cal/(mol-K)]  [kcal/mol]     [kcal/mol]    
 -----------------------------------------------------------------------------------------------------
     300.0000      14.6032       44.3340       26.5329       59.3371       0.0291        -0.1186       
     600.0000      21.8923       49.8931       6.7592        71.8898       5.5882        -19.8923      
     800.0000      25.2190       54.6198       -8.3129       78.6658       10.3149       -34.9643      
     1000.0000     27.7759       59.9296       -24.6499      84.5795       15.6248       -51.3013      
     1200.0000     29.7634       65.6925       -42.1005      89.8274       21.3876       -68.7519      
     1400.0000     31.2783       71.8035       -60.5449      94.5346       27.4987       -87.1963      
     1600.0000     32.4315       78.1797       -79.8842      98.7900       33.8748       -106.5357     
     1800.0000     33.3162       84.7583       -100.0354     102.6632      40.4534       -126.6869     
     2000.0000     34.0071       91.4933       -120.9278     106.2105      47.1884       -147.5793     
     2200.0000     34.5609       98.3520       -142.5010     109.4786      54.0471       -169.1525     
     2400.0000     35.0162       105.3111      -164.7032     112.5060      61.0063       -191.3547     
     2600.0000     35.3935       112.3533      -187.4895     115.3241      68.0484       -214.1409     
 -----------------------------------------------------------------------------------------------------


 ====================================================================================================
   THERMO TABLE FOR MOLECULE AC3H4
 ====================================================================================================
   Elemental Composition:
     C 3.0000
     H 4.0000
   Formation Enthalpy at 298K =          47.6297 kcal/mol
   Formation Free Gibbs Energy at 298K = 30.3651 kcal/mol
   Molecular Weight =                    40.0650 kg/kmol
 -----------------------------------------------------------------------------------------------------
   Temperature       Cp             H             G            S             DH            DG         
       [K]       [cal/mol/K]    [kcal/mol]    [kcal/mol]  [cal/(mol-K)]  [kcal/mol]     [kcal/mol]    
 -----------------------------------------------------------------------------------------------------
     300.0000      14.2464       47.6581       30.2491       58.0302       0.0284        -0.1160       
     600.0000      21.7086       53.1041       10.9155       70.3143       5.4744        -19.4496      
     800.0000      25.4466       57.8366       -3.8400       77.0958       10.2069       -34.2051      
     1000.0000     28.1975       63.2166       -19.8703      83.0870       15.5869       -50.2354      
     1200.0000     30.1118       69.0596       -37.0302      88.4081       21.4299       -67.3953      
     1400.0000     31.4719       75.2241       -55.1954      93.1568       27.5944       -85.5605      
     1600.0000     32.5990       81.6340       -74.2616      97.4347       34.0043       -104.6266     
     1800.0000     33.5609       88.2527       -94.1440      101.3315      40.6230       -124.5090     
     2000.0000     34.3618       95.0476       -114.7730     104.9103      47.4179       -145.1381     
     2200.0000     35.0097       101.9872      -136.0900     108.2169      54.3575       -166.4550     
     2400.0000     35.5166       109.0421      -158.0439     111.2858      61.4124       -188.4090     
     2600.0000     35.8981       116.1855      -180.5903     114.1445      68.5558       -210.9553     
 -----------------------------------------------------------------------------------------------------


 ====================================================================================================
   THERMO TABLE FOR MOLECULE C3H6
 ====================================================================================================
   Elemental Composition:
     C 3.0000
     H 6.0000
   Formation Enthalpy at 298K =          4.8860 kcal/mol
   Formation Free Gibbs Energy at 298K = -13.4430 kcal/mol
   Molecular Weight =                    42.0810 kg/kmol
 -----------------------------------------------------------------------------------------------------
   Temperature       Cp             H             G            S             DH            DG         
       [K]       [cal/mol/K]    [kcal/mol]    [kcal/mol]  [cal/(mol-K)]  [kcal/mol]     [kcal/mol]    
 -----------------------------------------------------------------------------------------------------
     300.0000      15.4629       4.9169        -13.5662      61.6101       0.0308        -0.1231       
     600.0000      25.8042       11.1888       -34.2233      75.6867       6.3028        -20.7802      
     800.0000      30.7829       16.8725       -50.1898      83.8278       11.9864       -36.7468      
     1000.0000     34.5227       23.4181       -67.6974      91.1155       18.5321       -54.2543      
     1200.0000     37.0826       30.5862       -86.5852      97.6429       25.7002       -73.1422      
     1400.0000     39.2164       38.2228       -106.7116     103.5245      33.3367       -93.2686      
     1600.0000     40.9742       46.2477       -127.9600     108.8798      41.3617       -114.5170     
     1800.0000     42.4033       54.5905       -150.2340     113.7914      49.7045       -136.7909     
     2000.0000     43.5479       63.1900       -173.4511     118.3206      58.3040       -160.0081     
     2200.0000     44.4497       71.9935       -197.5399     122.5152      67.1075       -184.0969     
     2400.0000     45.1472       80.9563       -222.4375     126.4141      76.0703       -208.9945     
     2600.0000     45.6761       90.0412       -248.0880     130.0497      85.1551       -234.6450     
 -----------------------------------------------------------------------------------------------------


 ====================================================================================================
   THERMO TABLE FOR MOLECULE C3H8
 ====================================================================================================
   Elemental Composition:
     C 3.0000
     H 8.0000
   Formation Enthalpy at 298K =          -24.8220 kcal/mol
   Formation Free Gibbs Energy at 298K = -44.0606 kcal/mol
   Molecular Weight =                    44.0970 kg/kmol
 -----------------------------------------------------------------------------------------------------
   Temperature       Cp             H             G            S             DH            DG         
       [K]       [cal/mol/K]    [kcal/mol]    [kcal/mol]  [cal/(mol-K)]  [kcal/mol]     [kcal/mol]    
 -----------------------------------------------------------------------------------------------------
     300.0000      17.6715       -24.7868      -44.1898      64.6767       0.0352        -0.1292       
     600.0000      30.7427       -17.4192      -66.1244      81.1753       7.4028        -22.0639      
     800.0000      37.0096       -10.6124      -83.3509      90.9231       14.2096       -39.2903      
     1000.0000     41.7300       -2.7201       -102.4293     99.7092       22.1020       -58.3687      
     1200.0000     44.9683       5.9593        -123.1756     107.6124      30.7814       -79.1150      
     1400.0000     47.6666       15.2313       -145.4236     114.7535      40.0533       -101.3630     
     1600.0000     49.8886       24.9942       -169.0353     121.2685      49.8163       -124.9748     
     1800.0000     51.6942       35.1590       -193.8956     127.2526      59.9810       -149.8351     
     2000.0000     53.1399       45.6479       -219.9057     132.7768      70.4700       -175.8452     
     2200.0000     54.2783       56.3945       -246.9795     137.8972      81.2165       -202.9189     
     2400.0000     55.1584       67.3421       -275.0408     142.6595      92.1641       -230.9802     
     2600.0000     55.8255       78.4436       -304.0220     147.1022      103.2657      -259.9614     
 -----------------------------------------------------------------------------------------------------


 ====================================================================================================
   THERMO TABLE FOR MOLECULE C4H2
 ====================================================================================================
   Elemental Composition:
     C 4.0000
     H 2.0000
   Formation Enthalpy at 298K =          111.7023 kcal/mol
   Formation Free Gibbs Energy at 298K = 93.8897 kcal/mol
   Molecular Weight =                    50.0600 kg/kmol
 -----------------------------------------------------------------------------------------------------
   Temperature       Cp             H             G            S             DH            DG         
       [K]       [cal/mol/K]    [kcal/mol]    [kcal/mol]  [cal/(mol-K)]  [kcal/mol]     [kcal/mol]    
 -----------------------------------------------------------------------------------------------------
     300.0000      17.7446       111.7377      93.7700       59.8924       0.0354        -0.1197       
     600.0000      23.2358       117.9856      73.5213       74.1071       6.2833        -20.3684      
     800.0000      25.0981       122.8345      57.9792       81.0691       11.1322       -35.9104      
     1000.0000     26.6090       128.0003      41.1738       86.8266       16.2981       -52.7159      
     1200.0000     27.6774       133.4320      23.3018       91.7751       21.7298       -70.5878      
     1400.0000     28.5745       139.0599      4.5044        96.1111       27.3576       -89.3853      
     1600.0000     29.3197       144.8517      -15.1113      99.9769       33.1494       -109.0010     
     1800.0000     29.9314       150.7789      -35.4614      103.4668      39.0766       -129.3510     
     2000.0000     30.4270       156.8165      -56.4775      106.6470      45.1143       -150.3671     
     2200.0000     30.8225       162.9430      -78.1028      109.5663      51.2407       -171.9924     
     2400.0000     31.1333       169.1399      -100.2891     112.2621      57.4376       -194.1787     
     2600.0000     31.3733       175.3916      -122.9947     114.7640      63.6893       -216.8844     
 -----------------------------------------------------------------------------------------------------


 ====================================================================================================
   THERMO TABLE FOR MOLECULE C4H4
 ====================================================================================================
   Elemental Composition:
     C 4.0000
     H 4.0000
   Formation Enthalpy at 298K =          67.9919 kcal/mol
   Formation Free Gibbs Energy at 298K = 48.1566 kcal/mol
   Molecular Weight =                    52.0760 kg/kmol
 -----------------------------------------------------------------------------------------------------
   Temperature       Cp             H             G            S             DH            DG         
       [K]       [cal/mol/K]    [kcal/mol]    [kcal/mol]  [cal/(mol-K)]  [kcal/mol]     [kcal/mol]    
 -----------------------------------------------------------------------------------------------------
     300.0000      17.5013       68.0268       48.0233       66.6782       0.0349        -0.1332       
     600.0000      27.0122       74.8717       25.6030       82.1145       6.8798        -22.5536      
     800.0000      30.8825       80.6798       8.3260        90.4423       12.6880       -39.8306      
     1000.0000     33.7112       87.1582       -10.5003      97.6585       19.1664       -58.6569      
     1200.0000     35.7457       94.1122       -30.6784      103.9922      26.1203       -78.8350      
     1400.0000     37.3302       101.4265      -52.0507      109.6266      33.4346       -100.2073     
     1600.0000     38.5489       109.0199      -74.4914      114.6945      41.0280       -122.6480     
     1800.0000     39.4767       116.8267      -97.8971      119.2910      48.8348       -146.0537     
     2000.0000     40.1797       124.7956      -122.1812     123.4884      56.8037       -170.3378     
     2200.0000     40.7146       132.8874      -147.2698     127.3442      64.8955       -195.4263     
     2400.0000     41.1294       141.0735      -173.0993     130.9053      73.0816       -221.2558     
     2600.0000     41.4627       149.3337      -199.6149     134.2110      81.3419       -247.7714     
 -----------------------------------------------------------------------------------------------------


 ====================================================================================================
   THERMO TABLE FOR MOLECULE C4H6
 ====================================================================================================
   Elemental Composition:
     C 4.0000
     H 6.0000
   Formation Enthalpy at 298K =          26.3251 kcal/mol
   Formation Free Gibbs Energy at 298K = 6.5406 kcal/mol
   Molecular Weight =                    54.0920 kg/kmol
 -----------------------------------------------------------------------------------------------------
   Temperature       Cp             H             G            S             DH            DG         
       [K]       [cal/mol/K]    [kcal/mol]    [kcal/mol]  [cal/(mol-K)]  [kcal/mol]     [kcal/mol]    
 -----------------------------------------------------------------------------------------------------
     300.0000      18.3309       26.3617       6.4077        66.5131       0.0366        -0.1329       
     600.0000      30.8986       33.8877       -16.1511      83.3979       7.5626        -22.6917      
     800.0000      36.4128       40.6509       -33.8196      93.0882       14.3258       -40.3603      
     1000.0000     40.4760       48.3550       -53.3120      101.6670      22.0299       -59.8526      
     1200.0000     43.2879       56.7403       -74.4237      109.3033      30.4152       -80.9643      
     1400.0000     45.6018       65.6370       -96.9812      116.1559      39.3119       -103.5219     
     1600.0000     47.4824       74.9521       -120.8437     122.3724      48.6270       -127.3843     
     1800.0000     48.9900       84.6051       -145.8947     128.0554      58.2800       -152.4353     
     2000.0000     50.1808       94.5270       -172.0354     133.2812      68.2019       -178.5761     
     2200.0000     51.1061       104.6597      -199.1807     138.1093      78.3346       -205.7213     
     2400.0000     51.8132       114.9549      -227.2558     142.5878      88.6298       -233.7965     
     2600.0000     52.3449       125.3733      -256.1952     146.7571      99.0482       -262.7358     
 -----------------------------------------------------------------------------------------------------


 ====================================================================================================
   THERMO TABLE FOR MOLECULE IC4H8
 ====================================================================================================
   Elemental Composition:
     C 4.0000
     H 8.0000
   Formation Enthalpy at 298K =          -3.8032 kcal/mol
   Formation Free Gibbs Energy at 298K = -24.6570 kcal/mol
   Molecular Weight =                    56.1080 kg/kmol
 -----------------------------------------------------------------------------------------------------
   Temperature       Cp             H             G            S             DH            DG         
       [K]       [cal/mol/K]    [kcal/mol]    [kcal/mol]  [cal/(mol-K)]  [kcal/mol]     [kcal/mol]    
 -----------------------------------------------------------------------------------------------------
     300.0000      21.5798       -3.7602       -24.7971      70.1232       0.0430        -0.1401       
     600.0000      35.3058       4.9021        -48.8509      89.5884       8.7054        -24.1939      
     800.0000      41.8966       12.6519       -67.9003      100.6902      16.4551       -43.2433      
     1000.0000     46.9085       21.5556       -89.0479      110.6035      25.3588       -64.3909      
     1200.0000     50.6904       31.3334       -112.0745     119.5065      35.1366       -87.4174      
     1400.0000     53.5350       41.7700       -136.7929     127.5450      45.5732       -112.1359     
     1600.0000     55.6464       52.6951       -163.0426     134.8360      56.4983       -138.3855     
     1800.0000     57.3689       64.0026       -190.6852     141.4932      67.8059       -166.0281     
     2000.0000     58.7581       75.6204       -219.6040     147.6122      79.4237       -194.9470     
     2200.0000     59.8653       87.4871       -249.6991     153.2664      91.2903       -225.0421     
     2400.0000     60.7376       99.5509       -280.8835     158.5143      103.3541      -256.2265     
     2600.0000     61.4177       111.7693      -313.0810     163.4040      115.5725      -288.4239     
 -----------------------------------------------------------------------------------------------------


 ====================================================================================================
   THERMO TABLE FOR MOLECULE NC4H8
 ====================================================================================================
   Elemental Composition:
     C 4.0000
     H 8.0000
   Formation Enthalpy at 298K =          -0.1331 kcal/mol
   Formation Free Gibbs Energy at 298K = -22.0513 kcal/mol
   Molecular Weight =                    56.1080 kg/kmol
 -----------------------------------------------------------------------------------------------------
   Temperature       Cp             H             G            S             DH            DG         
       [K]       [cal/mol/K]    [kcal/mol]    [kcal/mol]  [cal/(mol-K)]  [kcal/mol]     [kcal/mol]    
 -----------------------------------------------------------------------------------------------------
     300.0000      20.5043       -0.0922       -22.1985      73.6878       0.0409        -0.1472       
     600.0000      35.0482       8.3694        -47.2235      92.6549       8.5025        -25.1722      
     800.0000      41.8197       16.0930       -66.8813      103.7179      16.2261       -44.8300      
     1000.0000     46.8462       24.9791       -88.6324      113.6114      25.1122       -66.5811      
     1200.0000     50.8561       34.7673       -112.2607     122.5233      34.9004       -90.2094      
     1400.0000     53.8850       45.2561       -137.5862     130.6016      45.3892       -115.5349     
     1600.0000     56.1226       56.2686       -164.4528     137.9508      56.4017       -142.4015     
     1800.0000     57.7393       67.6638       -192.7238     144.6598      67.7969       -170.6725     
     2000.0000     58.8863       79.3330       -222.2792     150.8061      79.4661       -200.2279     
     2200.0000     59.6953       91.1958       -253.0134     156.4587      91.3289       -230.9621     
     2400.0000     60.2787       103.1961      -284.8339     161.6792      103.3292      -262.7826     
     2600.0000     60.7297       115.2985      -317.6599     166.5225      115.4316      -295.6086     
 -----------------------------------------------------------------------------------------------------


 ====================================================================================================
   THERMO TABLE FOR MOLECULE CYC5H6
 ====================================================================================================
   Elemental Composition:
     C 5.0000
     H 6.0000
   Formation Enthalpy at 298K =          32.0924 kcal/mol
   Formation Free Gibbs Energy at 298K = 12.5236 kcal/mol
   Molecular Weight =                    66.1030 kg/kmol
 -----------------------------------------------------------------------------------------------------
   Temperature       Cp             H             G            S             DH            DG         
       [K]       [cal/mol/K]    [kcal/mol]    [kcal/mol]  [cal/(mol-K)]  [kcal/mol]     [kcal/mol]    
 -----------------------------------------------------------------------------------------------------
     300.0000      18.4385       32.1291       12.3922       65.7899       0.0367        -0.1315       
     600.0000      34.9138       40.3805       -10.1360      84.1941       8.2881        -22.6596      
     800.0000      41.3785       48.0545       -28.0958      95.1879       15.9621       -40.6194      
     1000.0000     45.8800       56.8009       -48.1269      104.9278      24.7085       -60.6505      
     1200.0000     49.2969       66.3373       -69.9969      113.6118      34.2449       -82.5205      
     1400.0000     51.7475       76.4553       -93.5123      121.4055      44.3629       -106.0359     
     1600.0000     53.5148       86.9909       -118.5083     128.4370      54.8985       -131.0319     
     1800.0000     54.8259       97.8310       -144.8439     134.8193      65.7386       -157.3675     
     2000.0000     55.8514       108.9023      -172.3993     140.6508      76.8099       -184.9229     
     2200.0000     56.7060       120.1602      -201.0731     146.0151      88.0679       -213.5967     
     2400.0000     57.4479       131.5773      -230.7789     150.9818      99.4849       -243.3025     
     2600.0000     58.0795       143.1322      -261.4430     155.6058      111.0398      -273.9666     
 -----------------------------------------------------------------------------------------------------


 ====================================================================================================
   THERMO TABLE FOR MOLECULE C6H6
 ====================================================================================================
   Elemental Composition:
     C 6.0000
     H 6.0000
   Formation Enthalpy at 298K =          19.8097 kcal/mol
   Formation Free Gibbs Energy at 298K = 0.6322 kcal/mol
   Molecular Weight =                    78.1140 kg/kmol
 -----------------------------------------------------------------------------------------------------
   Temperature       Cp             H             G            S             DH            DG         
       [K]       [cal/mol/K]    [kcal/mol]    [kcal/mol]  [cal/(mol-K)]  [kcal/mol]     [kcal/mol]    
 -----------------------------------------------------------------------------------------------------
     300.0000      19.9156       19.8494       0.5034        64.4868       0.0397        -0.1288       
     600.0000      38.3768       28.8228       -21.8638      84.4776       9.0130        -22.4960      
     800.0000      45.8701       37.3024       -39.9961      96.6231       17.4927       -40.6283      
     1000.0000     51.0451       47.0133       -60.4232      107.4365      27.2036       -61.0554      
     1200.0000     54.3119       57.5576       -82.8900      117.0396      37.7478       -83.5222      
     1400.0000     57.0904       68.7055       -107.1715     125.6265      48.8958       -107.8037     
     1600.0000     59.4272       80.3643       -133.0870     133.4070      60.5545       -133.7192     
     1800.0000     61.3674       92.4500       -160.4901     140.5223      72.6402       -161.1223     
     2000.0000     62.9545       104.8877      -189.2583     147.0730      85.0780       -189.8905     
     2200.0000     64.2306       117.6111      -219.2868     153.1354      97.8013       -219.9190     
     2400.0000     65.2364       130.5619      -250.4839     158.7691      110.7522      -251.1161     
     2600.0000     66.0109       143.6902      -282.7691     164.0228      123.8804      -283.4013     
 -----------------------------------------------------------------------------------------------------


 ====================================================================================================
   THERMO TABLE FOR MOLECULE MCPTD
 ====================================================================================================
   Elemental Composition:
     C 6.0000
     H 8.0000
   Formation Enthalpy at 298K =          25.0767 kcal/mol
   Formation Free Gibbs Energy at 298K = 3.9309 kcal/mol
   Molecular Weight =                    80.1300 kg/kmol
 -----------------------------------------------------------------------------------------------------
   Temperature       Cp             H             G            S             DH            DG         
       [K]       [cal/mol/K]    [kcal/mol]    [kcal/mol]  [cal/(mol-K)]  [kcal/mol]     [kcal/mol]    
 -----------------------------------------------------------------------------------------------------
     300.0000      21.9279       25.1204       3.7889        71.1051       0.0437        -0.1421       
     600.0000      42.8526       35.1201       -20.9027      93.3713       10.0433       -24.8336      
     800.0000      51.5852       44.6183       -40.9604      106.9734      19.5415       -44.8914      
     1000.0000     57.6123       55.5744       -63.5979      119.1723      30.4977       -67.5289      
     1200.0000     61.8759       67.5463       -88.5427      130.0742      42.4695       -92.4737      
     1400.0000     65.0356       80.2519       -115.5533     139.8608      55.1751       -119.4842     
     1600.0000     67.3668       93.4997       -144.4241     148.7024      68.4230       -148.3550     
     1800.0000     69.2710       107.1701      -174.9814     156.7509      82.0934       -178.9124     
     2000.0000     70.8092       121.1838      -207.0800     164.1319      96.1070       -211.0109     
     2200.0000     72.0376       135.4732      -240.5961     170.9406      110.3964      -244.5270     
     2400.0000     73.0077       149.9816      -275.4231     177.2519      124.9048      -279.3540     
     2600.0000     73.7666       164.6622      -311.4678     183.1269      139.5854      -315.3987     
 -----------------------------------------------------------------------------------------------------


 ====================================================================================================
   THERMO TABLE FOR MOLECULE C10H8
 ====================================================================================================
   Elemental Composition:
     C 10.0000
     H 8.0000
   Formation Enthalpy at 298K =          35.9851 kcal/mol
   Formation Free Gibbs Energy at 298K = 12.0325 kcal/mol
   Molecular Weight =                    128.1740 kg/kmol
 -----------------------------------------------------------------------------------------------------
   Temperature       Cp             H             G            S             DH            DG         
       [K]       [cal/mol/K]    [kcal/mol]    [kcal/mol]  [cal/(mol-K)]  [kcal/mol]     [kcal/mol]    
 -----------------------------------------------------------------------------------------------------
     300.0000      32.6572       36.0502       11.8715       80.5957       0.0651        -0.1610       
     600.0000      60.6142       50.4682       -17.2048      112.7884      14.4831       -29.2373      
     800.0000      71.5897       63.7649       -41.7062      131.8389      27.7798       -53.7386      
     1000.0000     78.9043       78.8613       -69.7905      148.6518      42.8761       -81.8230      
     1200.0000     84.0391       95.1826       -101.0369     163.5162      59.1974       -113.0694     
     1400.0000     87.9107       112.3939      -135.0901     176.7743      76.4088       -147.1225     
     1600.0000     90.6755       130.2621      -171.6579     188.7000      94.2769       -183.6903     
     1800.0000     92.9195       148.6296      -210.4961     199.5143      112.6444      -222.5286     
     2000.0000     94.7197       167.4003      -251.4018     209.4011      131.4151      -263.4343     
     2200.0000     96.1454       186.4925      -294.2040     218.4984      150.5073      -306.2364     
     2400.0000     97.2603       205.8377      -338.7558     226.9140      169.8526      -350.7883     
     2600.0000     98.1222       225.3798      -384.9299     234.7345      189.3946      -396.9624     
 -----------------------------------------------------------------------------------------------------


 ====================================================================================================
   THERMO TABLE FOR MOLECULE H
 ====================================================================================================
   Elemental Composition:
     H 1.0000
   Formation Enthalpy at 298K =          52.0924 kcal/mol
   Formation Free Gibbs Energy at 298K = 43.9314 kcal/mol
   Molecular Weight =                    1.0080 kg/kmol
 -----------------------------------------------------------------------------------------------------
   Temperature       Cp             H             G            S             DH            DG         
       [K]       [cal/mol/K]    [kcal/mol]    [kcal/mol]  [cal/(mol-K)]  [kcal/mol]     [kcal/mol]    
 -----------------------------------------------------------------------------------------------------
     300.0000      4.9675        52.1024       43.8766       27.4193       0.0099        -0.0548       
     600.0000      4.9675        53.5926       35.0751       30.8625       1.5002        -8.8563       
     800.0000      4.9675        54.5861       28.7529       32.2916       2.4937        -15.1785      
     1000.0000     4.9675        55.5796       22.1796       33.4000       3.4872        -21.7518      
     1200.0000     4.9675        56.5731       15.4063       34.3057       4.4807        -28.5251      
     1400.0000     4.9675        57.5666       8.4666        35.0714       5.4742        -35.4648      
     1600.0000     4.9675        58.5601       1.3845        35.7348       6.4677        -42.5469      
     1800.0000     4.9675        59.5536       -5.8221       36.3198       7.4612        -49.7535      
     2000.0000     4.9675        60.5471       -13.1393      36.8432       8.4547        -57.0707      
     2200.0000     4.9675        61.5406       -20.5561      37.3167       9.4482        -64.4875      
     2400.0000     4.9675        62.5341       -28.0633      37.7489       10.4417       -71.9947      
     2600.0000     4.9675        63.5276       -35.6534      38.1465       11.4352       -79.5847      
 -----------------------------------------------------------------------------------------------------


 ====================================================================================================
   THERMO TABLE FOR MOLECULE C
 ====================================================================================================
   Elemental Composition:
     C 1.0000
   Formation Enthalpy at 298K =          171.2713 kcal/mol
   Formation Free Gibbs Energy at 298K = 160.0127 kcal/mol
   Molecular Weight =                    12.0110 kg/kmol
 -----------------------------------------------------------------------------------------------------
   Temperature       Cp             H             G            S             DH            DG         
       [K]       [cal/mol/K]    [kcal/mol]    [kcal/mol]  [cal/(mol-K)]  [kcal/mol]     [kcal/mol]    
 -----------------------------------------------------------------------------------------------------
     300.0000      4.9798        171.2813      159.9371      37.8139       0.0100        -0.0756       
     600.0000      4.9712        172.7732      148.0164      41.2614       1.5019        -11.9963      
     800.0000      4.9693        173.7673      139.6143      42.6913       2.4960        -20.3984      
     1000.0000     4.9691        174.7610      130.9610      43.8000       3.4897        -29.0517      
     1200.0000     4.9685        175.7547      122.1077      44.7059       4.4834        -37.9050      
     1400.0000     4.9712        176.7486      113.0879      45.4719       5.4773        -46.9248      
     1600.0000     4.9782        177.7435      103.9257      46.1362       6.4722        -56.0870      
     1800.0000     4.9903        178.7403      94.6386       46.7232       7.4690        -65.3741      
     2000.0000     5.0080        179.7400      85.2404       47.2498       8.4687        -74.7723      
     2200.0000     5.0312        180.7438      75.7419       47.7282       9.4725        -84.2708      
     2400.0000     5.0597        181.7528      66.1518       48.1671       10.4815       -93.8609      
     2600.0000     5.0926        182.7680      56.4772       48.5734       11.4967       -103.5355     
 -----------------------------------------------------------------------------------------------------


 ====================================================================================================
   THERMO TABLE FOR MOLECULE CH
 ====================================================================================================
   Elemental Composition:
     C 1.0000
     H 1.0000
   Formation Enthalpy at 298K =          141.9977 kcal/mol
   Formation Free Gibbs Energy at 298K = 128.9710 kcal/mol
   Molecular Weight =                    13.0190 kg/kmol
 -----------------------------------------------------------------------------------------------------
   Temperature       Cp             H             G            S             DH            DG         
       [K]       [cal/mol/K]    [kcal/mol]    [kcal/mol]  [cal/(mol-K)]  [kcal/mol]     [kcal/mol]    
 -----------------------------------------------------------------------------------------------------
     300.0000      6.9524        142.0116      128.8835      43.7603       0.0139        -0.0875       
     600.0000      7.1147        144.1201      114.9445      48.6260       2.1224        -14.0265      
     800.0000      7.3663        145.5652      105.0028      50.7029       3.5675        -23.9681      
     1000.0000     7.7831        147.0779      94.6889       52.3890       5.0802        -34.2820      
     1200.0000     8.2181        148.6792      84.0622       53.8475       6.6815        -44.9088      
     1400.0000     8.5872        150.3608      73.1608       55.1429       8.3631        -55.8102      
     1600.0000     8.8970        152.1101      62.0135       56.3104       10.1125       -66.9575      
     1800.0000     9.1539        153.9161      50.6436       57.3736       11.9184       -78.3274      
     2000.0000     9.3640        155.7686      39.0699       58.3493       13.7709       -89.9011      
     2200.0000     9.5331        157.6589      27.3088       59.2501       15.6612       -101.6622     
     2400.0000     9.6666        159.5794      15.3742       60.0855       17.5817       -113.5968     
     2600.0000     9.7698        161.5236      3.2784        60.8635       19.5259       -125.6926     
 -----------------------------------------------------------------------------------------------------


 ====================================================================================================
   THERMO TABLE FOR MOLECULE CH2
 ====================================================================================================
   Elemental Composition:
     C 1.0000
     H 2.0000
   Formation Enthalpy at 298K =          92.4832 kcal/mol
   Formation Free Gibbs Energy at 298K = 78.5627 kcal/mol
   Molecular Weight =                    14.0270 kg/kmol
 -----------------------------------------------------------------------------------------------------
   Temperature       Cp             H             G            S             DH            DG         
       [K]       [cal/mol/K]    [kcal/mol]    [kcal/mol]  [cal/(mol-K)]  [kcal/mol]     [kcal/mol]    
 -----------------------------------------------------------------------------------------------------
     300.0000      8.2469        92.4997       78.4692       46.7683       0.0165        -0.0935       
     600.0000      9.2253        95.1158       63.4514       52.7740       2.6326        -15.1113      
     800.0000      9.9344        97.0319       52.6117       55.5253       4.5488        -25.9510      
     1000.0000     10.5666       99.0845       41.2717       57.8128       6.6014        -37.2910      
     1200.0000     11.0798       101.2502      29.5074       59.7856       8.7670        -49.0552      
     1400.0000     11.5333       103.5125      17.3727       61.5284       11.0293       -61.1899      
     1600.0000     11.9265       105.8595      4.9078        63.0948       13.3763       -73.6549      
     1800.0000     12.2601       108.2791      -7.8558       64.5194       15.7959       -86.4184      
     2000.0000     12.5362       110.7597      -20.8921      65.8259       18.2765       -99.4548      
     2200.0000     12.7583       113.2900      -34.1794      67.0315       20.8068       -112.7421     
     2400.0000     12.9311       115.8597      -47.6989      68.1494       23.3765       -126.2615     
     2600.0000     13.0611       118.4596      -61.4340      69.1898       25.9764       -139.9967     
 -----------------------------------------------------------------------------------------------------


 ====================================================================================================
   THERMO TABLE FOR MOLECULE CH2S
 ====================================================================================================
   Elemental Composition:
     C 1.0000
     H 2.0000
   Formation Enthalpy at 298K =          101.5011 kcal/mol
   Formation Free Gibbs Energy at 298K = 88.0627 kcal/mol
   Molecular Weight =                    14.0270 kg/kmol
 -----------------------------------------------------------------------------------------------------
   Temperature       Cp             H             G            S             DH            DG         
       [K]       [cal/mol/K]    [kcal/mol]    [kcal/mol]  [cal/(mol-K)]  [kcal/mol]     [kcal/mol]    
 -----------------------------------------------------------------------------------------------------
     300.0000      8.0748        101.5172      87.9725       45.1493       0.0161        -0.0902       
     600.0000      8.9814        104.0584      73.4674       50.9851       2.5573        -14.5953      
     800.0000      9.8480        105.9403      62.9915       53.6860       4.4392        -25.0712      
     1000.0000     10.6066       107.9908      52.0202       55.9705       6.4897        -36.0425      
     1200.0000     11.1439       110.1669      40.6235       57.9528       8.6658        -47.4392      
     1400.0000     11.6155       112.4440      28.8542       59.7070       10.9429       -59.2085      
     1600.0000     12.0208       114.8087      16.7524       61.2852       13.3076       -71.3103      
     1800.0000     12.3609       117.2479      4.3496        62.7213       15.7468       -83.7131      
     2000.0000     12.6383       119.7489      -8.3282       64.0385       18.2478       -96.3909      
     2200.0000     12.8572       122.2994      -21.2590      65.2538       20.7982       -109.3217     
     2400.0000     13.0232       124.8882      -34.4238      66.3800       23.3871       -122.4865     
     2600.0000     13.1435       127.5056      -47.8058      67.4274       26.0045       -135.8685     
 -----------------------------------------------------------------------------------------------------


 ====================================================================================================
   THERMO TABLE FOR MOLECULE CH3
 ====================================================================================================
   Elemental Composition:
     C 1.0000
     H 3.0000
   Formation Enthalpy at 298K =          34.8182 kcal/mol
   Formation Free Gibbs Energy at 298K = 20.9999 kcal/mol
   Molecular Weight =                    15.0350 kg/kmol
 -----------------------------------------------------------------------------------------------------
   Temperature       Cp             H             G            S             DH            DG         
       [K]       [cal/mol/K]    [kcal/mol]    [kcal/mol]  [cal/(mol-K)]  [kcal/mol]     [kcal/mol]    
 -----------------------------------------------------------------------------------------------------
     300.0000      9.2313        34.8366       20.9071       46.4317       0.0184        -0.0928       
     600.0000      11.5229       37.9694       5.8218        53.5793       3.1512        -15.1781      
     800.0000      12.8714       40.4089       -5.2544       57.0791       5.5908        -26.2543      
     1000.0000     14.1190       43.1122       -16.9778      60.0900       8.2940        -37.9777      
     1200.0000     15.1035       46.0375       -29.2673      62.7540       11.2193       -50.2672      
     1400.0000     15.9162       49.1421       -42.0613      65.1453       14.3240       -63.0612      
     1600.0000     16.5812       52.3941       -55.3107      67.3155       17.5760       -76.3106      
     1800.0000     17.1204       55.7662       -68.9751      69.3008       20.9480       -89.9751      
     2000.0000     17.5540       59.2353       -83.0205      71.1279       24.4171       -104.0204     
     2200.0000     17.9004       62.7820       -97.4172      72.8178       27.9638       -118.4171     
     2400.0000     18.1760       66.3907       -112.1396     74.3876       31.5725       -133.1395     
     2600.0000     18.3954       70.0486       -127.1651     75.8515       35.2305       -148.1651     
 -----------------------------------------------------------------------------------------------------


 ====================================================================================================
   THERMO TABLE FOR MOLECULE C2H
 ====================================================================================================
   Elemental Composition:
     C 2.0000
     H 1.0000
   Formation Enthalpy at 298K =          135.3102 kcal/mol
   Formation Free Gibbs Energy at 298K = 120.1187 kcal/mol
   Molecular Weight =                    25.0300 kg/kmol
 -----------------------------------------------------------------------------------------------------
   Temperature       Cp             H             G            S             DH            DG         
       [K]       [cal/mol/K]    [kcal/mol]    [kcal/mol]  [cal/(mol-K)]  [kcal/mol]     [kcal/mol]    
 -----------------------------------------------------------------------------------------------------
     300.0000      10.0485       135.3302      120.0167      51.0453       0.0201        -0.1020       
     600.0000      11.1957       138.5371      103.4908      58.4104       3.2269        -16.6279      
     800.0000      11.9368       140.8473      91.4646       61.7283       5.5371        -28.6541      
     1000.0000     12.6545       143.3121      78.8368       64.4753       8.0019        -41.2819      
     1200.0000     13.3384       145.9139      65.6996       66.8453       10.6038       -54.4191      
     1400.0000     13.8798       148.6379      52.1167       68.9438       13.3278       -68.0020      
     1600.0000     14.2989       151.4577      38.1365       70.8257       16.1475       -81.9822      
     1800.0000     14.6146       154.3506      23.7983       72.5291       19.0404       -96.3204      
     2000.0000     14.8443       157.2978      9.1349        74.0814       21.9876       -110.9838     
     2200.0000     15.0043       160.2837      -5.8257       75.5042       24.9735       -125.9443     
     2400.0000     15.1094       163.2958      -21.0593      76.8146       27.9857       -141.1780     
     2600.0000     15.1729       166.3247      -36.5450      78.0268       31.0145       -156.6637     
 -----------------------------------------------------------------------------------------------------


 ====================================================================================================
   THERMO TABLE FOR MOLECULE C2H3
 ====================================================================================================
   Elemental Composition:
     C 2.0000
     H 3.0000
   Formation Enthalpy at 298K =          68.4082 kcal/mol
   Formation Free Gibbs Energy at 298K = 51.9214 kcal/mol
   Molecular Weight =                    27.0460 kg/kmol
 -----------------------------------------------------------------------------------------------------
   Temperature       Cp             H             G            S             DH            DG         
       [K]       [cal/mol/K]    [kcal/mol]    [kcal/mol]  [cal/(mol-K)]  [kcal/mol]     [kcal/mol]    
 -----------------------------------------------------------------------------------------------------
     300.0000      9.5681        68.4273       51.8107       55.3886       0.0191        -0.1107       
     600.0000      14.3118       72.0195       33.9202       63.4988       3.6113        -18.0012      
     800.0000      16.9785       75.1596       20.7619       67.9971       6.7514        -31.1595      
     1000.0000     18.7458       78.7511       6.7543        71.9968       10.3430       -45.1671      
     1200.0000     19.8379       82.6114       -8.0040       75.5128       14.2032       -59.9255      
     1400.0000     20.8172       86.6788       -23.4254      78.6459       18.2706       -75.3469      
     1600.0000     21.6820       90.9306       -39.4427      81.4833       22.5224       -91.3642      
     1800.0000     22.4319       95.3439       -56.0028      84.0815       26.9357       -107.9243     
     2000.0000     23.0687       99.8958       -73.0620      86.4789       31.4876       -124.9834     
     2200.0000     23.5959       104.5641      -90.5829      88.7032       36.1559       -142.5043     
     2400.0000     24.0188       109.3272      -108.5331     90.7751       40.9191       -160.4545     
     2600.0000     24.3445       114.1651      -126.8839     92.7112       45.7569       -178.8053     
 -----------------------------------------------------------------------------------------------------


 ====================================================================================================
   THERMO TABLE FOR MOLECULE C2H5
 ====================================================================================================
   Elemental Composition:
     C 2.0000
     H 5.0000
   Formation Enthalpy at 298K =          28.0134 kcal/mol
   Formation Free Gibbs Energy at 298K = 10.0943 kcal/mol
   Molecular Weight =                    29.0620 kg/kmol
 -----------------------------------------------------------------------------------------------------
   Temperature       Cp             H             G            S             DH            DG         
       [K]       [cal/mol/K]    [kcal/mol]    [kcal/mol]  [cal/(mol-K)]  [kcal/mol]     [kcal/mol]    
 -----------------------------------------------------------------------------------------------------
     300.0000      11.3212       28.0360       9.9739        60.2070       0.0226        -0.1203       
     600.0000      18.2923       32.4709       -9.6346       70.1758       4.4574        -19.7289      
     800.0000      22.5803       36.5720       -24.2641      76.0451       8.5585        -34.3584      
     1000.0000     25.5047       41.4128       -40.0210      81.4338       13.3993       -50.1153      
     1200.0000     27.2626       46.6925       -56.7979      86.2420       18.6791       -66.8922      
     1400.0000     28.8376       52.3056       -74.4857      90.5652       24.2922       -84.5799      
     1600.0000     30.2264       58.2151       -92.9987      94.5087       30.2017       -103.0930     
     1800.0000     31.4289       64.3837       -112.2684     98.1401       36.3703       -122.3626     
     2000.0000     32.4478       70.7744       -132.2371     101.5057      42.7610       -142.3313     
     2200.0000     33.2889       77.3510       -152.8552     104.6392      49.3376       -162.9495     
     2400.0000     33.9610       84.0787       -174.0790     107.5657      56.0653       -184.1732     
     2600.0000     34.4755       90.9249       -195.8690     110.3053      62.9114       -205.9633     
 -----------------------------------------------------------------------------------------------------


 ====================================================================================================
   THERMO TABLE FOR MOLECULE C3H3
 ====================================================================================================
   Elemental Composition:
     C 3.0000
     H 3.0000
   Formation Enthalpy at 298K =          83.0370 kcal/mol
   Formation Free Gibbs Energy at 298K = 64.7164 kcal/mol
   Molecular Weight =                    39.0570 kg/kmol
 -----------------------------------------------------------------------------------------------------
   Temperature       Cp             H             G            S             DH            DG         
       [K]       [cal/mol/K]    [kcal/mol]    [kcal/mol]  [cal/(mol-K)]  [kcal/mol]     [kcal/mol]    
 -----------------------------------------------------------------------------------------------------
     300.0000      15.8389       83.0687       64.5933       61.5844       0.0316        -0.1231       
     600.0000      21.0067       88.6375       44.0911       74.2439       5.6005        -20.6253      
     800.0000      23.4275       93.0954       28.5838       80.6395       10.0584       -36.1326      
     1000.0000     25.0049       97.9519       11.9005       86.0515       14.9149       -52.8159      
     1200.0000     26.1279       103.0675      -5.7866       90.7118       20.0305       -70.5030      
     1400.0000     27.1104       108.3937      -24.3473      94.8150       25.3567       -89.0637      
     1600.0000     27.9516       113.9023      -43.6843      98.4916       30.8653       -108.4007     
     1800.0000     28.6538       119.5651      -63.7212      101.8257      36.5281       -128.4376     
     2000.0000     29.2230       125.3549      -84.3956      104.8753      42.3179       -149.1120     
     2200.0000     29.6681       131.2460      -105.6551     107.6823      48.2090       -170.3715     
     2400.0000     30.0017       137.2147      -127.4545     110.2789      54.1777       -192.1709     
     2600.0000     30.2396       143.2403      -149.7544     112.6902      60.2033       -214.4708     
 -----------------------------------------------------------------------------------------------------


 ====================================================================================================
   THERMO TABLE FOR MOLECULE CH2CHCH2
 ====================================================================================================
   Elemental Composition:
     C 3.0000
     H 5.0000
   Formation Enthalpy at 298K =          39.4350 kcal/mol
   Formation Free Gibbs Energy at 298K = 20.1443 kcal/mol
   Molecular Weight =                    41.0730 kg/kmol
 -----------------------------------------------------------------------------------------------------
   Temperature       Cp             H             G            S             DH            DG         
       [K]       [cal/mol/K]    [kcal/mol]    [kcal/mol]  [cal/(mol-K)]  [kcal/mol]     [kcal/mol]    
 -----------------------------------------------------------------------------------------------------
     300.0000      16.0714       39.4671       20.0148       64.8411       0.0321        -0.1296       
     600.0000      25.5309       45.7816       -1.6493       79.0515       6.3466        -21.7936      
     800.0000      29.9942       51.3607       -18.2758      87.0456       11.9257       -38.4202      
     1000.0000     32.8879       57.6741       -36.4035      94.0776       18.2391       -56.5478      
     1200.0000     34.8665       64.4554       -55.8494      100.2540      25.0204       -75.9937      
     1400.0000     36.5058       71.5981       -76.4603      105.7560      32.1630       -96.6046      
     1600.0000     37.8368       79.0372       -98.1161      110.7208      39.6022       -118.2604     
     1800.0000     38.8902       86.7143       -120.7190     115.2407      47.2793       -140.8634     
     2000.0000     39.6970       94.5769       -144.1871     119.3820      55.1418       -164.3315     
     2200.0000     40.2879       102.5787      -168.4499     123.1948      63.1437       -188.5943     
     2400.0000     40.6938       110.6797      -193.4458     126.7190      71.2447       -213.5902     
     2600.0000     40.9455       118.8459      -219.1205     129.9871      79.4109       -239.2648     
 -----------------------------------------------------------------------------------------------------


 ====================================================================================================
   THERMO TABLE FOR MOLECULE CH2CCH3
 ====================================================================================================
   Elemental Composition:
     C 3.0000
     H 5.0000
   Formation Enthalpy at 298K =          64.7476 kcal/mol
   Formation Free Gibbs Energy at 298K = 44.2645 kcal/mol
   Molecular Weight =                    41.0730 kg/kmol
 -----------------------------------------------------------------------------------------------------
   Temperature       Cp             H             G            S             DH            DG         
       [K]       [cal/mol/K]    [kcal/mol]    [kcal/mol]  [cal/(mol-K)]  [kcal/mol]     [kcal/mol]    
 -----------------------------------------------------------------------------------------------------
     300.0000      15.5420       64.7786       44.1270       68.8389       0.0310        -0.1376       
     600.0000      24.1210       70.7656       21.3684       82.3286       6.0180        -22.8961      
     800.0000      28.6540       76.0643       4.1292        89.9189       11.3167       -40.1354      
     1000.0000     31.6783       82.1266       -14.5435      96.6702       17.3790       -58.8081      
     1200.0000     33.6592       88.6647       -34.4851      102.6249      23.9171       -78.7496      
     1400.0000     35.3755       95.5727       -55.5514      107.9458      30.8251       -99.8159      
     1600.0000     36.8259       102.7972      -77.6302      112.7671      38.0496       -121.8947     
     1800.0000     38.0155       110.2856      -100.6308     117.1758      45.5380       -144.8953     
     2000.0000     38.9556       117.9868      -124.4771     121.2319      53.2392       -168.7416     
     2200.0000     39.6642       125.8524      -149.1030     124.9798      61.1048       -193.3676     
     2400.0000     40.1653       133.8386      -174.4507     128.4539      69.0910       -218.7152     
     2600.0000     40.4897       141.9068      -200.4683     131.6827      77.1592       -244.7328     
 -----------------------------------------------------------------------------------------------------


 ====================================================================================================
   THERMO TABLE FOR MOLECULE CHCHCH3
 ====================================================================================================
   Elemental Composition:
     C 3.0000
     H 5.0000
   Formation Enthalpy at 298K =          64.7476 kcal/mol
   Formation Free Gibbs Energy at 298K = 44.2645 kcal/mol
   Molecular Weight =                    41.0730 kg/kmol
 -----------------------------------------------------------------------------------------------------
   Temperature       Cp             H             G            S             DH            DG         
       [K]       [cal/mol/K]    [kcal/mol]    [kcal/mol]  [cal/(mol-K)]  [kcal/mol]     [kcal/mol]    
 -----------------------------------------------------------------------------------------------------
     300.0000      15.5420       64.7786       44.1270       68.8389       0.0310        -0.1376       
     600.0000      24.1210       70.7656       21.3684       82.3286       6.0180        -22.8961      
     800.0000      28.6540       76.0643       4.1292        89.9189       11.3167       -40.1354      
     1000.0000     31.6783       82.1266       -14.5435      96.6702       17.3790       -58.8081      
     1200.0000     33.6592       88.6647       -34.4851      102.6249      23.9171       -78.7496      
     1400.0000     35.3755       95.5727       -55.5514      107.9458      30.8251       -99.8159      
     1600.0000     36.8259       102.7972      -77.6302      112.7671      38.0496       -121.8947     
     1800.0000     38.0155       110.2856      -100.6308     117.1758      45.5380       -144.8953     
     2000.0000     38.9556       117.9868      -124.4771     121.2319      53.2392       -168.7416     
     2200.0000     39.6642       125.8524      -149.1030     124.9798      61.1048       -193.3676     
     2400.0000     40.1653       133.8386      -174.4507     128.4539      69.0910       -218.7152     
     2600.0000     40.4897       141.9068      -200.4683     131.6827      77.1592       -244.7328     
 -----------------------------------------------------------------------------------------------------


 ====================================================================================================
   THERMO TABLE FOR MOLECULE NC3H7
 ====================================================================================================
   Elemental Composition:
     C 3.0000
     H 7.0000
   Formation Enthalpy at 298K =          22.5956 kcal/mol
   Formation Free Gibbs Energy at 298K = 2.0058 kcal/mol
   Molecular Weight =                    43.0890 kg/kmol
 -----------------------------------------------------------------------------------------------------
   Temperature       Cp             H             G            S             DH            DG         
       [K]       [cal/mol/K]    [kcal/mol]    [kcal/mol]  [cal/(mol-K)]  [kcal/mol]     [kcal/mol]    
 -----------------------------------------------------------------------------------------------------
     300.0000      18.1021       22.6318       1.8675        69.2143       0.0361        -0.1383       
     600.0000      29.2254       29.8346       -21.4116      85.4104       7.2390        -23.4174      
     800.0000      34.3707       36.2215       -39.4280      94.5619       13.6259       -41.4337      
     1000.0000     38.2943       43.5000       -59.1664      102.6664      20.9044       -61.1722      
     1200.0000     40.9749       51.4367       -80.4362      109.8941      28.8410       -82.4420      
     1400.0000     43.1023       59.8531       -103.0745     116.3768      37.2574       -105.0803     
     1600.0000     44.7404       68.6450       -126.9460     122.2444      46.0493       -128.9518     
     1800.0000     45.9531       77.7209       -151.9374     127.5879      55.1253       -153.9431     
     2000.0000     46.8041       87.0021       -177.9509     132.4765      64.4065       -179.9567     
     2200.0000     47.3572       96.4227       -204.9013     136.9655      73.8270       -206.9071     
     2400.0000     47.6763       105.9294      -232.7135     141.1012      83.3337       -234.7193     
     2600.0000     47.8252       115.4818      -261.3210     144.9242      92.8862       -263.3268     
 -----------------------------------------------------------------------------------------------------


 ====================================================================================================
   THERMO TABLE FOR MOLECULE IC3H7
 ====================================================================================================
   Elemental Composition:
     C 3.0000
     H 7.0000
   Formation Enthalpy at 298K =          19.1895 kcal/mol
   Formation Free Gibbs Energy at 298K = -0.6726 kcal/mol
   Molecular Weight =                    43.0890 kg/kmol
 -----------------------------------------------------------------------------------------------------
   Temperature       Cp             H             G            S             DH            DG         
       [K]       [cal/mol/K]    [kcal/mol]    [kcal/mol]  [cal/(mol-K)]  [kcal/mol]     [kcal/mol]    
 -----------------------------------------------------------------------------------------------------
     300.0000      18.0085       19.2254       -0.8061       66.7716       0.0359        -0.1334       
     600.0000      29.3046       26.4301       -23.3488      82.9648       7.2406        -22.6762      
     800.0000      34.4879       32.8374       -40.8789      92.1455       13.6479       -40.2063      
     1000.0000     38.4189       40.1403       -60.1369      100.2771      20.9508       -59.4642      
     1200.0000     41.0921       48.1010       -80.9311      107.5268      28.9115       -80.2585      
     1400.0000     43.2171       56.5406       -103.0978     114.0274      37.3511       -102.4252     
     1600.0000     44.8568       65.3555       -126.5010     119.9103      46.1660       -125.8284     
     1800.0000     46.0740       74.4551       -151.0269     125.2678      55.2656       -150.3543     
     2000.0000     46.9315       83.7611       -176.5778     130.1694      64.5716       -175.9051     
     2200.0000     47.4922       93.2079       -203.0681     134.6709      74.0184       -202.3954     
     2400.0000     47.8189       102.7424      -230.4226     138.8187      83.5529       -229.7499     
     2600.0000     47.9745       112.3241      -258.5747     142.6534      93.1346       -257.9020     
 -----------------------------------------------------------------------------------------------------


 ====================================================================================================
   THERMO TABLE FOR MOLECULE C4H3
 ====================================================================================================
   Elemental Composition:
     C 4.0000
     H 3.0000
   Formation Enthalpy at 298K =          129.8801 kcal/mol
   Formation Free Gibbs Energy at 298K = 109.3014 kcal/mol
   Molecular Weight =                    51.0680 kg/kmol
 -----------------------------------------------------------------------------------------------------
   Temperature       Cp             H             G            S             DH            DG         
       [K]       [cal/mol/K]    [kcal/mol]    [kcal/mol]  [cal/(mol-K)]  [kcal/mol]     [kcal/mol]    
 -----------------------------------------------------------------------------------------------------
     300.0000      18.0248       129.9161      109.1631      69.1765       0.0360        -0.1382       
     600.0000      25.4092       136.5081      86.0417       84.1106       6.6280        -23.2597      
     800.0000      28.5599       141.9284      68.4200       91.8855       12.0483       -40.8814      
     1000.0000     30.4633       147.8482      49.3658       98.4824       17.9681       -59.9356      
     1200.0000     31.7980       154.0773      29.0886       104.1572      24.1972       -80.2127      
     1400.0000     32.9493       160.5551      7.7483        109.1478      30.6750       -101.5531     
     1600.0000     33.9166       167.2448      -14.5355      113.6127      37.3647       -123.8369     
     1800.0000     34.7039       174.1098      -37.6687      117.6547      44.2297       -146.9700     
     2000.0000     35.3194       181.1149      -61.5740      121.3444      51.2348       -170.8754     
     2200.0000     35.7758       188.2269      -86.1864      124.7333      58.3468       -195.4878     
     2400.0000     36.0900       195.4157      -111.4499     127.8607      65.5356       -220.7513     
     2600.0000     36.2836       202.6549      -137.3153     130.7578      72.7748       -246.6167     
 -----------------------------------------------------------------------------------------------------


 ====================================================================================================
   THERMO TABLE FOR MOLECULE C4H5
 ====================================================================================================
   Elemental Composition:
     C 4.0000
     H 5.0000
   Formation Enthalpy at 298K =          86.0911 kcal/mol
   Formation Free Gibbs Energy at 298K = 64.3180 kcal/mol
   Molecular Weight =                    53.0840 kg/kmol
 -----------------------------------------------------------------------------------------------------
   Temperature       Cp             H             G            S             DH            DG         
       [K]       [cal/mol/K]    [kcal/mol]    [kcal/mol]  [cal/(mol-K)]  [kcal/mol]     [kcal/mol]    
 -----------------------------------------------------------------------------------------------------
     300.0000      19.3817       86.1298       64.1717       73.1934       0.0387        -0.1463       
     600.0000      30.5429       93.7039       39.5565       90.2457       7.6128        -24.7615      
     800.0000      35.7620       100.3680      20.5317       99.7954       14.2769       -43.7863      
     1000.0000     38.8869       107.8685      -0.2823       108.1508      21.7775       -64.6003      
     1200.0000     40.8069       115.8426      -22.6550      115.4146      29.7515       -86.9730      
     1400.0000     42.4468       124.1726      -46.3919      121.8318      38.0815       -110.7099     
     1600.0000     43.8067       132.8026      -71.3441      127.5917      46.7115       -135.6621     
     1800.0000     44.8934       141.6771      -97.3930      132.8167      55.5860       -161.7110     
     2000.0000     45.7205       150.7426      -124.4408     137.5917      64.6515       -188.7588     
     2200.0000     46.3085       159.9493      -152.4039     141.9787      73.8582       -216.7219     
     2400.0000     46.6846       169.2519      -181.2096     146.0256      83.1608       -245.5276     
     2600.0000     46.8832       178.6113      -210.7941     149.7713      92.5202       -275.1121     
 -----------------------------------------------------------------------------------------------------


 ====================================================================================================
   THERMO TABLE FOR MOLECULE SC4H7
 ====================================================================================================
   Elemental Composition:
     C 4.0000
     H 7.0000
   Formation Enthalpy at 298K =          31.9845 kcal/mol
   Formation Free Gibbs Energy at 298K = 10.3191 kcal/mol
   Molecular Weight =                    55.1000 kg/kmol
 -----------------------------------------------------------------------------------------------------
   Temperature       Cp             H             G            S             DH            DG         
       [K]       [cal/mol/K]    [kcal/mol]    [kcal/mol]  [cal/(mol-K)]  [kcal/mol]     [kcal/mol]    
 -----------------------------------------------------------------------------------------------------
     300.0000      20.0513       32.0245       10.1735       72.8367       0.0400        -0.1455       
     600.0000      33.7956       40.2572       -14.5275      91.3078       8.2726        -24.8466      
     800.0000      39.9156       47.6625       -33.8715      101.9175      15.6780       -44.1905      
     1000.0000     44.2663       56.1055       -55.2139      111.3194      24.1209       -65.5330      
     1200.0000     47.5374       65.2984       -78.3304      119.6907      33.3139       -88.6495      
     1400.0000     50.0967       75.0730       -103.0342     127.2194      43.0884       -113.3532     
     1600.0000     52.0307       85.2954       -129.1711     134.0416      53.3109       -139.4902     
     1800.0000     53.4261       95.8493       -156.6103     140.2553      63.8648       -166.9293     
     2000.0000     54.3694       106.6357      -185.2378     145.9367      74.6512       -195.5569     
     2200.0000     54.9470       117.5727      -214.9537     151.1484      85.5882       -225.2727     
     2400.0000     55.2456       128.5959      -245.6694     155.9439      96.6114       -255.9885     
     2600.0000     55.3518       139.6581      -277.3067     160.3711      107.6736      -287.6257     
 -----------------------------------------------------------------------------------------------------


 ====================================================================================================
   THERMO TABLE FOR MOLECULE IC4H7
 ====================================================================================================
   Elemental Composition:
     C 4.0000
     H 7.0000
   Formation Enthalpy at 298K =          29.6898 kcal/mol
   Formation Free Gibbs Energy at 298K = 7.8386 kcal/mol
   Molecular Weight =                    55.1000 kg/kmol
 -----------------------------------------------------------------------------------------------------
   Temperature       Cp             H             G            S             DH            DG         
       [K]       [cal/mol/K]    [kcal/mol]    [kcal/mol]  [cal/(mol-K)]  [kcal/mol]     [kcal/mol]    
 -----------------------------------------------------------------------------------------------------
     300.0000      21.9404       29.7336       7.6918        73.4724       0.0438        -0.1468       
     600.0000      35.0473       38.3304       -17.3558      92.8102       8.6406        -25.1944      
     800.0000      42.0422       46.0702       -37.0458      103.8950      16.3805       -44.8844      
     1000.0000     47.1131       55.0175       -58.8391      113.8566      25.3278       -66.6777      
     1200.0000     50.8010       64.8239       -82.5192      122.7859      35.1342       -90.3578      
     1400.0000     53.6447       75.2817       -107.8952     130.8407      45.5919       -115.7339     
     1600.0000     55.7516       86.2327       -134.8058     138.1491      56.5429       -142.6444     
     1800.0000     57.2291       97.5404       -163.1115     144.8066      67.8506       -170.9502     
     2000.0000     58.1846       109.0895      -192.6902     150.8898      79.3998       -200.5288     
     2200.0000     58.7254       120.7865      -223.4335     156.4637      91.0968       -231.2722     
     2400.0000     58.9592       132.5592      -255.2455     161.5853      102.8695      -263.0841     
     2600.0000     58.9931       144.3569      -288.0410     166.3069      114.6671      -295.8796     
 -----------------------------------------------------------------------------------------------------


 ====================================================================================================
   THERMO TABLE FOR MOLECULE CH2C3H5
 ====================================================================================================
   Elemental Composition:
     C 4.0000
     H 7.0000
   Formation Enthalpy at 298K =          47.9841 kcal/mol
   Formation Free Gibbs Energy at 298K = 25.6628 kcal/mol
   Molecular Weight =                    55.1000 kg/kmol
 -----------------------------------------------------------------------------------------------------
   Temperature       Cp             H             G            S             DH            DG         
       [K]       [cal/mol/K]    [kcal/mol]    [kcal/mol]  [cal/(mol-K)]  [kcal/mol]     [kcal/mol]    
 -----------------------------------------------------------------------------------------------------
     300.0000      20.0789       48.0242       25.5128       75.0378       0.0400        -0.1499       
     600.0000      33.4345       56.1880       0.1686        93.3656       8.2039        -25.4942      
     800.0000      39.5951       63.5230       -19.5761      103.8739      15.5389       -45.2389      
     1000.0000     44.0371       71.9115       -41.3031      113.2146      23.9274       -66.9659      
     1200.0000     47.3574       81.0639       -64.7947      121.5489      33.0798       -90.4575      
     1400.0000     49.9418       90.8054       -89.8674      129.0520      42.8213       -115.5302     
     1600.0000     51.8814       100.9977      -116.3688     135.8541      53.0136       -142.0316     
     1800.0000     53.2671       111.5210      -144.1687     142.0498      63.5369       -169.8314     
     2000.0000     54.1899       122.2737      -173.1533     147.7135      74.2895       -198.8161     
     2200.0000     54.7409       133.1722      -203.2227     152.9068      85.1881       -228.8855     
     2400.0000     55.0111       144.1513      -234.2882     157.6831      96.1672       -259.9510     
     2600.0000     55.0913       155.1640      -266.2714     162.0905      107.1798      -291.9342     
 -----------------------------------------------------------------------------------------------------


 ====================================================================================================
   THERMO TABLE FOR MOLECULE CYC5H5
 ====================================================================================================
   Elemental Composition:
     C 5.0000
     H 5.0000
   Formation Enthalpy at 298K =          62.4905 kcal/mol
   Formation Free Gibbs Energy at 298K = 43.5820 kcal/mol
   Molecular Weight =                    65.0950 kg/kmol
 -----------------------------------------------------------------------------------------------------
   Temperature       Cp             H             G            S             DH            DG         
       [K]       [cal/mol/K]    [kcal/mol]    [kcal/mol]  [cal/(mol-K)]  [kcal/mol]     [kcal/mol]    
 -----------------------------------------------------------------------------------------------------
     300.0000      20.2982       62.5309       43.4550       63.5866       0.0405        -0.1270       
     600.0000      31.9369       70.6186       21.5301       81.8141       8.1281        -22.0519      
     800.0000      37.0353       77.5209       4.1550        91.7074       15.0304       -39.4270      
     1000.0000     41.5138       85.4001       -15.0794      100.4795      22.9096       -58.6614      
     1200.0000     44.5502       94.0201       -35.9749      108.3292      31.5296       -79.5569      
     1400.0000     46.8544       103.1714      -58.3578      115.3780      40.6809       -101.9398     
     1600.0000     48.5833       112.7235      -82.0812      121.7530      50.2331       -125.6633     
     1800.0000     49.8726       122.5754      -107.0207     127.5534      60.0850       -150.6028     
     2000.0000     50.8367       132.6509      -133.0697     132.8603      70.1605       -176.6518     
     2200.0000     51.5689       142.8947      -160.1365     137.7415      80.4042       -203.7185     
     2400.0000     52.1413       153.2679      -188.1418     142.2540      90.7774       -231.7238     
     2600.0000     52.6048       163.7440      -217.0168     146.4465      101.2535      -260.5988     
 -----------------------------------------------------------------------------------------------------


 ====================================================================================================
   THERMO TABLE FOR MOLECULE C6H5
 ====================================================================================================
   Elemental Composition:
     C 6.0000
     H 5.0000
   Formation Enthalpy at 298K =          79.4325 kcal/mol
   Formation Free Gibbs Energy at 298K = 58.6273 kcal/mol
   Molecular Weight =                    77.1060 kg/kmol
 -----------------------------------------------------------------------------------------------------
   Temperature       Cp             H             G            S             DH            DG         
       [K]       [cal/mol/K]    [kcal/mol]    [kcal/mol]  [cal/(mol-K)]  [kcal/mol]     [kcal/mol]    
 -----------------------------------------------------------------------------------------------------
     300.0000      21.0144       79.4744       58.4876       69.9562       0.0419        -0.1398       
     600.0000      37.0510       88.3451       34.4606       89.8075       8.9126        -24.1668      
     800.0000      43.8977       96.4929       15.3088       101.4801      17.0604       -43.3185      
     1000.0000     47.7671       105.7042      -6.0370       111.7413      26.2717       -64.6644      
     1200.0000     50.2059       115.5068      -29.2979      120.6706      36.0743       -87.9252      
     1400.0000     52.3235       125.7652      -54.2371      128.5731      46.3327       -112.8645     
     1600.0000     54.1186       136.4147      -80.6743      135.6807      56.9822       -139.3017     
     1800.0000     55.5978       147.3915      -108.4665     142.1433      67.9590       -167.0938     
     2000.0000     56.7755       158.6337      -137.4956     148.0647      79.2012       -196.1230     
     2200.0000     57.6740       170.0831      -167.6614     153.5202      90.6506       -226.2887     
     2400.0000     58.3233       181.6867      -198.8766     158.5680      102.2542      -257.5039     
     2600.0000     58.7614       193.3983      -231.0645     163.2549      113.9658      -289.6919     
 -----------------------------------------------------------------------------------------------------


 ====================================================================================================
   THERMO TABLE FOR MOLECULE C7H7
 ====================================================================================================
   Elemental Composition:
     C 7.0000
     H 7.0000
   Formation Enthalpy at 298K =          47.7477 kcal/mol
   Formation Free Gibbs Energy at 298K = 25.8968 kcal/mol
   Molecular Weight =                    91.1330 kg/kmol
 -----------------------------------------------------------------------------------------------------
   Temperature       Cp             H             G            S             DH            DG         
       [K]       [cal/mol/K]    [kcal/mol]    [kcal/mol]  [cal/(mol-K)]  [kcal/mol]     [kcal/mol]    
 -----------------------------------------------------------------------------------------------------
     300.0000      26.2287       47.8000       25.7500       73.5000       0.0523        -0.1468       
     600.0000      46.2700       58.9338       -0.1190       98.4213       11.1861       -26.0158      
     800.0000      54.6149       69.0779       -21.2862      112.9551      21.3302       -47.1830      
     1000.0000     60.1310       80.5912       -45.1866      125.7778      32.8435       -71.0835      
     1200.0000     64.1484       93.0330       -71.4975      137.1087      45.2853       -97.3943      
     1400.0000     67.3777       106.1980      -99.9510      147.2493      58.4503       -125.8479     
     1600.0000     69.9050       119.9373      -130.3326     156.4187      72.1896       -156.2294     
     1800.0000     71.8163       134.1190      -162.4639     164.7683      86.3712       -188.3608     
     2000.0000     73.1975       148.6285      -196.1928     172.4106      100.8807      -222.0897     
     2200.0000     74.1347       163.3684      -231.3870     179.4342      115.6206      -257.2838     
     2400.0000     74.7140       178.2585      -267.9301     185.9119      130.5108      -293.8270     
     2600.0000     75.0212       193.2358      -305.7195     191.9059      145.4881      -331.6164     
 -----------------------------------------------------------------------------------------------------


 ====================================================================================================
   THERMO TABLE FOR MOLECULE C7H8
 ====================================================================================================
   Elemental Composition:
     C 7.0000
     H 8.0000
   Formation Enthalpy at 298K =          11.9505 kcal/mol
   Formation Free Gibbs Energy at 298K = -10.8568 kcal/mol
   Molecular Weight =                    92.1410 kg/kmol
 -----------------------------------------------------------------------------------------------------
   Temperature       Cp             H             G            S             DH            DG         
       [K]       [cal/mol/K]    [kcal/mol]    [kcal/mol]  [cal/(mol-K)]  [kcal/mol]     [kcal/mol]    
 -----------------------------------------------------------------------------------------------------
     300.0000      24.8235       12.0000       -11.0100      76.7000       0.0495        -0.1532       
     600.0000      46.6442       22.9866       -37.7395      101.2102      11.0361       -26.8827      
     800.0000      55.9940       33.3087       -59.4858      115.9931      21.3582       -48.6290      
     1000.0000     62.3436       45.1842       -84.0322      129.2164      33.2336       -73.1755      
     1200.0000     66.9762       58.1341       -111.0765     141.0088      46.1835       -100.2197     
     1400.0000     70.5955       71.9071       -140.3571     151.6173      59.9566       -129.5003     
     1600.0000     73.3254       86.3130       -171.6572     161.2314      74.3625       -160.8005     
     1800.0000     75.2897       101.1862      -204.7925     169.9882      89.2357       -193.9358     
     2000.0000     76.6121       116.3861      -239.6025     177.9943      104.4355      -228.7457     
     2200.0000     77.4165       131.7965      -275.9461     185.3375      119.8460      -265.0893     
     2400.0000     77.8266       147.3264      -313.6984     192.0937      135.3758      -302.8416     
     2600.0000     77.9663       162.9092      -352.7489     198.3300      150.9586      -341.8921     
 -----------------------------------------------------------------------------------------------------


 ====================================================================================================
   THERMO TABLE FOR MOLECULE INDENYL
 ====================================================================================================
   Elemental Composition:
     C 9.0000
     H 7.0000
   Formation Enthalpy at 298K =          74.9657 kcal/mol
   Formation Free Gibbs Energy at 298K = 51.9733 kcal/mol
   Molecular Weight =                    115.1550 kg/kmol
 -----------------------------------------------------------------------------------------------------
   Temperature       Cp             H             G            S             DH            DG         
       [K]       [cal/mol/K]    [kcal/mol]    [kcal/mol]  [cal/(mol-K)]  [kcal/mol]     [kcal/mol]    
 -----------------------------------------------------------------------------------------------------
     300.0000      29.0200       75.0235       51.8188       77.3489       0.0578        -0.1545       
     600.0000      53.5302       87.7428       24.2898       105.7551      12.7772       -27.6836      
     800.0000      63.6585       99.5264       1.4185        122.6349      24.5607       -50.5548      
     1000.0000     70.5689       112.9925      -24.6381      137.6306      38.0268       -76.6114      
     1200.0000     75.3732       127.6143      -53.5217      150.9467      52.6487       -105.4950     
     1400.0000     78.8192       143.0530      -84.9219      162.8392      68.0873       -136.8953     
     1600.0000     81.2138       159.0647      -118.5769     173.5260      84.0991       -170.5502     
     1800.0000     83.1381       175.5072      -154.2654     183.2070      100.5415      -206.2388     
     2000.0000     84.6623       192.2933      -191.8038     192.0486      117.3276      -243.7772     
     2200.0000     85.8508       209.3497      -231.0373     200.1759      134.3840      -283.0106     
     2400.0000     86.7628       226.6152      -271.8331     207.6868      151.6496      -323.8065     
     2600.0000     87.4518       244.0400      -314.0762     214.6601      169.0743      -366.0496     
 -----------------------------------------------------------------------------------------------------


 ====================================================================================================
   THERMO TABLE FOR MOLECULE INDENE
 ====================================================================================================
   Elemental Composition:
     C 9.0000
     H 8.0000
   Formation Enthalpy at 298K =          39.0410 kcal/mol
   Formation Free Gibbs Energy at 298K = 15.0512 kcal/mol
   Molecular Weight =                    116.1630 kg/kmol
 -----------------------------------------------------------------------------------------------------
   Temperature       Cp             H             G            S             DH            DG         
       [K]       [cal/mol/K]    [kcal/mol]    [kcal/mol]  [cal/(mol-K)]  [kcal/mol]     [kcal/mol]    
 -----------------------------------------------------------------------------------------------------
     300.0000      29.6105       39.1000       14.8900       80.7000       0.0590        -0.1612       
     600.0000      55.3199       52.1651       -13.7488      109.8564      13.1241       -28.8000      
     800.0000      66.1417       64.3815       -37.5017      127.3540      25.3405       -52.5529      
     1000.0000     73.3750       78.3825       -64.5627      142.9452      39.3415       -79.6139      
     1200.0000     78.6334       93.6030       -94.5639      156.8057      54.5620       -109.6151     
     1400.0000     82.7806       109.7618      -127.1910     169.2520      70.7208       -142.2422     
     1600.0000     85.9481       126.6499      -162.1864     180.5227      87.6089       -177.2377     
     1800.0000     88.2671       144.0845      -199.3331     190.7875      105.0435      -214.3843     
     2000.0000     89.8690       161.9089      -238.4431     200.1760      122.8679      -253.4943     
     2200.0000     90.8851       179.9930      -279.3521     208.7932      140.9520      -294.4033     
     2400.0000     91.4468       198.2327      -321.9149     216.7282      159.1917      -336.9661     
     2600.0000     91.6854       216.5502      -366.0031     224.0590      177.5092      -381.0543     
 -----------------------------------------------------------------------------------------------------


 ====================================================================================================
   THERMO TABLE FOR MOLECULE C6H5C2H
 ====================================================================================================
   Elemental Composition:
     C 8.0000
     H 6.0000
   Formation Enthalpy at 298K =          73.2957 kcal/mol
   Formation Free Gibbs Energy at 298K = 49.7401 kcal/mol
   Molecular Weight =                    102.1360 kg/kmol
 -----------------------------------------------------------------------------------------------------
   Temperature       Cp             H             G            S             DH            DG         
       [K]       [cal/mol/K]    [kcal/mol]    [kcal/mol]  [cal/(mol-K)]  [kcal/mol]     [kcal/mol]    
 -----------------------------------------------------------------------------------------------------
     300.0000      28.6577       73.3529       49.5818       79.2368       0.0571        -0.1583       
     600.0000      48.4654       85.2314       21.6983       105.8885      11.9356       -28.0418      
     800.0000      56.1681       95.7486       -1.0222       120.9635      22.4529       -50.7623      
     1000.0000     61.3234       107.5298      -26.5568      134.0866      34.2340       -76.2969      
     1200.0000     65.0204       120.1817      -54.5502      145.6100      46.8860       -104.2904     
     1400.0000     67.9027       133.4847      -84.7159      155.8575      60.1889       -134.4560     
     1600.0000     70.0329       147.2847      -116.8242     165.0681      73.9890       -166.5643     
     1800.0000     71.8008       161.4737      -150.6862     173.4221      88.1780       -200.4263     
     2000.0000     73.2557       175.9842      -186.1457     181.0649      102.6884      -235.8859     
     2200.0000     74.4432       190.7581      -223.0720     188.1046      117.4624      -272.8121     
     2400.0000     75.4053       205.7464      -261.3530     194.6247      132.4507      -311.0931     
     2600.0000     76.1803       220.9078      -300.8917     200.6921      147.6121      -350.6318     
 -----------------------------------------------------------------------------------------------------


 ====================================================================================================
   THERMO TABLE FOR MOLECULE C6H5C2H3
 ====================================================================================================
   Elemental Composition:
     C 8.0000
     H 8.0000
   Formation Enthalpy at 298K =          35.1412 kcal/mol
   Formation Free Gibbs Energy at 298K = 10.6148 kcal/mol
   Molecular Weight =                    104.1520 kg/kmol
 -----------------------------------------------------------------------------------------------------
   Temperature       Cp             H             G            S             DH            DG         
       [K]       [cal/mol/K]    [kcal/mol]    [kcal/mol]  [cal/(mol-K)]  [kcal/mol]     [kcal/mol]    
 -----------------------------------------------------------------------------------------------------
     300.0000      29.4896       35.2000       10.4500       82.5000       0.0588        -0.1648       
     600.0000      51.8593       47.6882       -18.5863      110.4575      12.5470       -29.2011      
     800.0000      61.2576       59.0607       -42.3401      126.7509      23.9195       -52.9549      
     1000.0000     67.5856       71.9866       -69.1598      141.1463      36.8454       -79.7746      
     1200.0000     72.2513       85.9870       -98.6886      153.8963      50.8458       -109.3034     
     1400.0000     75.9681       100.8238      -130.6304     165.3245      65.6826       -141.2452     
     1600.0000     78.8439       116.3182      -164.7460     175.6651      81.1769       -175.3608     
     1800.0000     80.9866       132.3125      -200.8350     185.0819      97.1713       -211.4498     
     2000.0000     82.5038       148.6711      -238.7255     193.6983      113.5299      -249.3403     
     2200.0000     83.5034       165.2795      -278.2675     201.6123      130.1383      -288.8823     
     2400.0000     84.0932       182.0451      -319.3290     208.9059      146.9039      -329.9438     
     2600.0000     84.3811       198.8967      -361.7932     215.6500      163.7555      -372.4080     
 -----------------------------------------------------------------------------------------------------


 ====================================================================================================
   THERMO TABLE FOR MOLECULE N2
 ====================================================================================================
   Elemental Composition:
     N 2.0000
   Formation Enthalpy at 298K =          -0.0007 kcal/mol
   Formation Free Gibbs Energy at 298K = -13.6385 kcal/mol
   Molecular Weight =                    28.0140 kg/kmol
 -----------------------------------------------------------------------------------------------------
   Temperature       Cp             H             G            S             DH            DG         
       [K]       [cal/mol/K]    [kcal/mol]    [kcal/mol]  [cal/(mol-K)]  [kcal/mol]     [kcal/mol]    
 -----------------------------------------------------------------------------------------------------
     300.0000      6.9485        0.0132        -13.7300      45.8108       0.0139        -0.0916       
     600.0000      7.1901        2.1285        -28.2849      50.6890       2.1292        -14.6465      
     800.0000      7.5026        3.5960        -38.6422      52.7977       3.5967        -25.0037      
     1000.0000     7.8295        5.1309        -49.3780      54.5089       5.1316        -35.7395      
     1200.0000     8.0555        6.7201        -60.4283      55.9570       6.7208        -46.7898      
     1400.0000     8.2395        8.3503        -71.7480      57.2131       8.3510        -58.1096      
     1600.0000     8.3880        10.0136       -83.3038      58.3234       10.0143       -69.6653      
     1800.0000     8.5065        11.7035       -95.0697      59.3184       11.7042       -81.4312      
     2000.0000     8.6005        13.4146       -107.0250     60.2198       13.4153       -93.3865      
     2200.0000     8.6746        15.1424       -119.1524     61.0431       15.1431       -105.5140     
     2400.0000     8.7331        16.8834       -131.4378     61.8005       16.8841       -117.7993     
     2600.0000     8.7796        18.6348       -143.8689     62.5014       18.6355       -130.2304     
 -----------------------------------------------------------------------------------------------------


