temperature;1000 K
pressure;2.0000000 atm
time;s
pressure;atm
profile;
0.0;2.000000000
0.1;1.900000000
0.2;2.000000000
0.3;2.100000000
0.4;2.000000000
0.5;1.900000000
0.6;2.000000000
