temperature;1050 K
pressure;1.0000000 atm
time;s
pressure;atm
profile;
0.0;1.000000000
0.1;0.800000000
0.2;0.600000000
0.3;0.400000000
0.4;0.200000000
0.5;0.100000000
0.6;0.100000000
