temperature;1000 K
pressure;1.0000000 atm
time;s
pressure;atm
profile;
0.0;1.000000000
0.1;1.100000000
0.2;1.200000000
0.3;1.300000000
0.4;1.400000000
0.5;1.500000000
0.6;1.500000000
